ISO-10303-21;
HEADER;
FILE_DESCRIPTION(('Open CASCADE Model'),'2;1');
FILE_NAME('Open CASCADE Shape Model','2026-10-01T17:04:00',('Author'),(
    'Open CASCADE'),'Open CASCADE STEP processor 7.9','Open CASCADE 7.9'
  ,'Unknown');
FILE_SCHEMA(('AUTOMOTIVE_DESIGN { 1 0 10303 214 1 1 1 1 }'));
ENDSEC;
DATA;
#1 = APPLICATION_PROTOCOL_DEFINITION('international standard',
  'automotive_design',2000,#2);
#2 = APPLICATION_CONTEXT(
  'core data for automotive mechanical design processes');
#3 = SHAPE_DEFINITION_REPRESENTATION(#4,#10);
#4 = PRODUCT_DEFINITION_SHAPE('','',#5);
#5 = PRODUCT_DEFINITION('design','',#6,#9);
#6 = PRODUCT_DEFINITION_FORMATION('','',#7);
#7 = PRODUCT('Open CASCADE STEP translator 7.9 5',
  'Open CASCADE STEP translator 7.9 5','',(#8));
#8 = PRODUCT_CONTEXT('',#2,'mechanical');
#9 = PRODUCT_DEFINITION_CONTEXT('part definition',#2,'design');
#10 = SHAPE_REPRESENTATION('',(#11,#15,#19,#23,#27,#31,#35,#39,#43,#47,
    #51,#55,#59,#63,#67,#71,#75,#79,#83,#87,#91,#95,#99,#103,#107,#111,
    #115,#119,#123,#127,#131,#135),#139);
#11 = AXIS2_PLACEMENT_3D('',#12,#13,#14);
#12 = CARTESIAN_POINT('',(0.,0.,0.));
#13 = DIRECTION('',(0.,0.,1.));
#14 = DIRECTION('',(1.,0.,-0.));
#15 = AXIS2_PLACEMENT_3D('',#16,#17,#18);
#16 = CARTESIAN_POINT('',(0.,0.,0.));
#17 = DIRECTION('',(0.,0.,1.));
#18 = DIRECTION('',(1.,0.,-0.));
#19 = AXIS2_PLACEMENT_3D('',#20,#21,#22);
#20 = CARTESIAN_POINT('',(0.,0.,0.));
#21 = DIRECTION('',(0.,0.,1.));
#22 = DIRECTION('',(1.,0.,0.));
#23 = AXIS2_PLACEMENT_3D('',#24,#25,#26);
#24 = CARTESIAN_POINT('',(0.,0.,0.));
#25 = DIRECTION('',(0.,0.,1.));
#26 = DIRECTION('',(1.,0.,0.));
#27 = AXIS2_PLACEMENT_3D('',#28,#29,#30);
#28 = CARTESIAN_POINT('',(0.,0.,0.));
#29 = DIRECTION('',(0.,0.,1.));
#30 = DIRECTION('',(1.,0.,0.));
#31 = AXIS2_PLACEMENT_3D('',#32,#33,#34);
#32 = CARTESIAN_POINT('',(0.,0.,0.));
#33 = DIRECTION('',(0.,0.,1.));
#34 = DIRECTION('',(1.,0.,0.));
#35 = AXIS2_PLACEMENT_3D('',#36,#37,#38);
#36 = CARTESIAN_POINT('',(0.,0.,0.));
#37 = DIRECTION('',(0.,0.,1.));
#38 = DIRECTION('',(1.,0.,0.));
#39 = AXIS2_PLACEMENT_3D('',#40,#41,#42);
#40 = CARTESIAN_POINT('',(0.,0.,0.));
#41 = DIRECTION('',(0.,0.,1.));
#42 = DIRECTION('',(1.,0.,-0.));
#43 = AXIS2_PLACEMENT_3D('',#44,#45,#46);
#44 = CARTESIAN_POINT('',(0.,0.,0.));
#45 = DIRECTION('',(0.,0.,1.));
#46 = DIRECTION('',(1.,0.,-0.));
#47 = AXIS2_PLACEMENT_3D('',#48,#49,#50);
#48 = CARTESIAN_POINT('',(0.,0.,0.));
#49 = DIRECTION('',(0.,0.,1.));
#50 = DIRECTION('',(1.,0.,0.));
#51 = AXIS2_PLACEMENT_3D('',#52,#53,#54);
#52 = CARTESIAN_POINT('',(0.,0.,0.));
#53 = DIRECTION('',(0.,0.,1.));
#54 = DIRECTION('',(1.,0.,0.));
#55 = AXIS2_PLACEMENT_3D('',#56,#57,#58);
#56 = CARTESIAN_POINT('',(0.,0.,0.));
#57 = DIRECTION('',(0.,0.,1.));
#58 = DIRECTION('',(1.,0.,-0.));
#59 = AXIS2_PLACEMENT_3D('',#60,#61,#62);
#60 = CARTESIAN_POINT('',(0.,0.,0.));
#61 = DIRECTION('',(0.,0.,1.));
#62 = DIRECTION('',(1.,0.,0.));
#63 = AXIS2_PLACEMENT_3D('',#64,#65,#66);
#64 = CARTESIAN_POINT('',(0.,0.,0.));
#65 = DIRECTION('',(0.,0.,1.));
#66 = DIRECTION('',(1.,0.,0.));
#67 = AXIS2_PLACEMENT_3D('',#68,#69,#70);
#68 = CARTESIAN_POINT('',(0.,0.,0.));
#69 = DIRECTION('',(0.,0.,1.));
#70 = DIRECTION('',(1.,0.,-0.));
#71 = AXIS2_PLACEMENT_3D('',#72,#73,#74);
#72 = CARTESIAN_POINT('',(0.,0.,0.));
#73 = DIRECTION('',(0.,0.,1.));
#74 = DIRECTION('',(1.,0.,0.));
#75 = AXIS2_PLACEMENT_3D('',#76,#77,#78);
#76 = CARTESIAN_POINT('',(0.,0.,0.));
#77 = DIRECTION('',(0.,0.,1.));
#78 = DIRECTION('',(1.,0.,0.));
#79 = AXIS2_PLACEMENT_3D('',#80,#81,#82);
#80 = CARTESIAN_POINT('',(0.,0.,0.));
#81 = DIRECTION('',(0.,0.,1.));
#82 = DIRECTION('',(1.,0.,-0.));
#83 = AXIS2_PLACEMENT_3D('',#84,#85,#86);
#84 = CARTESIAN_POINT('',(0.,0.,0.));
#85 = DIRECTION('',(0.,0.,1.));
#86 = DIRECTION('',(1.,0.,0.));
#87 = AXIS2_PLACEMENT_3D('',#88,#89,#90);
#88 = CARTESIAN_POINT('',(0.,0.,0.));
#89 = DIRECTION('',(0.,0.,1.));
#90 = DIRECTION('',(1.,0.,0.));
#91 = AXIS2_PLACEMENT_3D('',#92,#93,#94);
#92 = CARTESIAN_POINT('',(0.,0.,0.));
#93 = DIRECTION('',(0.,0.,1.));
#94 = DIRECTION('',(1.,0.,-0.));
#95 = AXIS2_PLACEMENT_3D('',#96,#97,#98);
#96 = CARTESIAN_POINT('',(0.,0.,0.));
#97 = DIRECTION('',(0.,0.,1.));
#98 = DIRECTION('',(1.,0.,0.));
#99 = AXIS2_PLACEMENT_3D('',#100,#101,#102);
#100 = CARTESIAN_POINT('',(0.,0.,0.));
#101 = DIRECTION('',(0.,0.,1.));
#102 = DIRECTION('',(1.,0.,0.));
#103 = AXIS2_PLACEMENT_3D('',#104,#105,#106);
#104 = CARTESIAN_POINT('',(0.,0.,0.));
#105 = DIRECTION('',(0.,0.,1.));
#106 = DIRECTION('',(1.,0.,-0.));
#107 = AXIS2_PLACEMENT_3D('',#108,#109,#110);
#108 = CARTESIAN_POINT('',(0.,0.,0.));
#109 = DIRECTION('',(0.,0.,1.));
#110 = DIRECTION('',(1.,0.,0.));
#111 = AXIS2_PLACEMENT_3D('',#112,#113,#114);
#112 = CARTESIAN_POINT('',(0.,0.,0.));
#113 = DIRECTION('',(0.,0.,1.));
#114 = DIRECTION('',(1.,0.,0.));
#115 = AXIS2_PLACEMENT_3D('',#116,#117,#118);
#116 = CARTESIAN_POINT('',(0.,0.,0.));
#117 = DIRECTION('',(0.,0.,1.));
#118 = DIRECTION('',(1.,0.,-0.));
#119 = AXIS2_PLACEMENT_3D('',#120,#121,#122);
#120 = CARTESIAN_POINT('',(0.,0.,0.));
#121 = DIRECTION('',(0.,0.,1.));
#122 = DIRECTION('',(1.,0.,0.));
#123 = AXIS2_PLACEMENT_3D('',#124,#125,#126);
#124 = CARTESIAN_POINT('',(0.,0.,0.));
#125 = DIRECTION('',(0.,0.,1.));
#126 = DIRECTION('',(1.,0.,0.));
#127 = AXIS2_PLACEMENT_3D('',#128,#129,#130);
#128 = CARTESIAN_POINT('',(0.,0.,0.));
#129 = DIRECTION('',(0.,0.,1.));
#130 = DIRECTION('',(1.,0.,0.));
#131 = AXIS2_PLACEMENT_3D('',#132,#133,#134);
#132 = CARTESIAN_POINT('',(0.,0.,0.));
#133 = DIRECTION('',(0.,0.,1.));
#134 = DIRECTION('',(1.,0.,0.));
#135 = AXIS2_PLACEMENT_3D('',#136,#137,#138);
#136 = CARTESIAN_POINT('',(0.,0.,0.));
#137 = DIRECTION('',(0.,0.,1.));
#138 = DIRECTION('',(1.,0.,0.));
#139 = ( GEOMETRIC_REPRESENTATION_CONTEXT(3) 
GLOBAL_UNCERTAINTY_ASSIGNED_CONTEXT((#143)) GLOBAL_UNIT_ASSIGNED_CONTEXT
((#140,#141,#142)) REPRESENTATION_CONTEXT('Context #1',
  '3D Context with UNIT and UNCERTAINTY') );
#140 = ( LENGTH_UNIT() NAMED_UNIT(*) SI_UNIT(.MILLI.,.METRE.) );
#141 = ( NAMED_UNIT(*) PLANE_ANGLE_UNIT() SI_UNIT($,.RADIAN.) );
#142 = ( NAMED_UNIT(*) SI_UNIT($,.STERADIAN.) SOLID_ANGLE_UNIT() );
#143 = UNCERTAINTY_MEASURE_WITH_UNIT(LENGTH_MEASURE(1.E-07),#140,
  'distance_accuracy_value','confusion accuracy');
#144 = PRODUCT_RELATED_PRODUCT_CATEGORY('part',$,(#7));
#145 = SHAPE_DEFINITION_REPRESENTATION(#146,#152);
#146 = PRODUCT_DEFINITION_SHAPE('','',#147);
#147 = PRODUCT_DEFINITION('design','',#148,#151);
#148 = PRODUCT_DEFINITION_FORMATION('','',#149);
#149 = PRODUCT('Open CASCADE STEP translator 7.9 5.1',
  'Open CASCADE STEP translator 7.9 5.1','',(#150));
#150 = PRODUCT_CONTEXT('',#2,'mechanical');
#151 = PRODUCT_DEFINITION_CONTEXT('part definition',#2,'design');
#152 = ADVANCED_BREP_SHAPE_REPRESENTATION('',(#11,#153),#7475);
#153 = MANIFOLD_SOLID_BREP('',#154);
#154 = CLOSED_SHELL('',(#155,#275,#351,#3060,#3109,#5416,#5423,#5450,
    #5477,#5504,#5531,#5558,#5585,#5612,#5639,#5666,#5693,#5720,#5747,
    #5774,#5801,#5828,#5855,#5882,#5909,#5936,#5963,#5990,#6017,#6044,
    #6071,#6098,#6125,#6152,#6179,#6206,#6233,#6260,#6287,#6314,#6341,
    #6368,#6395,#6422,#6449,#6476,#6503,#6530,#6557,#6584,#6611,#6638,
    #6665,#6692,#6719,#6746,#6773,#6800,#6827,#6854,#6881,#6908,#6935,
    #6962,#6989,#7016,#7043,#7070,#7097,#7124,#7151,#7178,#7205,#7232,
    #7259,#7286,#7313,#7340,#7367,#7394,#7421,#7448));
#155 = ADVANCED_FACE('',(#156),#170,.F.);
#156 = FACE_BOUND('',#157,.F.);
#157 = EDGE_LOOP('',(#158,#193,#221,#249));
#158 = ORIENTED_EDGE('',*,*,#159,.F.);
#159 = EDGE_CURVE('',#160,#162,#164,.T.);
#160 = VERTEX_POINT('',#161);
#161 = CARTESIAN_POINT('',(0.,-73.05,0.));
#162 = VERTEX_POINT('',#163);
#163 = CARTESIAN_POINT('',(0.,-73.05,1.6));
#164 = SURFACE_CURVE('',#165,(#169,#181),.PCURVE_S1.);
#165 = LINE('',#166,#167);
#166 = CARTESIAN_POINT('',(0.,-73.05,0.));
#167 = VECTOR('',#168,1.);
#168 = DIRECTION('',(0.,0.,1.));
#169 = PCURVE('',#170,#175);
#170 = PLANE('',#171);
#171 = AXIS2_PLACEMENT_3D('',#172,#173,#174);
#172 = CARTESIAN_POINT('',(0.,-73.05,0.));
#173 = DIRECTION('',(1.,0.,0.));
#174 = DIRECTION('',(0.,0.,1.));
#175 = DEFINITIONAL_REPRESENTATION('',(#176),#180);
#176 = LINE('',#177,#178);
#177 = CARTESIAN_POINT('',(0.,0.));
#178 = VECTOR('',#179,1.);
#179 = DIRECTION('',(1.,0.));
#180 = ( GEOMETRIC_REPRESENTATION_CONTEXT(2) 
PARAMETRIC_REPRESENTATION_CONTEXT() REPRESENTATION_CONTEXT('2D SPACE',''
  ) );
#181 = PCURVE('',#182,#187);
#182 = PLANE('',#183);
#183 = AXIS2_PLACEMENT_3D('',#184,#185,#186);
#184 = CARTESIAN_POINT('',(0.,-73.05,0.));
#185 = DIRECTION('',(0.,1.,0.));
#186 = DIRECTION('',(0.,0.,1.));
#187 = DEFINITIONAL_REPRESENTATION('',(#188),#192);
#188 = LINE('',#189,#190);
#189 = CARTESIAN_POINT('',(0.,0.));
#190 = VECTOR('',#191,1.);
#191 = DIRECTION('',(1.,0.));
#192 = ( GEOMETRIC_REPRESENTATION_CONTEXT(2) 
PARAMETRIC_REPRESENTATION_CONTEXT() REPRESENTATION_CONTEXT('2D SPACE',''
  ) );
#193 = ORIENTED_EDGE('',*,*,#194,.T.);
#194 = EDGE_CURVE('',#160,#195,#197,.T.);
#195 = VERTEX_POINT('',#196);
#196 = CARTESIAN_POINT('',(0.,0.,0.));
#197 = SURFACE_CURVE('',#198,(#202,#209),.PCURVE_S1.);
#198 = LINE('',#199,#200);
#199 = CARTESIAN_POINT('',(0.,-73.05,0.));
#200 = VECTOR('',#201,1.);
#201 = DIRECTION('',(0.,1.,0.));
#202 = PCURVE('',#170,#203);
#203 = DEFINITIONAL_REPRESENTATION('',(#204),#208);
#204 = LINE('',#205,#206);
#205 = CARTESIAN_POINT('',(0.,0.));
#206 = VECTOR('',#207,1.);
#207 = DIRECTION('',(0.,-1.));
#208 = ( GEOMETRIC_REPRESENTATION_CONTEXT(2) 
PARAMETRIC_REPRESENTATION_CONTEXT() REPRESENTATION_CONTEXT('2D SPACE',''
  ) );
#209 = PCURVE('',#210,#215);
#210 = PLANE('',#211);
#211 = AXIS2_PLACEMENT_3D('',#212,#213,#214);
#212 = CARTESIAN_POINT('',(0.,-73.05,0.));
#213 = DIRECTION('',(0.,0.,1.));
#214 = DIRECTION('',(1.,0.,0.));
#215 = DEFINITIONAL_REPRESENTATION('',(#216),#220);
#216 = LINE('',#217,#218);
#217 = CARTESIAN_POINT('',(0.,0.));
#218 = VECTOR('',#219,1.);
#219 = DIRECTION('',(0.,1.));
#220 = ( GEOMETRIC_REPRESENTATION_CONTEXT(2) 
PARAMETRIC_REPRESENTATION_CONTEXT() REPRESENTATION_CONTEXT('2D SPACE',''
  ) );
#221 = ORIENTED_EDGE('',*,*,#222,.T.);
#222 = EDGE_CURVE('',#195,#223,#225,.T.);
#223 = VERTEX_POINT('',#224);
#224 = CARTESIAN_POINT('',(0.,0.,1.6));
#225 = SURFACE_CURVE('',#226,(#230,#237),.PCURVE_S1.);
#226 = LINE('',#227,#228);
#227 = CARTESIAN_POINT('',(0.,0.,0.));
#228 = VECTOR('',#229,1.);
#229 = DIRECTION('',(0.,0.,1.));
#230 = PCURVE('',#170,#231);
#231 = DEFINITIONAL_REPRESENTATION('',(#232),#236);
#232 = LINE('',#233,#234);
#233 = CARTESIAN_POINT('',(0.,-73.05));
#234 = VECTOR('',#235,1.);
#235 = DIRECTION('',(1.,0.));
#236 = ( GEOMETRIC_REPRESENTATION_CONTEXT(2) 
PARAMETRIC_REPRESENTATION_CONTEXT() REPRESENTATION_CONTEXT('2D SPACE',''
  ) );
#237 = PCURVE('',#238,#243);
#238 = PLANE('',#239);
#239 = AXIS2_PLACEMENT_3D('',#240,#241,#242);
#240 = CARTESIAN_POINT('',(0.,0.,0.));
#241 = DIRECTION('',(0.,1.,0.));
#242 = DIRECTION('',(0.,0.,1.));
#243 = DEFINITIONAL_REPRESENTATION('',(#244),#248);
#244 = LINE('',#245,#246);
#245 = CARTESIAN_POINT('',(0.,0.));
#246 = VECTOR('',#247,1.);
#247 = DIRECTION('',(1.,0.));
#248 = ( GEOMETRIC_REPRESENTATION_CONTEXT(2) 
PARAMETRIC_REPRESENTATION_CONTEXT() REPRESENTATION_CONTEXT('2D SPACE',''
  ) );
#249 = ORIENTED_EDGE('',*,*,#250,.F.);
#250 = EDGE_CURVE('',#162,#223,#251,.T.);
#251 = SURFACE_CURVE('',#252,(#256,#263),.PCURVE_S1.);
#252 = LINE('',#253,#254);
#253 = CARTESIAN_POINT('',(0.,-73.05,1.6));
#254 = VECTOR('',#255,1.);
#255 = DIRECTION('',(0.,1.,0.));
#256 = PCURVE('',#170,#257);
#257 = DEFINITIONAL_REPRESENTATION('',(#258),#262);
#258 = LINE('',#259,#260);
#259 = CARTESIAN_POINT('',(1.6,0.));
#260 = VECTOR('',#261,1.);
#261 = DIRECTION('',(0.,-1.));
#262 = ( GEOMETRIC_REPRESENTATION_CONTEXT(2) 
PARAMETRIC_REPRESENTATION_CONTEXT() REPRESENTATION_CONTEXT('2D SPACE',''
  ) );
#263 = PCURVE('',#264,#269);
#264 = PLANE('',#265);
#265 = AXIS2_PLACEMENT_3D('',#266,#267,#268);
#266 = CARTESIAN_POINT('',(0.,-73.05,1.6));
#267 = DIRECTION('',(0.,0.,1.));
#268 = DIRECTION('',(1.,0.,0.));
#269 = DEFINITIONAL_REPRESENTATION('',(#270),#274);
#270 = LINE('',#271,#272);
#271 = CARTESIAN_POINT('',(0.,0.));
#272 = VECTOR('',#273,1.);
#273 = DIRECTION('',(0.,1.));
#274 = ( GEOMETRIC_REPRESENTATION_CONTEXT(2) 
PARAMETRIC_REPRESENTATION_CONTEXT() REPRESENTATION_CONTEXT('2D SPACE',''
  ) );
#275 = ADVANCED_FACE('',(#276),#182,.F.);
#276 = FACE_BOUND('',#277,.F.);
#277 = EDGE_LOOP('',(#278,#301,#302,#325));
#278 = ORIENTED_EDGE('',*,*,#279,.F.);
#279 = EDGE_CURVE('',#160,#280,#282,.T.);
#280 = VERTEX_POINT('',#281);
#281 = CARTESIAN_POINT('',(84.,-73.05,0.));
#282 = SURFACE_CURVE('',#283,(#287,#294),.PCURVE_S1.);
#283 = LINE('',#284,#285);
#284 = CARTESIAN_POINT('',(0.,-73.05,0.));
#285 = VECTOR('',#286,1.);
#286 = DIRECTION('',(1.,0.,0.));
#287 = PCURVE('',#182,#288);
#288 = DEFINITIONAL_REPRESENTATION('',(#289),#293);
#289 = LINE('',#290,#291);
#290 = CARTESIAN_POINT('',(0.,0.));
#291 = VECTOR('',#292,1.);
#292 = DIRECTION('',(0.,1.));
#293 = ( GEOMETRIC_REPRESENTATION_CONTEXT(2) 
PARAMETRIC_REPRESENTATION_CONTEXT() REPRESENTATION_CONTEXT('2D SPACE',''
  ) );
#294 = PCURVE('',#210,#295);
#295 = DEFINITIONAL_REPRESENTATION('',(#296),#300);
#296 = LINE('',#297,#298);
#297 = CARTESIAN_POINT('',(0.,0.));
#298 = VECTOR('',#299,1.);
#299 = DIRECTION('',(1.,0.));
#300 = ( GEOMETRIC_REPRESENTATION_CONTEXT(2) 
PARAMETRIC_REPRESENTATION_CONTEXT() REPRESENTATION_CONTEXT('2D SPACE',''
  ) );
#301 = ORIENTED_EDGE('',*,*,#159,.T.);
#302 = ORIENTED_EDGE('',*,*,#303,.T.);
#303 = EDGE_CURVE('',#162,#304,#306,.T.);
#304 = VERTEX_POINT('',#305);
#305 = CARTESIAN_POINT('',(84.,-73.05,1.6));
#306 = SURFACE_CURVE('',#307,(#311,#318),.PCURVE_S1.);
#307 = LINE('',#308,#309);
#308 = CARTESIAN_POINT('',(0.,-73.05,1.6));
#309 = VECTOR('',#310,1.);
#310 = DIRECTION('',(1.,0.,0.));
#311 = PCURVE('',#182,#312);
#312 = DEFINITIONAL_REPRESENTATION('',(#313),#317);
#313 = LINE('',#314,#315);
#314 = CARTESIAN_POINT('',(1.6,0.));
#315 = VECTOR('',#316,1.);
#316 = DIRECTION('',(0.,1.));
#317 = ( GEOMETRIC_REPRESENTATION_CONTEXT(2) 
PARAMETRIC_REPRESENTATION_CONTEXT() REPRESENTATION_CONTEXT('2D SPACE',''
  ) );
#318 = PCURVE('',#264,#319);
#319 = DEFINITIONAL_REPRESENTATION('',(#320),#324);
#320 = LINE('',#321,#322);
#321 = CARTESIAN_POINT('',(0.,0.));
#322 = VECTOR('',#323,1.);
#323 = DIRECTION('',(1.,0.));
#324 = ( GEOMETRIC_REPRESENTATION_CONTEXT(2) 
PARAMETRIC_REPRESENTATION_CONTEXT() REPRESENTATION_CONTEXT('2D SPACE',''
  ) );
#325 = ORIENTED_EDGE('',*,*,#326,.F.);
#326 = EDGE_CURVE('',#280,#304,#327,.T.);
#327 = SURFACE_CURVE('',#328,(#332,#339),.PCURVE_S1.);
#328 = LINE('',#329,#330);
#329 = CARTESIAN_POINT('',(84.,-73.05,0.));
#330 = VECTOR('',#331,1.);
#331 = DIRECTION('',(0.,0.,1.));
#332 = PCURVE('',#182,#333);
#333 = DEFINITIONAL_REPRESENTATION('',(#334),#338);
#334 = LINE('',#335,#336);
#335 = CARTESIAN_POINT('',(0.,84.));
#336 = VECTOR('',#337,1.);
#337 = DIRECTION('',(1.,0.));
#338 = ( GEOMETRIC_REPRESENTATION_CONTEXT(2) 
PARAMETRIC_REPRESENTATION_CONTEXT() REPRESENTATION_CONTEXT('2D SPACE',''
  ) );
#339 = PCURVE('',#340,#345);
#340 = PLANE('',#341);
#341 = AXIS2_PLACEMENT_3D('',#342,#343,#344);
#342 = CARTESIAN_POINT('',(84.,-73.05,0.));
#343 = DIRECTION('',(1.,0.,0.));
#344 = DIRECTION('',(0.,0.,1.));
#345 = DEFINITIONAL_REPRESENTATION('',(#346),#350);
#346 = LINE('',#347,#348);
#347 = CARTESIAN_POINT('',(0.,0.));
#348 = VECTOR('',#349,1.);
#349 = DIRECTION('',(1.,0.));
#350 = ( GEOMETRIC_REPRESENTATION_CONTEXT(2) 
PARAMETRIC_REPRESENTATION_CONTEXT() REPRESENTATION_CONTEXT('2D SPACE',''
  ) );
#351 = ADVANCED_FACE('',(#352,#400,#435,#470,#505,#540,#575,#610,#645,
    #680,#715,#750,#785,#820,#855,#890,#925,#960,#995,#1030,#1065,#1100,
    #1135,#1170,#1205,#1240,#1275,#1310,#1345,#1380,#1415,#1450,#1485,
    #1520,#1555,#1590,#1625,#1660,#1695,#1730,#1765,#1800,#1835,#1870,
    #1905,#1940,#1975,#2010,#2045,#2080,#2115,#2150,#2185,#2220,#2255,
    #2290,#2325,#2360,#2395,#2430,#2465,#2500,#2535,#2570,#2605,#2640,
    #2675,#2710,#2745,#2780,#2815,#2850,#2885,#2920,#2955,#2990,#3025),
  #264,.T.);
#352 = FACE_BOUND('',#353,.T.);
#353 = EDGE_LOOP('',(#354,#355,#356,#379));
#354 = ORIENTED_EDGE('',*,*,#250,.F.);
#355 = ORIENTED_EDGE('',*,*,#303,.T.);
#356 = ORIENTED_EDGE('',*,*,#357,.T.);
#357 = EDGE_CURVE('',#304,#358,#360,.T.);
#358 = VERTEX_POINT('',#359);
#359 = CARTESIAN_POINT('',(84.,0.,1.6));
#360 = SURFACE_CURVE('',#361,(#365,#372),.PCURVE_S1.);
#361 = LINE('',#362,#363);
#362 = CARTESIAN_POINT('',(84.,-73.05,1.6));
#363 = VECTOR('',#364,1.);
#364 = DIRECTION('',(0.,1.,0.));
#365 = PCURVE('',#264,#366);
#366 = DEFINITIONAL_REPRESENTATION('',(#367),#371);
#367 = LINE('',#368,#369);
#368 = CARTESIAN_POINT('',(84.,0.));
#369 = VECTOR('',#370,1.);
#370 = DIRECTION('',(0.,1.));
#371 = ( GEOMETRIC_REPRESENTATION_CONTEXT(2) 
PARAMETRIC_REPRESENTATION_CONTEXT() REPRESENTATION_CONTEXT('2D SPACE',''
  ) );
#372 = PCURVE('',#340,#373);
#373 = DEFINITIONAL_REPRESENTATION('',(#374),#378);
#374 = LINE('',#375,#376);
#375 = CARTESIAN_POINT('',(1.6,0.));
#376 = VECTOR('',#377,1.);
#377 = DIRECTION('',(0.,-1.));
#378 = ( GEOMETRIC_REPRESENTATION_CONTEXT(2) 
PARAMETRIC_REPRESENTATION_CONTEXT() REPRESENTATION_CONTEXT('2D SPACE',''
  ) );
#379 = ORIENTED_EDGE('',*,*,#380,.F.);
#380 = EDGE_CURVE('',#223,#358,#381,.T.);
#381 = SURFACE_CURVE('',#382,(#386,#393),.PCURVE_S1.);
#382 = LINE('',#383,#384);
#383 = CARTESIAN_POINT('',(0.,0.,1.6));
#384 = VECTOR('',#385,1.);
#385 = DIRECTION('',(1.,0.,0.));
#386 = PCURVE('',#264,#387);
#387 = DEFINITIONAL_REPRESENTATION('',(#388),#392);
#388 = LINE('',#389,#390);
#389 = CARTESIAN_POINT('',(0.,73.05));
#390 = VECTOR('',#391,1.);
#391 = DIRECTION('',(1.,0.));
#392 = ( GEOMETRIC_REPRESENTATION_CONTEXT(2) 
PARAMETRIC_REPRESENTATION_CONTEXT() REPRESENTATION_CONTEXT('2D SPACE',''
  ) );
#393 = PCURVE('',#238,#394);
#394 = DEFINITIONAL_REPRESENTATION('',(#395),#399);
#395 = LINE('',#396,#397);
#396 = CARTESIAN_POINT('',(1.6,0.));
#397 = VECTOR('',#398,1.);
#398 = DIRECTION('',(0.,1.));
#399 = ( GEOMETRIC_REPRESENTATION_CONTEXT(2) 
PARAMETRIC_REPRESENTATION_CONTEXT() REPRESENTATION_CONTEXT('2D SPACE',''
  ) );
#400 = FACE_BOUND('',#401,.T.);
#401 = EDGE_LOOP('',(#402));
#402 = ORIENTED_EDGE('',*,*,#403,.T.);
#403 = EDGE_CURVE('',#404,#404,#406,.T.);
#404 = VERTEX_POINT('',#405);
#405 = CARTESIAN_POINT('',(5.1001168,-69.550026,1.6));
#406 = SURFACE_CURVE('',#407,(#412,#423),.PCURVE_S1.);
#407 = CIRCLE('',#408,1.5999968);
#408 = AXIS2_PLACEMENT_3D('',#409,#410,#411);
#409 = CARTESIAN_POINT('',(3.50012,-69.550026,1.6));
#410 = DIRECTION('',(0.,0.,-1.));
#411 = DIRECTION('',(1.,0.,0.));
#412 = PCURVE('',#264,#413);
#413 = DEFINITIONAL_REPRESENTATION('',(#414),#422);
#414 = ( BOUNDED_CURVE() B_SPLINE_CURVE(2,(#415,#416,#417,#418,#419,#420
,#421),.UNSPECIFIED.,.T.,.F.) B_SPLINE_CURVE_WITH_KNOTS((1,2,2,2,2,1),(
    -2.094395102393,0.,2.094395102393,4.188790204786,6.28318530718,
8.377580409573),.UNSPECIFIED.) CURVE() GEOMETRIC_REPRESENTATION_ITEM() 
RATIONAL_B_SPLINE_CURVE((1.,0.5,1.,0.5,1.,0.5,1.)) REPRESENTATION_ITEM(
  '') );
#415 = CARTESIAN_POINT('',(5.1001168,3.499974));
#416 = CARTESIAN_POINT('',(5.1001168,0.728698250452));
#417 = CARTESIAN_POINT('',(2.7001216,2.114336125226));
#418 = CARTESIAN_POINT('',(0.3001264,3.499974));
#419 = CARTESIAN_POINT('',(2.7001216,4.885611874774));
#420 = CARTESIAN_POINT('',(5.1001168,6.271249749548));
#421 = CARTESIAN_POINT('',(5.1001168,3.499974));
#422 = ( GEOMETRIC_REPRESENTATION_CONTEXT(2) 
PARAMETRIC_REPRESENTATION_CONTEXT() REPRESENTATION_CONTEXT('2D SPACE',''
  ) );
#423 = PCURVE('',#424,#429);
#424 = CYLINDRICAL_SURFACE('',#425,1.5999968);
#425 = AXIS2_PLACEMENT_3D('',#426,#427,#428);
#426 = CARTESIAN_POINT('',(3.50012,-69.550026,-0.1));
#427 = DIRECTION('',(-0.,-0.,-1.));
#428 = DIRECTION('',(1.,0.,0.));
#429 = DEFINITIONAL_REPRESENTATION('',(#430),#434);
#430 = LINE('',#431,#432);
#431 = CARTESIAN_POINT('',(-6.28318530718,-1.7));
#432 = VECTOR('',#433,1.);
#433 = DIRECTION('',(1.,-0.));
#434 = ( GEOMETRIC_REPRESENTATION_CONTEXT(2) 
PARAMETRIC_REPRESENTATION_CONTEXT() REPRESENTATION_CONTEXT('2D SPACE',''
  ) );
#435 = FACE_BOUND('',#436,.T.);
#436 = EDGE_LOOP('',(#437));
#437 = ORIENTED_EDGE('',*,*,#438,.T.);
#438 = EDGE_CURVE('',#439,#439,#441,.T.);
#439 = VERTEX_POINT('',#440);
#440 = CARTESIAN_POINT('',(19.355816,-59.859926,1.6));
#441 = SURFACE_CURVE('',#442,(#447,#458),.PCURVE_S1.);
#442 = CIRCLE('',#443,0.8509);
#443 = AXIS2_PLACEMENT_3D('',#444,#445,#446);
#444 = CARTESIAN_POINT('',(18.504916,-59.859926,1.6));
#445 = DIRECTION('',(0.,0.,-1.));
#446 = DIRECTION('',(1.,0.,0.));
#447 = PCURVE('',#264,#448);
#448 = DEFINITIONAL_REPRESENTATION('',(#449),#457);
#449 = ( BOUNDED_CURVE() B_SPLINE_CURVE(2,(#450,#451,#452,#453,#454,#455
,#456),.UNSPECIFIED.,.T.,.F.) B_SPLINE_CURVE_WITH_KNOTS((1,2,2,2,2,1),(
    -2.094395102393,0.,2.094395102393,4.188790204786,6.28318530718,
8.377580409573),.UNSPECIFIED.) CURVE() GEOMETRIC_REPRESENTATION_ITEM() 
RATIONAL_B_SPLINE_CURVE((1.,0.5,1.,0.5,1.,0.5,1.)) REPRESENTATION_ITEM(
  '') );
#450 = CARTESIAN_POINT('',(19.355816,13.190074));
#451 = CARTESIAN_POINT('',(19.355816,11.71627196784));
#452 = CARTESIAN_POINT('',(18.079466,12.45317298392));
#453 = CARTESIAN_POINT('',(16.803116,13.190074));
#454 = CARTESIAN_POINT('',(18.079466,13.92697501608));
#455 = CARTESIAN_POINT('',(19.355816,14.66387603216));
#456 = CARTESIAN_POINT('',(19.355816,13.190074));
#457 = ( GEOMETRIC_REPRESENTATION_CONTEXT(2) 
PARAMETRIC_REPRESENTATION_CONTEXT() REPRESENTATION_CONTEXT('2D SPACE',''
  ) );
#458 = PCURVE('',#459,#464);
#459 = CYLINDRICAL_SURFACE('',#460,0.8509);
#460 = AXIS2_PLACEMENT_3D('',#461,#462,#463);
#461 = CARTESIAN_POINT('',(18.504916,-59.859926,-0.1));
#462 = DIRECTION('',(-0.,-0.,-1.));
#463 = DIRECTION('',(1.,0.,0.));
#464 = DEFINITIONAL_REPRESENTATION('',(#465),#469);
#465 = LINE('',#466,#467);
#466 = CARTESIAN_POINT('',(-6.28318530718,-1.7));
#467 = VECTOR('',#468,1.);
#468 = DIRECTION('',(1.,-0.));
#469 = ( GEOMETRIC_REPRESENTATION_CONTEXT(2) 
PARAMETRIC_REPRESENTATION_CONTEXT() REPRESENTATION_CONTEXT('2D SPACE',''
  ) );
#470 = FACE_BOUND('',#471,.T.);
#471 = EDGE_LOOP('',(#472));
#472 = ORIENTED_EDGE('',*,*,#473,.T.);
#473 = EDGE_CURVE('',#474,#474,#476,.T.);
#474 = VERTEX_POINT('',#475);
#475 = CARTESIAN_POINT('',(20.3259436,-57.319926,1.6));
#476 = SURFACE_CURVE('',#477,(#482,#493),.PCURVE_S1.);
#477 = CIRCLE('',#478,0.5500116);
#478 = AXIS2_PLACEMENT_3D('',#479,#480,#481);
#479 = CARTESIAN_POINT('',(19.775932,-57.319926,1.6));
#480 = DIRECTION('',(0.,0.,-1.));
#481 = DIRECTION('',(1.,0.,0.));
#482 = PCURVE('',#264,#483);
#483 = DEFINITIONAL_REPRESENTATION('',(#484),#492);
#484 = ( BOUNDED_CURVE() B_SPLINE_CURVE(2,(#485,#486,#487,#488,#489,#490
,#491),.UNSPECIFIED.,.T.,.F.) B_SPLINE_CURVE_WITH_KNOTS((1,2,2,2,2,1),(
    -2.094395102393,0.,2.094395102393,4.188790204786,6.28318530718,
8.377580409573),.UNSPECIFIED.) CURVE() GEOMETRIC_REPRESENTATION_ITEM() 
RATIONAL_B_SPLINE_CURVE((1.,0.5,1.,0.5,1.,0.5,1.)) REPRESENTATION_ITEM(
  '') );
#485 = CARTESIAN_POINT('',(20.3259436,15.730074));
#486 = CARTESIAN_POINT('',(20.3259436,14.777425964048));
#487 = CARTESIAN_POINT('',(19.5009262,15.253749982024));
#488 = CARTESIAN_POINT('',(18.6759088,15.730074));
#489 = CARTESIAN_POINT('',(19.5009262,16.206398017976));
#490 = CARTESIAN_POINT('',(20.3259436,16.682722035952));
#491 = CARTESIAN_POINT('',(20.3259436,15.730074));
#492 = ( GEOMETRIC_REPRESENTATION_CONTEXT(2) 
PARAMETRIC_REPRESENTATION_CONTEXT() REPRESENTATION_CONTEXT('2D SPACE',''
  ) );
#493 = PCURVE('',#494,#499);
#494 = CYLINDRICAL_SURFACE('',#495,0.5500116);
#495 = AXIS2_PLACEMENT_3D('',#496,#497,#498);
#496 = CARTESIAN_POINT('',(19.775932,-57.319926,-0.1));
#497 = DIRECTION('',(-0.,-0.,-1.));
#498 = DIRECTION('',(1.,0.,0.));
#499 = DEFINITIONAL_REPRESENTATION('',(#500),#504);
#500 = LINE('',#501,#502);
#501 = CARTESIAN_POINT('',(-6.28318530718,-1.7));
#502 = VECTOR('',#503,1.);
#503 = DIRECTION('',(1.,-0.));
#504 = ( GEOMETRIC_REPRESENTATION_CONTEXT(2) 
PARAMETRIC_REPRESENTATION_CONTEXT() REPRESENTATION_CONTEXT('2D SPACE',''
  ) );
#505 = FACE_BOUND('',#506,.T.);
#506 = EDGE_LOOP('',(#507));
#507 = ORIENTED_EDGE('',*,*,#508,.T.);
#508 = EDGE_CURVE('',#509,#509,#511,.T.);
#509 = VERTEX_POINT('',#510);
#510 = CARTESIAN_POINT('',(25.584912,-59.859926,1.6));
#511 = SURFACE_CURVE('',#512,(#517,#528),.PCURVE_S1.);
#512 = CIRCLE('',#513,1.999996);
#513 = AXIS2_PLACEMENT_3D('',#514,#515,#516);
#514 = CARTESIAN_POINT('',(23.584916,-59.859926,1.6));
#515 = DIRECTION('',(0.,0.,-1.));
#516 = DIRECTION('',(1.,0.,0.));
#517 = PCURVE('',#264,#518);
#518 = DEFINITIONAL_REPRESENTATION('',(#519),#527);
#519 = ( BOUNDED_CURVE() B_SPLINE_CURVE(2,(#520,#521,#522,#523,#524,#525
,#526),.UNSPECIFIED.,.T.,.F.) B_SPLINE_CURVE_WITH_KNOTS((1,2,2,2,2,1),(
    -2.094395102393,0.,2.094395102393,4.188790204786,6.28318530718,
8.377580409573),.UNSPECIFIED.) CURVE() GEOMETRIC_REPRESENTATION_ITEM() 
RATIONAL_B_SPLINE_CURVE((1.,0.5,1.,0.5,1.,0.5,1.)) REPRESENTATION_ITEM(
  '') );
#520 = CARTESIAN_POINT('',(25.584912,13.190074));
#521 = CARTESIAN_POINT('',(25.584912,9.725979313065));
#522 = CARTESIAN_POINT('',(22.584918,11.458026656533));
#523 = CARTESIAN_POINT('',(19.584924,13.190074));
#524 = CARTESIAN_POINT('',(22.584918,14.922121343467));
#525 = CARTESIAN_POINT('',(25.584912,16.654168686935));
#526 = CARTESIAN_POINT('',(25.584912,13.190074));
#527 = ( GEOMETRIC_REPRESENTATION_CONTEXT(2) 
PARAMETRIC_REPRESENTATION_CONTEXT() REPRESENTATION_CONTEXT('2D SPACE',''
  ) );
#528 = PCURVE('',#529,#534);
#529 = CYLINDRICAL_SURFACE('',#530,1.999996);
#530 = AXIS2_PLACEMENT_3D('',#531,#532,#533);
#531 = CARTESIAN_POINT('',(23.584916,-59.859926,-0.1));
#532 = DIRECTION('',(-0.,-0.,-1.));
#533 = DIRECTION('',(1.,0.,0.));
#534 = DEFINITIONAL_REPRESENTATION('',(#535),#539);
#535 = LINE('',#536,#537);
#536 = CARTESIAN_POINT('',(-6.28318530718,-1.7));
#537 = VECTOR('',#538,1.);
#538 = DIRECTION('',(1.,-0.));
#539 = ( GEOMETRIC_REPRESENTATION_CONTEXT(2) 
PARAMETRIC_REPRESENTATION_CONTEXT() REPRESENTATION_CONTEXT('2D SPACE',''
  ) );
#540 = FACE_BOUND('',#541,.T.);
#541 = EDGE_LOOP('',(#542));
#542 = ORIENTED_EDGE('',*,*,#543,.T.);
#543 = EDGE_CURVE('',#544,#544,#546,.T.);
#544 = VERTEX_POINT('',#545);
#545 = CARTESIAN_POINT('',(29.515816,-59.859926,1.6));
#546 = SURFACE_CURVE('',#547,(#552,#563),.PCURVE_S1.);
#547 = CIRCLE('',#548,0.8509);
#548 = AXIS2_PLACEMENT_3D('',#549,#550,#551);
#549 = CARTESIAN_POINT('',(28.664916,-59.859926,1.6));
#550 = DIRECTION('',(0.,0.,-1.));
#551 = DIRECTION('',(1.,0.,0.));
#552 = PCURVE('',#264,#553);
#553 = DEFINITIONAL_REPRESENTATION('',(#554),#562);
#554 = ( BOUNDED_CURVE() B_SPLINE_CURVE(2,(#555,#556,#557,#558,#559,#560
,#561),.UNSPECIFIED.,.T.,.F.) B_SPLINE_CURVE_WITH_KNOTS((1,2,2,2,2,1),(
    -2.094395102393,0.,2.094395102393,4.188790204786,6.28318530718,
8.377580409573),.UNSPECIFIED.) CURVE() GEOMETRIC_REPRESENTATION_ITEM() 
RATIONAL_B_SPLINE_CURVE((1.,0.5,1.,0.5,1.,0.5,1.)) REPRESENTATION_ITEM(
  '') );
#555 = CARTESIAN_POINT('',(29.515816,13.190074));
#556 = CARTESIAN_POINT('',(29.515816,11.71627196784));
#557 = CARTESIAN_POINT('',(28.239466,12.45317298392));
#558 = CARTESIAN_POINT('',(26.963116,13.190074));
#559 = CARTESIAN_POINT('',(28.239466,13.92697501608));
#560 = CARTESIAN_POINT('',(29.515816,14.66387603216));
#561 = CARTESIAN_POINT('',(29.515816,13.190074));
#562 = ( GEOMETRIC_REPRESENTATION_CONTEXT(2) 
PARAMETRIC_REPRESENTATION_CONTEXT() REPRESENTATION_CONTEXT('2D SPACE',''
  ) );
#563 = PCURVE('',#564,#569);
#564 = CYLINDRICAL_SURFACE('',#565,0.8509);
#565 = AXIS2_PLACEMENT_3D('',#566,#567,#568);
#566 = CARTESIAN_POINT('',(28.664916,-59.859926,-0.1));
#567 = DIRECTION('',(-0.,-0.,-1.));
#568 = DIRECTION('',(1.,0.,0.));
#569 = DEFINITIONAL_REPRESENTATION('',(#570),#574);
#570 = LINE('',#571,#572);
#571 = CARTESIAN_POINT('',(-6.28318530718,-1.7));
#572 = VECTOR('',#573,1.);
#573 = DIRECTION('',(1.,-0.));
#574 = ( GEOMETRIC_REPRESENTATION_CONTEXT(2) 
PARAMETRIC_REPRESENTATION_CONTEXT() REPRESENTATION_CONTEXT('2D SPACE',''
  ) );
#575 = FACE_BOUND('',#576,.T.);
#576 = EDGE_LOOP('',(#577));
#577 = ORIENTED_EDGE('',*,*,#578,.T.);
#578 = EDGE_CURVE('',#579,#579,#581,.T.);
#579 = VERTEX_POINT('',#580);
#580 = CARTESIAN_POINT('',(26.6759436,-54.779926,1.6));
#581 = SURFACE_CURVE('',#582,(#587,#598),.PCURVE_S1.);
#582 = CIRCLE('',#583,0.5500116);
#583 = AXIS2_PLACEMENT_3D('',#584,#585,#586);
#584 = CARTESIAN_POINT('',(26.125932,-54.779926,1.6));
#585 = DIRECTION('',(0.,0.,-1.));
#586 = DIRECTION('',(1.,0.,0.));
#587 = PCURVE('',#264,#588);
#588 = DEFINITIONAL_REPRESENTATION('',(#589),#597);
#589 = ( BOUNDED_CURVE() B_SPLINE_CURVE(2,(#590,#591,#592,#593,#594,#595
,#596),.UNSPECIFIED.,.T.,.F.) B_SPLINE_CURVE_WITH_KNOTS((1,2,2,2,2,1),(
    -2.094395102393,0.,2.094395102393,4.188790204786,6.28318530718,
8.377580409573),.UNSPECIFIED.) CURVE() GEOMETRIC_REPRESENTATION_ITEM() 
RATIONAL_B_SPLINE_CURVE((1.,0.5,1.,0.5,1.,0.5,1.)) REPRESENTATION_ITEM(
  '') );
#590 = CARTESIAN_POINT('',(26.6759436,18.270074));
#591 = CARTESIAN_POINT('',(26.6759436,17.317425964048));
#592 = CARTESIAN_POINT('',(25.8509262,17.793749982024));
#593 = CARTESIAN_POINT('',(25.0259088,18.270074));
#594 = CARTESIAN_POINT('',(25.8509262,18.746398017976));
#595 = CARTESIAN_POINT('',(26.6759436,19.222722035952));
#596 = CARTESIAN_POINT('',(26.6759436,18.270074));
#597 = ( GEOMETRIC_REPRESENTATION_CONTEXT(2) 
PARAMETRIC_REPRESENTATION_CONTEXT() REPRESENTATION_CONTEXT('2D SPACE',''
  ) );
#598 = PCURVE('',#599,#604);
#599 = CYLINDRICAL_SURFACE('',#600,0.5500116);
#600 = AXIS2_PLACEMENT_3D('',#601,#602,#603);
#601 = CARTESIAN_POINT('',(26.125932,-54.779926,-0.1));
#602 = DIRECTION('',(-0.,-0.,-1.));
#603 = DIRECTION('',(1.,0.,0.));
#604 = DEFINITIONAL_REPRESENTATION('',(#605),#609);
#605 = LINE('',#606,#607);
#606 = CARTESIAN_POINT('',(-6.28318530718,-1.7));
#607 = VECTOR('',#608,1.);
#608 = DIRECTION('',(1.,-0.));
#609 = ( GEOMETRIC_REPRESENTATION_CONTEXT(2) 
PARAMETRIC_REPRESENTATION_CONTEXT() REPRESENTATION_CONTEXT('2D SPACE',''
  ) );
#610 = FACE_BOUND('',#611,.T.);
#611 = EDGE_LOOP('',(#612));
#612 = ORIENTED_EDGE('',*,*,#613,.T.);
#613 = EDGE_CURVE('',#614,#614,#616,.T.);
#614 = VERTEX_POINT('',#615);
#615 = CARTESIAN_POINT('',(38.403784,-59.859926,1.6));
#616 = SURFACE_CURVE('',#617,(#622,#633),.PCURVE_S1.);
#617 = CIRCLE('',#618,0.8509);
#618 = AXIS2_PLACEMENT_3D('',#619,#620,#621);
#619 = CARTESIAN_POINT('',(37.552884,-59.859926,1.6));
#620 = DIRECTION('',(0.,0.,-1.));
#621 = DIRECTION('',(1.,0.,0.));
#622 = PCURVE('',#264,#623);
#623 = DEFINITIONAL_REPRESENTATION('',(#624),#632);
#624 = ( BOUNDED_CURVE() B_SPLINE_CURVE(2,(#625,#626,#627,#628,#629,#630
,#631),.UNSPECIFIED.,.T.,.F.) B_SPLINE_CURVE_WITH_KNOTS((1,2,2,2,2,1),(
    -2.094395102393,0.,2.094395102393,4.188790204786,6.28318530718,
8.377580409573),.UNSPECIFIED.) CURVE() GEOMETRIC_REPRESENTATION_ITEM() 
RATIONAL_B_SPLINE_CURVE((1.,0.5,1.,0.5,1.,0.5,1.)) REPRESENTATION_ITEM(
  '') );
#625 = CARTESIAN_POINT('',(38.403784,13.190074));
#626 = CARTESIAN_POINT('',(38.403784,11.71627196784));
#627 = CARTESIAN_POINT('',(37.127434,12.45317298392));
#628 = CARTESIAN_POINT('',(35.851084,13.190074));
#629 = CARTESIAN_POINT('',(37.127434,13.92697501608));
#630 = CARTESIAN_POINT('',(38.403784,14.66387603216));
#631 = CARTESIAN_POINT('',(38.403784,13.190074));
#632 = ( GEOMETRIC_REPRESENTATION_CONTEXT(2) 
PARAMETRIC_REPRESENTATION_CONTEXT() REPRESENTATION_CONTEXT('2D SPACE',''
  ) );
#633 = PCURVE('',#634,#639);
#634 = CYLINDRICAL_SURFACE('',#635,0.8509);
#635 = AXIS2_PLACEMENT_3D('',#636,#637,#638);
#636 = CARTESIAN_POINT('',(37.552884,-59.859926,-0.1));
#637 = DIRECTION('',(-0.,-0.,-1.));
#638 = DIRECTION('',(1.,0.,0.));
#639 = DEFINITIONAL_REPRESENTATION('',(#640),#644);
#640 = LINE('',#641,#642);
#641 = CARTESIAN_POINT('',(-6.28318530718,-1.7));
#642 = VECTOR('',#643,1.);
#643 = DIRECTION('',(1.,-0.));
#644 = ( GEOMETRIC_REPRESENTATION_CONTEXT(2) 
PARAMETRIC_REPRESENTATION_CONTEXT() REPRESENTATION_CONTEXT('2D SPACE',''
  ) );
#645 = FACE_BOUND('',#646,.T.);
#646 = EDGE_LOOP('',(#647));
#647 = ORIENTED_EDGE('',*,*,#648,.T.);
#648 = EDGE_CURVE('',#649,#649,#651,.T.);
#649 = VERTEX_POINT('',#650);
#650 = CARTESIAN_POINT('',(39.3739116,-57.319926,1.6));
#651 = SURFACE_CURVE('',#652,(#657,#668),.PCURVE_S1.);
#652 = CIRCLE('',#653,0.5500116);
#653 = AXIS2_PLACEMENT_3D('',#654,#655,#656);
#654 = CARTESIAN_POINT('',(38.8239,-57.319926,1.6));
#655 = DIRECTION('',(0.,0.,-1.));
#656 = DIRECTION('',(1.,0.,0.));
#657 = PCURVE('',#264,#658);
#658 = DEFINITIONAL_REPRESENTATION('',(#659),#667);
#659 = ( BOUNDED_CURVE() B_SPLINE_CURVE(2,(#660,#661,#662,#663,#664,#665
,#666),.UNSPECIFIED.,.T.,.F.) B_SPLINE_CURVE_WITH_KNOTS((1,2,2,2,2,1),(
    -2.094395102393,0.,2.094395102393,4.188790204786,6.28318530718,
8.377580409573),.UNSPECIFIED.) CURVE() GEOMETRIC_REPRESENTATION_ITEM() 
RATIONAL_B_SPLINE_CURVE((1.,0.5,1.,0.5,1.,0.5,1.)) REPRESENTATION_ITEM(
  '') );
#660 = CARTESIAN_POINT('',(39.3739116,15.730074));
#661 = CARTESIAN_POINT('',(39.3739116,14.777425964048));
#662 = CARTESIAN_POINT('',(38.5488942,15.253749982024));
#663 = CARTESIAN_POINT('',(37.7238768,15.730074));
#664 = CARTESIAN_POINT('',(38.5488942,16.206398017976));
#665 = CARTESIAN_POINT('',(39.3739116,16.682722035952));
#666 = CARTESIAN_POINT('',(39.3739116,15.730074));
#667 = ( GEOMETRIC_REPRESENTATION_CONTEXT(2) 
PARAMETRIC_REPRESENTATION_CONTEXT() REPRESENTATION_CONTEXT('2D SPACE',''
  ) );
#668 = PCURVE('',#669,#674);
#669 = CYLINDRICAL_SURFACE('',#670,0.5500116);
#670 = AXIS2_PLACEMENT_3D('',#671,#672,#673);
#671 = CARTESIAN_POINT('',(38.8239,-57.319926,-0.1));
#672 = DIRECTION('',(-0.,-0.,-1.));
#673 = DIRECTION('',(1.,0.,0.));
#674 = DEFINITIONAL_REPRESENTATION('',(#675),#679);
#675 = LINE('',#676,#677);
#676 = CARTESIAN_POINT('',(-6.28318530718,-1.7));
#677 = VECTOR('',#678,1.);
#678 = DIRECTION('',(1.,-0.));
#679 = ( GEOMETRIC_REPRESENTATION_CONTEXT(2) 
PARAMETRIC_REPRESENTATION_CONTEXT() REPRESENTATION_CONTEXT('2D SPACE',''
  ) );
#680 = FACE_BOUND('',#681,.T.);
#681 = EDGE_LOOP('',(#682));
#682 = ORIENTED_EDGE('',*,*,#683,.T.);
#683 = EDGE_CURVE('',#684,#684,#686,.T.);
#684 = VERTEX_POINT('',#685);
#685 = CARTESIAN_POINT('',(19.355816,-40.809926,1.6));
#686 = SURFACE_CURVE('',#687,(#692,#703),.PCURVE_S1.);
#687 = CIRCLE('',#688,0.8509);
#688 = AXIS2_PLACEMENT_3D('',#689,#690,#691);
#689 = CARTESIAN_POINT('',(18.504916,-40.809926,1.6));
#690 = DIRECTION('',(0.,0.,-1.));
#691 = DIRECTION('',(1.,0.,0.));
#692 = PCURVE('',#264,#693);
#693 = DEFINITIONAL_REPRESENTATION('',(#694),#702);
#694 = ( BOUNDED_CURVE() B_SPLINE_CURVE(2,(#695,#696,#697,#698,#699,#700
,#701),.UNSPECIFIED.,.T.,.F.) B_SPLINE_CURVE_WITH_KNOTS((1,2,2,2,2,1),(
    -2.094395102393,0.,2.094395102393,4.188790204786,6.28318530718,
8.377580409573),.UNSPECIFIED.) CURVE() GEOMETRIC_REPRESENTATION_ITEM() 
RATIONAL_B_SPLINE_CURVE((1.,0.5,1.,0.5,1.,0.5,1.)) REPRESENTATION_ITEM(
  '') );
#695 = CARTESIAN_POINT('',(19.355816,32.240074));
#696 = CARTESIAN_POINT('',(19.355816,30.76627196784));
#697 = CARTESIAN_POINT('',(18.079466,31.50317298392));
#698 = CARTESIAN_POINT('',(16.803116,32.240074));
#699 = CARTESIAN_POINT('',(18.079466,32.97697501608));
#700 = CARTESIAN_POINT('',(19.355816,33.71387603216));
#701 = CARTESIAN_POINT('',(19.355816,32.240074));
#702 = ( GEOMETRIC_REPRESENTATION_CONTEXT(2) 
PARAMETRIC_REPRESENTATION_CONTEXT() REPRESENTATION_CONTEXT('2D SPACE',''
  ) );
#703 = PCURVE('',#704,#709);
#704 = CYLINDRICAL_SURFACE('',#705,0.8509);
#705 = AXIS2_PLACEMENT_3D('',#706,#707,#708);
#706 = CARTESIAN_POINT('',(18.504916,-40.809926,-0.1));
#707 = DIRECTION('',(-0.,-0.,-1.));
#708 = DIRECTION('',(1.,0.,0.));
#709 = DEFINITIONAL_REPRESENTATION('',(#710),#714);
#710 = LINE('',#711,#712);
#711 = CARTESIAN_POINT('',(-6.28318530718,-1.7));
#712 = VECTOR('',#713,1.);
#713 = DIRECTION('',(1.,-0.));
#714 = ( GEOMETRIC_REPRESENTATION_CONTEXT(2) 
PARAMETRIC_REPRESENTATION_CONTEXT() REPRESENTATION_CONTEXT('2D SPACE',''
  ) );
#715 = FACE_BOUND('',#716,.T.);
#716 = EDGE_LOOP('',(#717));
#717 = ORIENTED_EDGE('',*,*,#718,.T.);
#718 = EDGE_CURVE('',#719,#719,#721,.T.);
#719 = VERTEX_POINT('',#720);
#720 = CARTESIAN_POINT('',(20.3259436,-38.269926,1.6));
#721 = SURFACE_CURVE('',#722,(#727,#738),.PCURVE_S1.);
#722 = CIRCLE('',#723,0.5500116);
#723 = AXIS2_PLACEMENT_3D('',#724,#725,#726);
#724 = CARTESIAN_POINT('',(19.775932,-38.269926,1.6));
#725 = DIRECTION('',(0.,0.,-1.));
#726 = DIRECTION('',(1.,0.,0.));
#727 = PCURVE('',#264,#728);
#728 = DEFINITIONAL_REPRESENTATION('',(#729),#737);
#729 = ( BOUNDED_CURVE() B_SPLINE_CURVE(2,(#730,#731,#732,#733,#734,#735
,#736),.UNSPECIFIED.,.T.,.F.) B_SPLINE_CURVE_WITH_KNOTS((1,2,2,2,2,1),(
    -2.094395102393,0.,2.094395102393,4.188790204786,6.28318530718,
8.377580409573),.UNSPECIFIED.) CURVE() GEOMETRIC_REPRESENTATION_ITEM() 
RATIONAL_B_SPLINE_CURVE((1.,0.5,1.,0.5,1.,0.5,1.)) REPRESENTATION_ITEM(
  '') );
#730 = CARTESIAN_POINT('',(20.3259436,34.780074));
#731 = CARTESIAN_POINT('',(20.3259436,33.827425964048));
#732 = CARTESIAN_POINT('',(19.5009262,34.303749982024));
#733 = CARTESIAN_POINT('',(18.6759088,34.780074));
#734 = CARTESIAN_POINT('',(19.5009262,35.256398017976));
#735 = CARTESIAN_POINT('',(20.3259436,35.732722035952));
#736 = CARTESIAN_POINT('',(20.3259436,34.780074));
#737 = ( GEOMETRIC_REPRESENTATION_CONTEXT(2) 
PARAMETRIC_REPRESENTATION_CONTEXT() REPRESENTATION_CONTEXT('2D SPACE',''
  ) );
#738 = PCURVE('',#739,#744);
#739 = CYLINDRICAL_SURFACE('',#740,0.5500116);
#740 = AXIS2_PLACEMENT_3D('',#741,#742,#743);
#741 = CARTESIAN_POINT('',(19.775932,-38.269926,-0.1));
#742 = DIRECTION('',(-0.,-0.,-1.));
#743 = DIRECTION('',(1.,0.,0.));
#744 = DEFINITIONAL_REPRESENTATION('',(#745),#749);
#745 = LINE('',#746,#747);
#746 = CARTESIAN_POINT('',(-6.28318530718,-1.7));
#747 = VECTOR('',#748,1.);
#748 = DIRECTION('',(1.,-0.));
#749 = ( GEOMETRIC_REPRESENTATION_CONTEXT(2) 
PARAMETRIC_REPRESENTATION_CONTEXT() REPRESENTATION_CONTEXT('2D SPACE',''
  ) );
#750 = FACE_BOUND('',#751,.T.);
#751 = EDGE_LOOP('',(#752));
#752 = ORIENTED_EDGE('',*,*,#753,.T.);
#753 = EDGE_CURVE('',#754,#754,#756,.T.);
#754 = VERTEX_POINT('',#755);
#755 = CARTESIAN_POINT('',(25.584912,-40.809926,1.6));
#756 = SURFACE_CURVE('',#757,(#762,#773),.PCURVE_S1.);
#757 = CIRCLE('',#758,1.999996);
#758 = AXIS2_PLACEMENT_3D('',#759,#760,#761);
#759 = CARTESIAN_POINT('',(23.584916,-40.809926,1.6));
#760 = DIRECTION('',(0.,0.,-1.));
#761 = DIRECTION('',(1.,0.,0.));
#762 = PCURVE('',#264,#763);
#763 = DEFINITIONAL_REPRESENTATION('',(#764),#772);
#764 = ( BOUNDED_CURVE() B_SPLINE_CURVE(2,(#765,#766,#767,#768,#769,#770
,#771),.UNSPECIFIED.,.T.,.F.) B_SPLINE_CURVE_WITH_KNOTS((1,2,2,2,2,1),(
    -2.094395102393,0.,2.094395102393,4.188790204786,6.28318530718,
8.377580409573),.UNSPECIFIED.) CURVE() GEOMETRIC_REPRESENTATION_ITEM() 
RATIONAL_B_SPLINE_CURVE((1.,0.5,1.,0.5,1.,0.5,1.)) REPRESENTATION_ITEM(
  '') );
#765 = CARTESIAN_POINT('',(25.584912,32.240074));
#766 = CARTESIAN_POINT('',(25.584912,28.775979313065));
#767 = CARTESIAN_POINT('',(22.584918,30.508026656533));
#768 = CARTESIAN_POINT('',(19.584924,32.240074));
#769 = CARTESIAN_POINT('',(22.584918,33.972121343467));
#770 = CARTESIAN_POINT('',(25.584912,35.704168686935));
#771 = CARTESIAN_POINT('',(25.584912,32.240074));
#772 = ( GEOMETRIC_REPRESENTATION_CONTEXT(2) 
PARAMETRIC_REPRESENTATION_CONTEXT() REPRESENTATION_CONTEXT('2D SPACE',''
  ) );
#773 = PCURVE('',#774,#779);
#774 = CYLINDRICAL_SURFACE('',#775,1.999996);
#775 = AXIS2_PLACEMENT_3D('',#776,#777,#778);
#776 = CARTESIAN_POINT('',(23.584916,-40.809926,-0.1));
#777 = DIRECTION('',(-0.,-0.,-1.));
#778 = DIRECTION('',(1.,0.,0.));
#779 = DEFINITIONAL_REPRESENTATION('',(#780),#784);
#780 = LINE('',#781,#782);
#781 = CARTESIAN_POINT('',(-6.28318530718,-1.7));
#782 = VECTOR('',#783,1.);
#783 = DIRECTION('',(1.,-0.));
#784 = ( GEOMETRIC_REPRESENTATION_CONTEXT(2) 
PARAMETRIC_REPRESENTATION_CONTEXT() REPRESENTATION_CONTEXT('2D SPACE',''
  ) );
#785 = FACE_BOUND('',#786,.T.);
#786 = EDGE_LOOP('',(#787));
#787 = ORIENTED_EDGE('',*,*,#788,.T.);
#788 = EDGE_CURVE('',#789,#789,#791,.T.);
#789 = VERTEX_POINT('',#790);
#790 = CARTESIAN_POINT('',(29.515816,-40.809926,1.6));
#791 = SURFACE_CURVE('',#792,(#797,#808),.PCURVE_S1.);
#792 = CIRCLE('',#793,0.8509);
#793 = AXIS2_PLACEMENT_3D('',#794,#795,#796);
#794 = CARTESIAN_POINT('',(28.664916,-40.809926,1.6));
#795 = DIRECTION('',(0.,0.,-1.));
#796 = DIRECTION('',(1.,0.,0.));
#797 = PCURVE('',#264,#798);
#798 = DEFINITIONAL_REPRESENTATION('',(#799),#807);
#799 = ( BOUNDED_CURVE() B_SPLINE_CURVE(2,(#800,#801,#802,#803,#804,#805
,#806),.UNSPECIFIED.,.T.,.F.) B_SPLINE_CURVE_WITH_KNOTS((1,2,2,2,2,1),(
    -2.094395102393,0.,2.094395102393,4.188790204786,6.28318530718,
8.377580409573),.UNSPECIFIED.) CURVE() GEOMETRIC_REPRESENTATION_ITEM() 
RATIONAL_B_SPLINE_CURVE((1.,0.5,1.,0.5,1.,0.5,1.)) REPRESENTATION_ITEM(
  '') );
#800 = CARTESIAN_POINT('',(29.515816,32.240074));
#801 = CARTESIAN_POINT('',(29.515816,30.76627196784));
#802 = CARTESIAN_POINT('',(28.239466,31.50317298392));
#803 = CARTESIAN_POINT('',(26.963116,32.240074));
#804 = CARTESIAN_POINT('',(28.239466,32.97697501608));
#805 = CARTESIAN_POINT('',(29.515816,33.71387603216));
#806 = CARTESIAN_POINT('',(29.515816,32.240074));
#807 = ( GEOMETRIC_REPRESENTATION_CONTEXT(2) 
PARAMETRIC_REPRESENTATION_CONTEXT() REPRESENTATION_CONTEXT('2D SPACE',''
  ) );
#808 = PCURVE('',#809,#814);
#809 = CYLINDRICAL_SURFACE('',#810,0.8509);
#810 = AXIS2_PLACEMENT_3D('',#811,#812,#813);
#811 = CARTESIAN_POINT('',(28.664916,-40.809926,-0.1));
#812 = DIRECTION('',(-0.,-0.,-1.));
#813 = DIRECTION('',(1.,0.,0.));
#814 = DEFINITIONAL_REPRESENTATION('',(#815),#819);
#815 = LINE('',#816,#817);
#816 = CARTESIAN_POINT('',(-6.28318530718,-1.7));
#817 = VECTOR('',#818,1.);
#818 = DIRECTION('',(1.,-0.));
#819 = ( GEOMETRIC_REPRESENTATION_CONTEXT(2) 
PARAMETRIC_REPRESENTATION_CONTEXT() REPRESENTATION_CONTEXT('2D SPACE',''
  ) );
#820 = FACE_BOUND('',#821,.T.);
#821 = EDGE_LOOP('',(#822));
#822 = ORIENTED_EDGE('',*,*,#823,.T.);
#823 = EDGE_CURVE('',#824,#824,#826,.T.);
#824 = VERTEX_POINT('',#825);
#825 = CARTESIAN_POINT('',(38.403784,-40.809926,1.6));
#826 = SURFACE_CURVE('',#827,(#832,#843),.PCURVE_S1.);
#827 = CIRCLE('',#828,0.8509);
#828 = AXIS2_PLACEMENT_3D('',#829,#830,#831);
#829 = CARTESIAN_POINT('',(37.552884,-40.809926,1.6));
#830 = DIRECTION('',(0.,0.,-1.));
#831 = DIRECTION('',(1.,0.,0.));
#832 = PCURVE('',#264,#833);
#833 = DEFINITIONAL_REPRESENTATION('',(#834),#842);
#834 = ( BOUNDED_CURVE() B_SPLINE_CURVE(2,(#835,#836,#837,#838,#839,#840
,#841),.UNSPECIFIED.,.T.,.F.) B_SPLINE_CURVE_WITH_KNOTS((1,2,2,2,2,1),(
    -2.094395102393,0.,2.094395102393,4.188790204786,6.28318530718,
8.377580409573),.UNSPECIFIED.) CURVE() GEOMETRIC_REPRESENTATION_ITEM() 
RATIONAL_B_SPLINE_CURVE((1.,0.5,1.,0.5,1.,0.5,1.)) REPRESENTATION_ITEM(
  '') );
#835 = CARTESIAN_POINT('',(38.403784,32.240074));
#836 = CARTESIAN_POINT('',(38.403784,30.76627196784));
#837 = CARTESIAN_POINT('',(37.127434,31.50317298392));
#838 = CARTESIAN_POINT('',(35.851084,32.240074));
#839 = CARTESIAN_POINT('',(37.127434,32.97697501608));
#840 = CARTESIAN_POINT('',(38.403784,33.71387603216));
#841 = CARTESIAN_POINT('',(38.403784,32.240074));
#842 = ( GEOMETRIC_REPRESENTATION_CONTEXT(2) 
PARAMETRIC_REPRESENTATION_CONTEXT() REPRESENTATION_CONTEXT('2D SPACE',''
  ) );
#843 = PCURVE('',#844,#849);
#844 = CYLINDRICAL_SURFACE('',#845,0.8509);
#845 = AXIS2_PLACEMENT_3D('',#846,#847,#848);
#846 = CARTESIAN_POINT('',(37.552884,-40.809926,-0.1));
#847 = DIRECTION('',(-0.,-0.,-1.));
#848 = DIRECTION('',(1.,0.,0.));
#849 = DEFINITIONAL_REPRESENTATION('',(#850),#854);
#850 = LINE('',#851,#852);
#851 = CARTESIAN_POINT('',(-6.28318530718,-1.7));
#852 = VECTOR('',#853,1.);
#853 = DIRECTION('',(1.,-0.));
#854 = ( GEOMETRIC_REPRESENTATION_CONTEXT(2) 
PARAMETRIC_REPRESENTATION_CONTEXT() REPRESENTATION_CONTEXT('2D SPACE',''
  ) );
#855 = FACE_BOUND('',#856,.T.);
#856 = EDGE_LOOP('',(#857));
#857 = ORIENTED_EDGE('',*,*,#858,.T.);
#858 = EDGE_CURVE('',#859,#859,#861,.T.);
#859 = VERTEX_POINT('',#860);
#860 = CARTESIAN_POINT('',(39.3739116,-38.269926,1.6));
#861 = SURFACE_CURVE('',#862,(#867,#878),.PCURVE_S1.);
#862 = CIRCLE('',#863,0.5500116);
#863 = AXIS2_PLACEMENT_3D('',#864,#865,#866);
#864 = CARTESIAN_POINT('',(38.8239,-38.269926,1.6));
#865 = DIRECTION('',(0.,0.,-1.));
#866 = DIRECTION('',(1.,0.,0.));
#867 = PCURVE('',#264,#868);
#868 = DEFINITIONAL_REPRESENTATION('',(#869),#877);
#869 = ( BOUNDED_CURVE() B_SPLINE_CURVE(2,(#870,#871,#872,#873,#874,#875
,#876),.UNSPECIFIED.,.T.,.F.) B_SPLINE_CURVE_WITH_KNOTS((1,2,2,2,2,1),(
    -2.094395102393,0.,2.094395102393,4.188790204786,6.28318530718,
8.377580409573),.UNSPECIFIED.) CURVE() GEOMETRIC_REPRESENTATION_ITEM() 
RATIONAL_B_SPLINE_CURVE((1.,0.5,1.,0.5,1.,0.5,1.)) REPRESENTATION_ITEM(
  '') );
#870 = CARTESIAN_POINT('',(39.3739116,34.780074));
#871 = CARTESIAN_POINT('',(39.3739116,33.827425964048));
#872 = CARTESIAN_POINT('',(38.5488942,34.303749982024));
#873 = CARTESIAN_POINT('',(37.7238768,34.780074));
#874 = CARTESIAN_POINT('',(38.5488942,35.256398017976));
#875 = CARTESIAN_POINT('',(39.3739116,35.732722035952));
#876 = CARTESIAN_POINT('',(39.3739116,34.780074));
#877 = ( GEOMETRIC_REPRESENTATION_CONTEXT(2) 
PARAMETRIC_REPRESENTATION_CONTEXT() REPRESENTATION_CONTEXT('2D SPACE',''
  ) );
#878 = PCURVE('',#879,#884);
#879 = CYLINDRICAL_SURFACE('',#880,0.5500116);
#880 = AXIS2_PLACEMENT_3D('',#881,#882,#883);
#881 = CARTESIAN_POINT('',(38.8239,-38.269926,-0.1));
#882 = DIRECTION('',(-0.,-0.,-1.));
#883 = DIRECTION('',(1.,0.,0.));
#884 = DEFINITIONAL_REPRESENTATION('',(#885),#889);
#885 = LINE('',#886,#887);
#886 = CARTESIAN_POINT('',(-6.28318530718,-1.7));
#887 = VECTOR('',#888,1.);
#888 = DIRECTION('',(1.,-0.));
#889 = ( GEOMETRIC_REPRESENTATION_CONTEXT(2) 
PARAMETRIC_REPRESENTATION_CONTEXT() REPRESENTATION_CONTEXT('2D SPACE',''
  ) );
#890 = FACE_BOUND('',#891,.T.);
#891 = EDGE_LOOP('',(#892));
#892 = ORIENTED_EDGE('',*,*,#893,.T.);
#893 = EDGE_CURVE('',#894,#894,#896,.T.);
#894 = VERTEX_POINT('',#895);
#895 = CARTESIAN_POINT('',(44.63288,-59.859926,1.6));
#896 = SURFACE_CURVE('',#897,(#902,#913),.PCURVE_S1.);
#897 = CIRCLE('',#898,1.999996);
#898 = AXIS2_PLACEMENT_3D('',#899,#900,#901);
#899 = CARTESIAN_POINT('',(42.632884,-59.859926,1.6));
#900 = DIRECTION('',(0.,0.,-1.));
#901 = DIRECTION('',(1.,0.,0.));
#902 = PCURVE('',#264,#903);
#903 = DEFINITIONAL_REPRESENTATION('',(#904),#912);
#904 = ( BOUNDED_CURVE() B_SPLINE_CURVE(2,(#905,#906,#907,#908,#909,#910
,#911),.UNSPECIFIED.,.T.,.F.) B_SPLINE_CURVE_WITH_KNOTS((1,2,2,2,2,1),(
    -2.094395102393,0.,2.094395102393,4.188790204786,6.28318530718,
8.377580409573),.UNSPECIFIED.) CURVE() GEOMETRIC_REPRESENTATION_ITEM() 
RATIONAL_B_SPLINE_CURVE((1.,0.5,1.,0.5,1.,0.5,1.)) REPRESENTATION_ITEM(
  '') );
#905 = CARTESIAN_POINT('',(44.63288,13.190074));
#906 = CARTESIAN_POINT('',(44.63288,9.725979313065));
#907 = CARTESIAN_POINT('',(41.632886,11.458026656533));
#908 = CARTESIAN_POINT('',(38.632892,13.190074));
#909 = CARTESIAN_POINT('',(41.632886,14.922121343467));
#910 = CARTESIAN_POINT('',(44.63288,16.654168686935));
#911 = CARTESIAN_POINT('',(44.63288,13.190074));
#912 = ( GEOMETRIC_REPRESENTATION_CONTEXT(2) 
PARAMETRIC_REPRESENTATION_CONTEXT() REPRESENTATION_CONTEXT('2D SPACE',''
  ) );
#913 = PCURVE('',#914,#919);
#914 = CYLINDRICAL_SURFACE('',#915,1.999996);
#915 = AXIS2_PLACEMENT_3D('',#916,#917,#918);
#916 = CARTESIAN_POINT('',(42.632884,-59.859926,-0.1));
#917 = DIRECTION('',(-0.,-0.,-1.));
#918 = DIRECTION('',(1.,0.,0.));
#919 = DEFINITIONAL_REPRESENTATION('',(#920),#924);
#920 = LINE('',#921,#922);
#921 = CARTESIAN_POINT('',(-6.28318530718,-1.7));
#922 = VECTOR('',#923,1.);
#923 = DIRECTION('',(1.,-0.));
#924 = ( GEOMETRIC_REPRESENTATION_CONTEXT(2) 
PARAMETRIC_REPRESENTATION_CONTEXT() REPRESENTATION_CONTEXT('2D SPACE',''
  ) );
#925 = FACE_BOUND('',#926,.T.);
#926 = EDGE_LOOP('',(#927));
#927 = ORIENTED_EDGE('',*,*,#928,.T.);
#928 = EDGE_CURVE('',#929,#929,#931,.T.);
#929 = VERTEX_POINT('',#930);
#930 = CARTESIAN_POINT('',(48.563784,-59.859926,1.6));
#931 = SURFACE_CURVE('',#932,(#937,#948),.PCURVE_S1.);
#932 = CIRCLE('',#933,0.8509);
#933 = AXIS2_PLACEMENT_3D('',#934,#935,#936);
#934 = CARTESIAN_POINT('',(47.712884,-59.859926,1.6));
#935 = DIRECTION('',(0.,0.,-1.));
#936 = DIRECTION('',(1.,0.,0.));
#937 = PCURVE('',#264,#938);
#938 = DEFINITIONAL_REPRESENTATION('',(#939),#947);
#939 = ( BOUNDED_CURVE() B_SPLINE_CURVE(2,(#940,#941,#942,#943,#944,#945
,#946),.UNSPECIFIED.,.T.,.F.) B_SPLINE_CURVE_WITH_KNOTS((1,2,2,2,2,1),(
    -2.094395102393,0.,2.094395102393,4.188790204786,6.28318530718,
8.377580409573),.UNSPECIFIED.) CURVE() GEOMETRIC_REPRESENTATION_ITEM() 
RATIONAL_B_SPLINE_CURVE((1.,0.5,1.,0.5,1.,0.5,1.)) REPRESENTATION_ITEM(
  '') );
#940 = CARTESIAN_POINT('',(48.563784,13.190074));
#941 = CARTESIAN_POINT('',(48.563784,11.71627196784));
#942 = CARTESIAN_POINT('',(47.287434,12.45317298392));
#943 = CARTESIAN_POINT('',(46.011084,13.190074));
#944 = CARTESIAN_POINT('',(47.287434,13.92697501608));
#945 = CARTESIAN_POINT('',(48.563784,14.66387603216));
#946 = CARTESIAN_POINT('',(48.563784,13.190074));
#947 = ( GEOMETRIC_REPRESENTATION_CONTEXT(2) 
PARAMETRIC_REPRESENTATION_CONTEXT() REPRESENTATION_CONTEXT('2D SPACE',''
  ) );
#948 = PCURVE('',#949,#954);
#949 = CYLINDRICAL_SURFACE('',#950,0.8509);
#950 = AXIS2_PLACEMENT_3D('',#951,#952,#953);
#951 = CARTESIAN_POINT('',(47.712884,-59.859926,-0.1));
#952 = DIRECTION('',(-0.,-0.,-1.));
#953 = DIRECTION('',(1.,0.,0.));
#954 = DEFINITIONAL_REPRESENTATION('',(#955),#959);
#955 = LINE('',#956,#957);
#956 = CARTESIAN_POINT('',(-6.28318530718,-1.7));
#957 = VECTOR('',#958,1.);
#958 = DIRECTION('',(1.,-0.));
#959 = ( GEOMETRIC_REPRESENTATION_CONTEXT(2) 
PARAMETRIC_REPRESENTATION_CONTEXT() REPRESENTATION_CONTEXT('2D SPACE',''
  ) );
#960 = FACE_BOUND('',#961,.T.);
#961 = EDGE_LOOP('',(#962));
#962 = ORIENTED_EDGE('',*,*,#963,.T.);
#963 = EDGE_CURVE('',#964,#964,#966,.T.);
#964 = VERTEX_POINT('',#965);
#965 = CARTESIAN_POINT('',(45.7239116,-54.779926,1.6));
#966 = SURFACE_CURVE('',#967,(#972,#983),.PCURVE_S1.);
#967 = CIRCLE('',#968,0.5500116);
#968 = AXIS2_PLACEMENT_3D('',#969,#970,#971);
#969 = CARTESIAN_POINT('',(45.1739,-54.779926,1.6));
#970 = DIRECTION('',(0.,0.,-1.));
#971 = DIRECTION('',(1.,0.,0.));
#972 = PCURVE('',#264,#973);
#973 = DEFINITIONAL_REPRESENTATION('',(#974),#982);
#974 = ( BOUNDED_CURVE() B_SPLINE_CURVE(2,(#975,#976,#977,#978,#979,#980
,#981),.UNSPECIFIED.,.T.,.F.) B_SPLINE_CURVE_WITH_KNOTS((1,2,2,2,2,1),(
    -2.094395102393,0.,2.094395102393,4.188790204786,6.28318530718,
8.377580409573),.UNSPECIFIED.) CURVE() GEOMETRIC_REPRESENTATION_ITEM() 
RATIONAL_B_SPLINE_CURVE((1.,0.5,1.,0.5,1.,0.5,1.)) REPRESENTATION_ITEM(
  '') );
#975 = CARTESIAN_POINT('',(45.7239116,18.270074));
#976 = CARTESIAN_POINT('',(45.7239116,17.317425964048));
#977 = CARTESIAN_POINT('',(44.8988942,17.793749982024));
#978 = CARTESIAN_POINT('',(44.0738768,18.270074));
#979 = CARTESIAN_POINT('',(44.8988942,18.746398017976));
#980 = CARTESIAN_POINT('',(45.7239116,19.222722035952));
#981 = CARTESIAN_POINT('',(45.7239116,18.270074));
#982 = ( GEOMETRIC_REPRESENTATION_CONTEXT(2) 
PARAMETRIC_REPRESENTATION_CONTEXT() REPRESENTATION_CONTEXT('2D SPACE',''
  ) );
#983 = PCURVE('',#984,#989);
#984 = CYLINDRICAL_SURFACE('',#985,0.5500116);
#985 = AXIS2_PLACEMENT_3D('',#986,#987,#988);
#986 = CARTESIAN_POINT('',(45.1739,-54.779926,-0.1));
#987 = DIRECTION('',(-0.,-0.,-1.));
#988 = DIRECTION('',(1.,0.,0.));
#989 = DEFINITIONAL_REPRESENTATION('',(#990),#994);
#990 = LINE('',#991,#992);
#991 = CARTESIAN_POINT('',(-6.28318530718,-1.7));
#992 = VECTOR('',#993,1.);
#993 = DIRECTION('',(1.,-0.));
#994 = ( GEOMETRIC_REPRESENTATION_CONTEXT(2) 
PARAMETRIC_REPRESENTATION_CONTEXT() REPRESENTATION_CONTEXT('2D SPACE',''
  ) );
#995 = FACE_BOUND('',#996,.T.);
#996 = EDGE_LOOP('',(#997));
#997 = ORIENTED_EDGE('',*,*,#998,.T.);
#998 = EDGE_CURVE('',#999,#999,#1001,.T.);
#999 = VERTEX_POINT('',#1000);
#1000 = CARTESIAN_POINT('',(57.454292,-59.859926,1.6));
#1001 = SURFACE_CURVE('',#1002,(#1007,#1018),.PCURVE_S1.);
#1002 = CIRCLE('',#1003,0.8509);
#1003 = AXIS2_PLACEMENT_3D('',#1004,#1005,#1006);
#1004 = CARTESIAN_POINT('',(56.603392,-59.859926,1.6));
#1005 = DIRECTION('',(0.,0.,-1.));
#1006 = DIRECTION('',(1.,0.,0.));
#1007 = PCURVE('',#264,#1008);
#1008 = DEFINITIONAL_REPRESENTATION('',(#1009),#1017);
#1009 = ( BOUNDED_CURVE() B_SPLINE_CURVE(2,(#1010,#1011,#1012,#1013,
#1014,#1015,#1016),.UNSPECIFIED.,.T.,.F.) B_SPLINE_CURVE_WITH_KNOTS((1,2
    ,2,2,2,1),(-2.094395102393,0.,2.094395102393,4.188790204786,
6.28318530718,8.377580409573),.UNSPECIFIED.) CURVE() 
GEOMETRIC_REPRESENTATION_ITEM() RATIONAL_B_SPLINE_CURVE((1.,0.5,1.,0.5,
1.,0.5,1.)) REPRESENTATION_ITEM('') );
#1010 = CARTESIAN_POINT('',(57.454292,13.190074));
#1011 = CARTESIAN_POINT('',(57.454292,11.71627196784));
#1012 = CARTESIAN_POINT('',(56.177942,12.45317298392));
#1013 = CARTESIAN_POINT('',(54.901592,13.190074));
#1014 = CARTESIAN_POINT('',(56.177942,13.92697501608));
#1015 = CARTESIAN_POINT('',(57.454292,14.66387603216));
#1016 = CARTESIAN_POINT('',(57.454292,13.190074));
#1017 = ( GEOMETRIC_REPRESENTATION_CONTEXT(2) 
PARAMETRIC_REPRESENTATION_CONTEXT() REPRESENTATION_CONTEXT('2D SPACE',''
  ) );
#1018 = PCURVE('',#1019,#1024);
#1019 = CYLINDRICAL_SURFACE('',#1020,0.8509);
#1020 = AXIS2_PLACEMENT_3D('',#1021,#1022,#1023);
#1021 = CARTESIAN_POINT('',(56.603392,-59.859926,-0.1));
#1022 = DIRECTION('',(-0.,-0.,-1.));
#1023 = DIRECTION('',(1.,0.,0.));
#1024 = DEFINITIONAL_REPRESENTATION('',(#1025),#1029);
#1025 = LINE('',#1026,#1027);
#1026 = CARTESIAN_POINT('',(-6.28318530718,-1.7));
#1027 = VECTOR('',#1028,1.);
#1028 = DIRECTION('',(1.,-0.));
#1029 = ( GEOMETRIC_REPRESENTATION_CONTEXT(2) 
PARAMETRIC_REPRESENTATION_CONTEXT() REPRESENTATION_CONTEXT('2D SPACE',''
  ) );
#1030 = FACE_BOUND('',#1031,.T.);
#1031 = EDGE_LOOP('',(#1032));
#1032 = ORIENTED_EDGE('',*,*,#1033,.T.);
#1033 = EDGE_CURVE('',#1034,#1034,#1036,.T.);
#1034 = VERTEX_POINT('',#1035);
#1035 = CARTESIAN_POINT('',(63.683388,-59.859926,1.6));
#1036 = SURFACE_CURVE('',#1037,(#1042,#1053),.PCURVE_S1.);
#1037 = CIRCLE('',#1038,1.999996);
#1038 = AXIS2_PLACEMENT_3D('',#1039,#1040,#1041);
#1039 = CARTESIAN_POINT('',(61.683392,-59.859926,1.6));
#1040 = DIRECTION('',(0.,0.,-1.));
#1041 = DIRECTION('',(1.,0.,0.));
#1042 = PCURVE('',#264,#1043);
#1043 = DEFINITIONAL_REPRESENTATION('',(#1044),#1052);
#1044 = ( BOUNDED_CURVE() B_SPLINE_CURVE(2,(#1045,#1046,#1047,#1048,
#1049,#1050,#1051),.UNSPECIFIED.,.T.,.F.) B_SPLINE_CURVE_WITH_KNOTS((1,2
    ,2,2,2,1),(-2.094395102393,0.,2.094395102393,4.188790204786,
6.28318530718,8.377580409573),.UNSPECIFIED.) CURVE() 
GEOMETRIC_REPRESENTATION_ITEM() RATIONAL_B_SPLINE_CURVE((1.,0.5,1.,0.5,
1.,0.5,1.)) REPRESENTATION_ITEM('') );
#1045 = CARTESIAN_POINT('',(63.683388,13.190074));
#1046 = CARTESIAN_POINT('',(63.683388,9.725979313065));
#1047 = CARTESIAN_POINT('',(60.683394,11.458026656533));
#1048 = CARTESIAN_POINT('',(57.6834,13.190074));
#1049 = CARTESIAN_POINT('',(60.683394,14.922121343467));
#1050 = CARTESIAN_POINT('',(63.683388,16.654168686935));
#1051 = CARTESIAN_POINT('',(63.683388,13.190074));
#1052 = ( GEOMETRIC_REPRESENTATION_CONTEXT(2) 
PARAMETRIC_REPRESENTATION_CONTEXT() REPRESENTATION_CONTEXT('2D SPACE',''
  ) );
#1053 = PCURVE('',#1054,#1059);
#1054 = CYLINDRICAL_SURFACE('',#1055,1.999996);
#1055 = AXIS2_PLACEMENT_3D('',#1056,#1057,#1058);
#1056 = CARTESIAN_POINT('',(61.683392,-59.859926,-0.1));
#1057 = DIRECTION('',(-0.,-0.,-1.));
#1058 = DIRECTION('',(1.,0.,0.));
#1059 = DEFINITIONAL_REPRESENTATION('',(#1060),#1064);
#1060 = LINE('',#1061,#1062);
#1061 = CARTESIAN_POINT('',(-6.28318530718,-1.7));
#1062 = VECTOR('',#1063,1.);
#1063 = DIRECTION('',(1.,-0.));
#1064 = ( GEOMETRIC_REPRESENTATION_CONTEXT(2) 
PARAMETRIC_REPRESENTATION_CONTEXT() REPRESENTATION_CONTEXT('2D SPACE',''
  ) );
#1065 = FACE_BOUND('',#1066,.T.);
#1066 = EDGE_LOOP('',(#1067));
#1067 = ORIENTED_EDGE('',*,*,#1068,.T.);
#1068 = EDGE_CURVE('',#1069,#1069,#1071,.T.);
#1069 = VERTEX_POINT('',#1070);
#1070 = CARTESIAN_POINT('',(58.4244196,-57.319926,1.6));
#1071 = SURFACE_CURVE('',#1072,(#1077,#1088),.PCURVE_S1.);
#1072 = CIRCLE('',#1073,0.5500116);
#1073 = AXIS2_PLACEMENT_3D('',#1074,#1075,#1076);
#1074 = CARTESIAN_POINT('',(57.874408,-57.319926,1.6));
#1075 = DIRECTION('',(0.,0.,-1.));
#1076 = DIRECTION('',(1.,0.,0.));
#1077 = PCURVE('',#264,#1078);
#1078 = DEFINITIONAL_REPRESENTATION('',(#1079),#1087);
#1079 = ( BOUNDED_CURVE() B_SPLINE_CURVE(2,(#1080,#1081,#1082,#1083,
#1084,#1085,#1086),.UNSPECIFIED.,.T.,.F.) B_SPLINE_CURVE_WITH_KNOTS((1,2
    ,2,2,2,1),(-2.094395102393,0.,2.094395102393,4.188790204786,
6.28318530718,8.377580409573),.UNSPECIFIED.) CURVE() 
GEOMETRIC_REPRESENTATION_ITEM() RATIONAL_B_SPLINE_CURVE((1.,0.5,1.,0.5,
1.,0.5,1.)) REPRESENTATION_ITEM('') );
#1080 = CARTESIAN_POINT('',(58.4244196,15.730074));
#1081 = CARTESIAN_POINT('',(58.4244196,14.777425964048));
#1082 = CARTESIAN_POINT('',(57.5994022,15.253749982024));
#1083 = CARTESIAN_POINT('',(56.7743848,15.730074));
#1084 = CARTESIAN_POINT('',(57.5994022,16.206398017976));
#1085 = CARTESIAN_POINT('',(58.4244196,16.682722035952));
#1086 = CARTESIAN_POINT('',(58.4244196,15.730074));
#1087 = ( GEOMETRIC_REPRESENTATION_CONTEXT(2) 
PARAMETRIC_REPRESENTATION_CONTEXT() REPRESENTATION_CONTEXT('2D SPACE',''
  ) );
#1088 = PCURVE('',#1089,#1094);
#1089 = CYLINDRICAL_SURFACE('',#1090,0.5500116);
#1090 = AXIS2_PLACEMENT_3D('',#1091,#1092,#1093);
#1091 = CARTESIAN_POINT('',(57.874408,-57.319926,-0.1));
#1092 = DIRECTION('',(-0.,-0.,-1.));
#1093 = DIRECTION('',(1.,0.,0.));
#1094 = DEFINITIONAL_REPRESENTATION('',(#1095),#1099);
#1095 = LINE('',#1096,#1097);
#1096 = CARTESIAN_POINT('',(-6.28318530718,-1.7));
#1097 = VECTOR('',#1098,1.);
#1098 = DIRECTION('',(1.,-0.));
#1099 = ( GEOMETRIC_REPRESENTATION_CONTEXT(2) 
PARAMETRIC_REPRESENTATION_CONTEXT() REPRESENTATION_CONTEXT('2D SPACE',''
  ) );
#1100 = FACE_BOUND('',#1101,.T.);
#1101 = EDGE_LOOP('',(#1102));
#1102 = ORIENTED_EDGE('',*,*,#1103,.T.);
#1103 = EDGE_CURVE('',#1104,#1104,#1106,.T.);
#1104 = VERTEX_POINT('',#1105);
#1105 = CARTESIAN_POINT('',(82.0999628,-69.550026,1.6));
#1106 = SURFACE_CURVE('',#1107,(#1112,#1123),.PCURVE_S1.);
#1107 = CIRCLE('',#1108,1.5999968);
#1108 = AXIS2_PLACEMENT_3D('',#1109,#1110,#1111);
#1109 = CARTESIAN_POINT('',(80.499966,-69.550026,1.6));
#1110 = DIRECTION('',(0.,0.,-1.));
#1111 = DIRECTION('',(1.,0.,0.));
#1112 = PCURVE('',#264,#1113);
#1113 = DEFINITIONAL_REPRESENTATION('',(#1114),#1122);
#1114 = ( BOUNDED_CURVE() B_SPLINE_CURVE(2,(#1115,#1116,#1117,#1118,
#1119,#1120,#1121),.UNSPECIFIED.,.T.,.F.) B_SPLINE_CURVE_WITH_KNOTS((1,2
    ,2,2,2,1),(-2.094395102393,0.,2.094395102393,4.188790204786,
6.28318530718,8.377580409573),.UNSPECIFIED.) CURVE() 
GEOMETRIC_REPRESENTATION_ITEM() RATIONAL_B_SPLINE_CURVE((1.,0.5,1.,0.5,
1.,0.5,1.)) REPRESENTATION_ITEM('') );
#1115 = CARTESIAN_POINT('',(82.0999628,3.499974));
#1116 = CARTESIAN_POINT('',(82.0999628,0.728698250452));
#1117 = CARTESIAN_POINT('',(79.6999676,2.114336125226));
#1118 = CARTESIAN_POINT('',(77.2999724,3.499974));
#1119 = CARTESIAN_POINT('',(79.6999676,4.885611874774));
#1120 = CARTESIAN_POINT('',(82.0999628,6.271249749548));
#1121 = CARTESIAN_POINT('',(82.0999628,3.499974));
#1122 = ( GEOMETRIC_REPRESENTATION_CONTEXT(2) 
PARAMETRIC_REPRESENTATION_CONTEXT() REPRESENTATION_CONTEXT('2D SPACE',''
  ) );
#1123 = PCURVE('',#1124,#1129);
#1124 = CYLINDRICAL_SURFACE('',#1125,1.5999968);
#1125 = AXIS2_PLACEMENT_3D('',#1126,#1127,#1128);
#1126 = CARTESIAN_POINT('',(80.499966,-69.550026,-0.1));
#1127 = DIRECTION('',(-0.,-0.,-1.));
#1128 = DIRECTION('',(1.,0.,0.));
#1129 = DEFINITIONAL_REPRESENTATION('',(#1130),#1134);
#1130 = LINE('',#1131,#1132);
#1131 = CARTESIAN_POINT('',(-6.28318530718,-1.7));
#1132 = VECTOR('',#1133,1.);
#1133 = DIRECTION('',(1.,-0.));
#1134 = ( GEOMETRIC_REPRESENTATION_CONTEXT(2) 
PARAMETRIC_REPRESENTATION_CONTEXT() REPRESENTATION_CONTEXT('2D SPACE',''
  ) );
#1135 = FACE_BOUND('',#1136,.T.);
#1136 = EDGE_LOOP('',(#1137));
#1137 = ORIENTED_EDGE('',*,*,#1138,.T.);
#1138 = EDGE_CURVE('',#1139,#1139,#1141,.T.);
#1139 = VERTEX_POINT('',#1140);
#1140 = CARTESIAN_POINT('',(67.614292,-59.859926,1.6));
#1141 = SURFACE_CURVE('',#1142,(#1147,#1158),.PCURVE_S1.);
#1142 = CIRCLE('',#1143,0.8509);
#1143 = AXIS2_PLACEMENT_3D('',#1144,#1145,#1146);
#1144 = CARTESIAN_POINT('',(66.763392,-59.859926,1.6));
#1145 = DIRECTION('',(0.,0.,-1.));
#1146 = DIRECTION('',(1.,0.,0.));
#1147 = PCURVE('',#264,#1148);
#1148 = DEFINITIONAL_REPRESENTATION('',(#1149),#1157);
#1149 = ( BOUNDED_CURVE() B_SPLINE_CURVE(2,(#1150,#1151,#1152,#1153,
#1154,#1155,#1156),.UNSPECIFIED.,.T.,.F.) B_SPLINE_CURVE_WITH_KNOTS((1,2
    ,2,2,2,1),(-2.094395102393,0.,2.094395102393,4.188790204786,
6.28318530718,8.377580409573),.UNSPECIFIED.) CURVE() 
GEOMETRIC_REPRESENTATION_ITEM() RATIONAL_B_SPLINE_CURVE((1.,0.5,1.,0.5,
1.,0.5,1.)) REPRESENTATION_ITEM('') );
#1150 = CARTESIAN_POINT('',(67.614292,13.190074));
#1151 = CARTESIAN_POINT('',(67.614292,11.71627196784));
#1152 = CARTESIAN_POINT('',(66.337942,12.45317298392));
#1153 = CARTESIAN_POINT('',(65.061592,13.190074));
#1154 = CARTESIAN_POINT('',(66.337942,13.92697501608));
#1155 = CARTESIAN_POINT('',(67.614292,14.66387603216));
#1156 = CARTESIAN_POINT('',(67.614292,13.190074));
#1157 = ( GEOMETRIC_REPRESENTATION_CONTEXT(2) 
PARAMETRIC_REPRESENTATION_CONTEXT() REPRESENTATION_CONTEXT('2D SPACE',''
  ) );
#1158 = PCURVE('',#1159,#1164);
#1159 = CYLINDRICAL_SURFACE('',#1160,0.8509);
#1160 = AXIS2_PLACEMENT_3D('',#1161,#1162,#1163);
#1161 = CARTESIAN_POINT('',(66.763392,-59.859926,-0.1));
#1162 = DIRECTION('',(-0.,-0.,-1.));
#1163 = DIRECTION('',(1.,0.,0.));
#1164 = DEFINITIONAL_REPRESENTATION('',(#1165),#1169);
#1165 = LINE('',#1166,#1167);
#1166 = CARTESIAN_POINT('',(-6.28318530718,-1.7));
#1167 = VECTOR('',#1168,1.);
#1168 = DIRECTION('',(1.,-0.));
#1169 = ( GEOMETRIC_REPRESENTATION_CONTEXT(2) 
PARAMETRIC_REPRESENTATION_CONTEXT() REPRESENTATION_CONTEXT('2D SPACE',''
  ) );
#1170 = FACE_BOUND('',#1171,.T.);
#1171 = EDGE_LOOP('',(#1172));
#1172 = ORIENTED_EDGE('',*,*,#1173,.T.);
#1173 = EDGE_CURVE('',#1174,#1174,#1176,.T.);
#1174 = VERTEX_POINT('',#1175);
#1175 = CARTESIAN_POINT('',(64.7744196,-54.779926,1.6));
#1176 = SURFACE_CURVE('',#1177,(#1182,#1193),.PCURVE_S1.);
#1177 = CIRCLE('',#1178,0.5500116);
#1178 = AXIS2_PLACEMENT_3D('',#1179,#1180,#1181);
#1179 = CARTESIAN_POINT('',(64.224408,-54.779926,1.6));
#1180 = DIRECTION('',(0.,0.,-1.));
#1181 = DIRECTION('',(1.,0.,0.));
#1182 = PCURVE('',#264,#1183);
#1183 = DEFINITIONAL_REPRESENTATION('',(#1184),#1192);
#1184 = ( BOUNDED_CURVE() B_SPLINE_CURVE(2,(#1185,#1186,#1187,#1188,
#1189,#1190,#1191),.UNSPECIFIED.,.T.,.F.) B_SPLINE_CURVE_WITH_KNOTS((1,2
    ,2,2,2,1),(-2.094395102393,0.,2.094395102393,4.188790204786,
6.28318530718,8.377580409573),.UNSPECIFIED.) CURVE() 
GEOMETRIC_REPRESENTATION_ITEM() RATIONAL_B_SPLINE_CURVE((1.,0.5,1.,0.5,
1.,0.5,1.)) REPRESENTATION_ITEM('') );
#1185 = CARTESIAN_POINT('',(64.7744196,18.270074));
#1186 = CARTESIAN_POINT('',(64.7744196,17.317425964048));
#1187 = CARTESIAN_POINT('',(63.9494022,17.793749982024));
#1188 = CARTESIAN_POINT('',(63.1243848,18.270074));
#1189 = CARTESIAN_POINT('',(63.9494022,18.746398017976));
#1190 = CARTESIAN_POINT('',(64.7744196,19.222722035952));
#1191 = CARTESIAN_POINT('',(64.7744196,18.270074));
#1192 = ( GEOMETRIC_REPRESENTATION_CONTEXT(2) 
PARAMETRIC_REPRESENTATION_CONTEXT() REPRESENTATION_CONTEXT('2D SPACE',''
  ) );
#1193 = PCURVE('',#1194,#1199);
#1194 = CYLINDRICAL_SURFACE('',#1195,0.5500116);
#1195 = AXIS2_PLACEMENT_3D('',#1196,#1197,#1198);
#1196 = CARTESIAN_POINT('',(64.224408,-54.779926,-0.1));
#1197 = DIRECTION('',(-0.,-0.,-1.));
#1198 = DIRECTION('',(1.,0.,0.));
#1199 = DEFINITIONAL_REPRESENTATION('',(#1200),#1204);
#1200 = LINE('',#1201,#1202);
#1201 = CARTESIAN_POINT('',(-6.28318530718,-1.7));
#1202 = VECTOR('',#1203,1.);
#1203 = DIRECTION('',(1.,-0.));
#1204 = ( GEOMETRIC_REPRESENTATION_CONTEXT(2) 
PARAMETRIC_REPRESENTATION_CONTEXT() REPRESENTATION_CONTEXT('2D SPACE',''
  ) );
#1205 = FACE_BOUND('',#1206,.T.);
#1206 = EDGE_LOOP('',(#1207));
#1207 = ORIENTED_EDGE('',*,*,#1208,.T.);
#1208 = EDGE_CURVE('',#1209,#1209,#1211,.T.);
#1209 = VERTEX_POINT('',#1210);
#1210 = CARTESIAN_POINT('',(44.63288,-40.809926,1.6));
#1211 = SURFACE_CURVE('',#1212,(#1217,#1228),.PCURVE_S1.);
#1212 = CIRCLE('',#1213,1.999996);
#1213 = AXIS2_PLACEMENT_3D('',#1214,#1215,#1216);
#1214 = CARTESIAN_POINT('',(42.632884,-40.809926,1.6));
#1215 = DIRECTION('',(0.,0.,-1.));
#1216 = DIRECTION('',(1.,0.,0.));
#1217 = PCURVE('',#264,#1218);
#1218 = DEFINITIONAL_REPRESENTATION('',(#1219),#1227);
#1219 = ( BOUNDED_CURVE() B_SPLINE_CURVE(2,(#1220,#1221,#1222,#1223,
#1224,#1225,#1226),.UNSPECIFIED.,.T.,.F.) B_SPLINE_CURVE_WITH_KNOTS((1,2
    ,2,2,2,1),(-2.094395102393,0.,2.094395102393,4.188790204786,
6.28318530718,8.377580409573),.UNSPECIFIED.) CURVE() 
GEOMETRIC_REPRESENTATION_ITEM() RATIONAL_B_SPLINE_CURVE((1.,0.5,1.,0.5,
1.,0.5,1.)) REPRESENTATION_ITEM('') );
#1220 = CARTESIAN_POINT('',(44.63288,32.240074));
#1221 = CARTESIAN_POINT('',(44.63288,28.775979313065));
#1222 = CARTESIAN_POINT('',(41.632886,30.508026656533));
#1223 = CARTESIAN_POINT('',(38.632892,32.240074));
#1224 = CARTESIAN_POINT('',(41.632886,33.972121343467));
#1225 = CARTESIAN_POINT('',(44.63288,35.704168686935));
#1226 = CARTESIAN_POINT('',(44.63288,32.240074));
#1227 = ( GEOMETRIC_REPRESENTATION_CONTEXT(2) 
PARAMETRIC_REPRESENTATION_CONTEXT() REPRESENTATION_CONTEXT('2D SPACE',''
  ) );
#1228 = PCURVE('',#1229,#1234);
#1229 = CYLINDRICAL_SURFACE('',#1230,1.999996);
#1230 = AXIS2_PLACEMENT_3D('',#1231,#1232,#1233);
#1231 = CARTESIAN_POINT('',(42.632884,-40.809926,-0.1));
#1232 = DIRECTION('',(-0.,-0.,-1.));
#1233 = DIRECTION('',(1.,0.,0.));
#1234 = DEFINITIONAL_REPRESENTATION('',(#1235),#1239);
#1235 = LINE('',#1236,#1237);
#1236 = CARTESIAN_POINT('',(-6.28318530718,-1.7));
#1237 = VECTOR('',#1238,1.);
#1238 = DIRECTION('',(1.,-0.));
#1239 = ( GEOMETRIC_REPRESENTATION_CONTEXT(2) 
PARAMETRIC_REPRESENTATION_CONTEXT() REPRESENTATION_CONTEXT('2D SPACE',''
  ) );
#1240 = FACE_BOUND('',#1241,.T.);
#1241 = EDGE_LOOP('',(#1242));
#1242 = ORIENTED_EDGE('',*,*,#1243,.T.);
#1243 = EDGE_CURVE('',#1244,#1244,#1246,.T.);
#1244 = VERTEX_POINT('',#1245);
#1245 = CARTESIAN_POINT('',(48.563784,-40.809926,1.6));
#1246 = SURFACE_CURVE('',#1247,(#1252,#1263),.PCURVE_S1.);
#1247 = CIRCLE('',#1248,0.8509);
#1248 = AXIS2_PLACEMENT_3D('',#1249,#1250,#1251);
#1249 = CARTESIAN_POINT('',(47.712884,-40.809926,1.6));
#1250 = DIRECTION('',(0.,0.,-1.));
#1251 = DIRECTION('',(1.,0.,0.));
#1252 = PCURVE('',#264,#1253);
#1253 = DEFINITIONAL_REPRESENTATION('',(#1254),#1262);
#1254 = ( BOUNDED_CURVE() B_SPLINE_CURVE(2,(#1255,#1256,#1257,#1258,
#1259,#1260,#1261),.UNSPECIFIED.,.T.,.F.) B_SPLINE_CURVE_WITH_KNOTS((1,2
    ,2,2,2,1),(-2.094395102393,0.,2.094395102393,4.188790204786,
6.28318530718,8.377580409573),.UNSPECIFIED.) CURVE() 
GEOMETRIC_REPRESENTATION_ITEM() RATIONAL_B_SPLINE_CURVE((1.,0.5,1.,0.5,
1.,0.5,1.)) REPRESENTATION_ITEM('') );
#1255 = CARTESIAN_POINT('',(48.563784,32.240074));
#1256 = CARTESIAN_POINT('',(48.563784,30.76627196784));
#1257 = CARTESIAN_POINT('',(47.287434,31.50317298392));
#1258 = CARTESIAN_POINT('',(46.011084,32.240074));
#1259 = CARTESIAN_POINT('',(47.287434,32.97697501608));
#1260 = CARTESIAN_POINT('',(48.563784,33.71387603216));
#1261 = CARTESIAN_POINT('',(48.563784,32.240074));
#1262 = ( GEOMETRIC_REPRESENTATION_CONTEXT(2) 
PARAMETRIC_REPRESENTATION_CONTEXT() REPRESENTATION_CONTEXT('2D SPACE',''
  ) );
#1263 = PCURVE('',#1264,#1269);
#1264 = CYLINDRICAL_SURFACE('',#1265,0.8509);
#1265 = AXIS2_PLACEMENT_3D('',#1266,#1267,#1268);
#1266 = CARTESIAN_POINT('',(47.712884,-40.809926,-0.1));
#1267 = DIRECTION('',(-0.,-0.,-1.));
#1268 = DIRECTION('',(1.,0.,0.));
#1269 = DEFINITIONAL_REPRESENTATION('',(#1270),#1274);
#1270 = LINE('',#1271,#1272);
#1271 = CARTESIAN_POINT('',(-6.28318530718,-1.7));
#1272 = VECTOR('',#1273,1.);
#1273 = DIRECTION('',(1.,-0.));
#1274 = ( GEOMETRIC_REPRESENTATION_CONTEXT(2) 
PARAMETRIC_REPRESENTATION_CONTEXT() REPRESENTATION_CONTEXT('2D SPACE',''
  ) );
#1275 = FACE_BOUND('',#1276,.T.);
#1276 = EDGE_LOOP('',(#1277));
#1277 = ORIENTED_EDGE('',*,*,#1278,.T.);
#1278 = EDGE_CURVE('',#1279,#1279,#1281,.T.);
#1279 = VERTEX_POINT('',#1280);
#1280 = CARTESIAN_POINT('',(57.454292,-40.809926,1.6));
#1281 = SURFACE_CURVE('',#1282,(#1287,#1298),.PCURVE_S1.);
#1282 = CIRCLE('',#1283,0.8509);
#1283 = AXIS2_PLACEMENT_3D('',#1284,#1285,#1286);
#1284 = CARTESIAN_POINT('',(56.603392,-40.809926,1.6));
#1285 = DIRECTION('',(0.,0.,-1.));
#1286 = DIRECTION('',(1.,0.,0.));
#1287 = PCURVE('',#264,#1288);
#1288 = DEFINITIONAL_REPRESENTATION('',(#1289),#1297);
#1289 = ( BOUNDED_CURVE() B_SPLINE_CURVE(2,(#1290,#1291,#1292,#1293,
#1294,#1295,#1296),.UNSPECIFIED.,.T.,.F.) B_SPLINE_CURVE_WITH_KNOTS((1,2
    ,2,2,2,1),(-2.094395102393,0.,2.094395102393,4.188790204786,
6.28318530718,8.377580409573),.UNSPECIFIED.) CURVE() 
GEOMETRIC_REPRESENTATION_ITEM() RATIONAL_B_SPLINE_CURVE((1.,0.5,1.,0.5,
1.,0.5,1.)) REPRESENTATION_ITEM('') );
#1290 = CARTESIAN_POINT('',(57.454292,32.240074));
#1291 = CARTESIAN_POINT('',(57.454292,30.76627196784));
#1292 = CARTESIAN_POINT('',(56.177942,31.50317298392));
#1293 = CARTESIAN_POINT('',(54.901592,32.240074));
#1294 = CARTESIAN_POINT('',(56.177942,32.97697501608));
#1295 = CARTESIAN_POINT('',(57.454292,33.71387603216));
#1296 = CARTESIAN_POINT('',(57.454292,32.240074));
#1297 = ( GEOMETRIC_REPRESENTATION_CONTEXT(2) 
PARAMETRIC_REPRESENTATION_CONTEXT() REPRESENTATION_CONTEXT('2D SPACE',''
  ) );
#1298 = PCURVE('',#1299,#1304);
#1299 = CYLINDRICAL_SURFACE('',#1300,0.8509);
#1300 = AXIS2_PLACEMENT_3D('',#1301,#1302,#1303);
#1301 = CARTESIAN_POINT('',(56.603392,-40.809926,-0.1));
#1302 = DIRECTION('',(-0.,-0.,-1.));
#1303 = DIRECTION('',(1.,0.,0.));
#1304 = DEFINITIONAL_REPRESENTATION('',(#1305),#1309);
#1305 = LINE('',#1306,#1307);
#1306 = CARTESIAN_POINT('',(-6.28318530718,-1.7));
#1307 = VECTOR('',#1308,1.);
#1308 = DIRECTION('',(1.,-0.));
#1309 = ( GEOMETRIC_REPRESENTATION_CONTEXT(2) 
PARAMETRIC_REPRESENTATION_CONTEXT() REPRESENTATION_CONTEXT('2D SPACE',''
  ) );
#1310 = FACE_BOUND('',#1311,.T.);
#1311 = EDGE_LOOP('',(#1312));
#1312 = ORIENTED_EDGE('',*,*,#1313,.T.);
#1313 = EDGE_CURVE('',#1314,#1314,#1316,.T.);
#1314 = VERTEX_POINT('',#1315);
#1315 = CARTESIAN_POINT('',(63.683388,-40.809926,1.6));
#1316 = SURFACE_CURVE('',#1317,(#1322,#1333),.PCURVE_S1.);
#1317 = CIRCLE('',#1318,1.999996);
#1318 = AXIS2_PLACEMENT_3D('',#1319,#1320,#1321);
#1319 = CARTESIAN_POINT('',(61.683392,-40.809926,1.6));
#1320 = DIRECTION('',(0.,0.,-1.));
#1321 = DIRECTION('',(1.,0.,0.));
#1322 = PCURVE('',#264,#1323);
#1323 = DEFINITIONAL_REPRESENTATION('',(#1324),#1332);
#1324 = ( BOUNDED_CURVE() B_SPLINE_CURVE(2,(#1325,#1326,#1327,#1328,
#1329,#1330,#1331),.UNSPECIFIED.,.T.,.F.) B_SPLINE_CURVE_WITH_KNOTS((1,2
    ,2,2,2,1),(-2.094395102393,0.,2.094395102393,4.188790204786,
6.28318530718,8.377580409573),.UNSPECIFIED.) CURVE() 
GEOMETRIC_REPRESENTATION_ITEM() RATIONAL_B_SPLINE_CURVE((1.,0.5,1.,0.5,
1.,0.5,1.)) REPRESENTATION_ITEM('') );
#1325 = CARTESIAN_POINT('',(63.683388,32.240074));
#1326 = CARTESIAN_POINT('',(63.683388,28.775979313065));
#1327 = CARTESIAN_POINT('',(60.683394,30.508026656533));
#1328 = CARTESIAN_POINT('',(57.6834,32.240074));
#1329 = CARTESIAN_POINT('',(60.683394,33.972121343467));
#1330 = CARTESIAN_POINT('',(63.683388,35.704168686935));
#1331 = CARTESIAN_POINT('',(63.683388,32.240074));
#1332 = ( GEOMETRIC_REPRESENTATION_CONTEXT(2) 
PARAMETRIC_REPRESENTATION_CONTEXT() REPRESENTATION_CONTEXT('2D SPACE',''
  ) );
#1333 = PCURVE('',#1334,#1339);
#1334 = CYLINDRICAL_SURFACE('',#1335,1.999996);
#1335 = AXIS2_PLACEMENT_3D('',#1336,#1337,#1338);
#1336 = CARTESIAN_POINT('',(61.683392,-40.809926,-0.1));
#1337 = DIRECTION('',(-0.,-0.,-1.));
#1338 = DIRECTION('',(1.,0.,0.));
#1339 = DEFINITIONAL_REPRESENTATION('',(#1340),#1344);
#1340 = LINE('',#1341,#1342);
#1341 = CARTESIAN_POINT('',(-6.28318530718,-1.7));
#1342 = VECTOR('',#1343,1.);
#1343 = DIRECTION('',(1.,-0.));
#1344 = ( GEOMETRIC_REPRESENTATION_CONTEXT(2) 
PARAMETRIC_REPRESENTATION_CONTEXT() REPRESENTATION_CONTEXT('2D SPACE',''
  ) );
#1345 = FACE_BOUND('',#1346,.T.);
#1346 = EDGE_LOOP('',(#1347));
#1347 = ORIENTED_EDGE('',*,*,#1348,.T.);
#1348 = EDGE_CURVE('',#1349,#1349,#1351,.T.);
#1349 = VERTEX_POINT('',#1350);
#1350 = CARTESIAN_POINT('',(58.4244196,-38.269926,1.6));
#1351 = SURFACE_CURVE('',#1352,(#1357,#1368),.PCURVE_S1.);
#1352 = CIRCLE('',#1353,0.5500116);
#1353 = AXIS2_PLACEMENT_3D('',#1354,#1355,#1356);
#1354 = CARTESIAN_POINT('',(57.874408,-38.269926,1.6));
#1355 = DIRECTION('',(0.,0.,-1.));
#1356 = DIRECTION('',(1.,0.,0.));
#1357 = PCURVE('',#264,#1358);
#1358 = DEFINITIONAL_REPRESENTATION('',(#1359),#1367);
#1359 = ( BOUNDED_CURVE() B_SPLINE_CURVE(2,(#1360,#1361,#1362,#1363,
#1364,#1365,#1366),.UNSPECIFIED.,.T.,.F.) B_SPLINE_CURVE_WITH_KNOTS((1,2
    ,2,2,2,1),(-2.094395102393,0.,2.094395102393,4.188790204786,
6.28318530718,8.377580409573),.UNSPECIFIED.) CURVE() 
GEOMETRIC_REPRESENTATION_ITEM() RATIONAL_B_SPLINE_CURVE((1.,0.5,1.,0.5,
1.,0.5,1.)) REPRESENTATION_ITEM('') );
#1360 = CARTESIAN_POINT('',(58.4244196,34.780074));
#1361 = CARTESIAN_POINT('',(58.4244196,33.827425964048));
#1362 = CARTESIAN_POINT('',(57.5994022,34.303749982024));
#1363 = CARTESIAN_POINT('',(56.7743848,34.780074));
#1364 = CARTESIAN_POINT('',(57.5994022,35.256398017976));
#1365 = CARTESIAN_POINT('',(58.4244196,35.732722035952));
#1366 = CARTESIAN_POINT('',(58.4244196,34.780074));
#1367 = ( GEOMETRIC_REPRESENTATION_CONTEXT(2) 
PARAMETRIC_REPRESENTATION_CONTEXT() REPRESENTATION_CONTEXT('2D SPACE',''
  ) );
#1368 = PCURVE('',#1369,#1374);
#1369 = CYLINDRICAL_SURFACE('',#1370,0.5500116);
#1370 = AXIS2_PLACEMENT_3D('',#1371,#1372,#1373);
#1371 = CARTESIAN_POINT('',(57.874408,-38.269926,-0.1));
#1372 = DIRECTION('',(-0.,-0.,-1.));
#1373 = DIRECTION('',(1.,0.,0.));
#1374 = DEFINITIONAL_REPRESENTATION('',(#1375),#1379);
#1375 = LINE('',#1376,#1377);
#1376 = CARTESIAN_POINT('',(-6.28318530718,-1.7));
#1377 = VECTOR('',#1378,1.);
#1378 = DIRECTION('',(1.,-0.));
#1379 = ( GEOMETRIC_REPRESENTATION_CONTEXT(2) 
PARAMETRIC_REPRESENTATION_CONTEXT() REPRESENTATION_CONTEXT('2D SPACE',''
  ) );
#1380 = FACE_BOUND('',#1381,.T.);
#1381 = EDGE_LOOP('',(#1382));
#1382 = ORIENTED_EDGE('',*,*,#1383,.T.);
#1383 = EDGE_CURVE('',#1384,#1384,#1386,.T.);
#1384 = VERTEX_POINT('',#1385);
#1385 = CARTESIAN_POINT('',(67.614292,-40.809926,1.6));
#1386 = SURFACE_CURVE('',#1387,(#1392,#1403),.PCURVE_S1.);
#1387 = CIRCLE('',#1388,0.8509);
#1388 = AXIS2_PLACEMENT_3D('',#1389,#1390,#1391);
#1389 = CARTESIAN_POINT('',(66.763392,-40.809926,1.6));
#1390 = DIRECTION('',(0.,0.,-1.));
#1391 = DIRECTION('',(1.,0.,0.));
#1392 = PCURVE('',#264,#1393);
#1393 = DEFINITIONAL_REPRESENTATION('',(#1394),#1402);
#1394 = ( BOUNDED_CURVE() B_SPLINE_CURVE(2,(#1395,#1396,#1397,#1398,
#1399,#1400,#1401),.UNSPECIFIED.,.T.,.F.) B_SPLINE_CURVE_WITH_KNOTS((1,2
    ,2,2,2,1),(-2.094395102393,0.,2.094395102393,4.188790204786,
6.28318530718,8.377580409573),.UNSPECIFIED.) CURVE() 
GEOMETRIC_REPRESENTATION_ITEM() RATIONAL_B_SPLINE_CURVE((1.,0.5,1.,0.5,
1.,0.5,1.)) REPRESENTATION_ITEM('') );
#1395 = CARTESIAN_POINT('',(67.614292,32.240074));
#1396 = CARTESIAN_POINT('',(67.614292,30.76627196784));
#1397 = CARTESIAN_POINT('',(66.337942,31.50317298392));
#1398 = CARTESIAN_POINT('',(65.061592,32.240074));
#1399 = CARTESIAN_POINT('',(66.337942,32.97697501608));
#1400 = CARTESIAN_POINT('',(67.614292,33.71387603216));
#1401 = CARTESIAN_POINT('',(67.614292,32.240074));
#1402 = ( GEOMETRIC_REPRESENTATION_CONTEXT(2) 
PARAMETRIC_REPRESENTATION_CONTEXT() REPRESENTATION_CONTEXT('2D SPACE',''
  ) );
#1403 = PCURVE('',#1404,#1409);
#1404 = CYLINDRICAL_SURFACE('',#1405,0.8509);
#1405 = AXIS2_PLACEMENT_3D('',#1406,#1407,#1408);
#1406 = CARTESIAN_POINT('',(66.763392,-40.809926,-0.1));
#1407 = DIRECTION('',(-0.,-0.,-1.));
#1408 = DIRECTION('',(1.,0.,0.));
#1409 = DEFINITIONAL_REPRESENTATION('',(#1410),#1414);
#1410 = LINE('',#1411,#1412);
#1411 = CARTESIAN_POINT('',(-6.28318530718,-1.7));
#1412 = VECTOR('',#1413,1.);
#1413 = DIRECTION('',(1.,-0.));
#1414 = ( GEOMETRIC_REPRESENTATION_CONTEXT(2) 
PARAMETRIC_REPRESENTATION_CONTEXT() REPRESENTATION_CONTEXT('2D SPACE',''
  ) );
#1415 = FACE_BOUND('',#1416,.T.);
#1416 = EDGE_LOOP('',(#1417));
#1417 = ORIENTED_EDGE('',*,*,#1418,.T.);
#1418 = EDGE_CURVE('',#1419,#1419,#1421,.T.);
#1419 = VERTEX_POINT('',#1420);
#1420 = CARTESIAN_POINT('',(13.6840976,-21.249132,1.6));
#1421 = SURFACE_CURVE('',#1422,(#1427,#1438),.PCURVE_S1.);
#1422 = CIRCLE('',#1423,0.5500116);
#1423 = AXIS2_PLACEMENT_3D('',#1424,#1425,#1426);
#1424 = CARTESIAN_POINT('',(13.134086,-21.249132,1.6));
#1425 = DIRECTION('',(0.,0.,-1.));
#1426 = DIRECTION('',(1.,0.,0.));
#1427 = PCURVE('',#264,#1428);
#1428 = DEFINITIONAL_REPRESENTATION('',(#1429),#1437);
#1429 = ( BOUNDED_CURVE() B_SPLINE_CURVE(2,(#1430,#1431,#1432,#1433,
#1434,#1435,#1436),.UNSPECIFIED.,.T.,.F.) B_SPLINE_CURVE_WITH_KNOTS((1,2
    ,2,2,2,1),(-2.094395102393,0.,2.094395102393,4.188790204786,
6.28318530718,8.377580409573),.UNSPECIFIED.) CURVE() 
GEOMETRIC_REPRESENTATION_ITEM() RATIONAL_B_SPLINE_CURVE((1.,0.5,1.,0.5,
1.,0.5,1.)) REPRESENTATION_ITEM('') );
#1430 = CARTESIAN_POINT('',(13.6840976,51.800868));
#1431 = CARTESIAN_POINT('',(13.6840976,50.848219964048));
#1432 = CARTESIAN_POINT('',(12.8590802,51.324543982024));
#1433 = CARTESIAN_POINT('',(12.0340628,51.800868));
#1434 = CARTESIAN_POINT('',(12.8590802,52.277192017976));
#1435 = CARTESIAN_POINT('',(13.6840976,52.753516035952));
#1436 = CARTESIAN_POINT('',(13.6840976,51.800868));
#1437 = ( GEOMETRIC_REPRESENTATION_CONTEXT(2) 
PARAMETRIC_REPRESENTATION_CONTEXT() REPRESENTATION_CONTEXT('2D SPACE',''
  ) );
#1438 = PCURVE('',#1439,#1444);
#1439 = CYLINDRICAL_SURFACE('',#1440,0.5500116);
#1440 = AXIS2_PLACEMENT_3D('',#1441,#1442,#1443);
#1441 = CARTESIAN_POINT('',(13.134086,-21.249132,-0.1));
#1442 = DIRECTION('',(-0.,-0.,-1.));
#1443 = DIRECTION('',(1.,0.,0.));
#1444 = DEFINITIONAL_REPRESENTATION('',(#1445),#1449);
#1445 = LINE('',#1446,#1447);
#1446 = CARTESIAN_POINT('',(-6.28318530718,-1.7));
#1447 = VECTOR('',#1448,1.);
#1448 = DIRECTION('',(1.,-0.));
#1449 = ( GEOMETRIC_REPRESENTATION_CONTEXT(2) 
PARAMETRIC_REPRESENTATION_CONTEXT() REPRESENTATION_CONTEXT('2D SPACE',''
  ) );
#1450 = FACE_BOUND('',#1451,.T.);
#1451 = EDGE_LOOP('',(#1452));
#1452 = ORIENTED_EDGE('',*,*,#1453,.T.);
#1453 = EDGE_CURVE('',#1454,#1454,#1456,.T.);
#1454 = VERTEX_POINT('',#1455);
#1455 = CARTESIAN_POINT('',(16.1859976,-21.249132,1.6));
#1456 = SURFACE_CURVE('',#1457,(#1462,#1473),.PCURVE_S1.);
#1457 = CIRCLE('',#1458,0.5500116);
#1458 = AXIS2_PLACEMENT_3D('',#1459,#1460,#1461);
#1459 = CARTESIAN_POINT('',(15.635986,-21.249132,1.6));
#1460 = DIRECTION('',(0.,0.,-1.));
#1461 = DIRECTION('',(1.,0.,0.));
#1462 = PCURVE('',#264,#1463);
#1463 = DEFINITIONAL_REPRESENTATION('',(#1464),#1472);
#1464 = ( BOUNDED_CURVE() B_SPLINE_CURVE(2,(#1465,#1466,#1467,#1468,
#1469,#1470,#1471),.UNSPECIFIED.,.T.,.F.) B_SPLINE_CURVE_WITH_KNOTS((1,2
    ,2,2,2,1),(-2.094395102393,0.,2.094395102393,4.188790204786,
6.28318530718,8.377580409573),.UNSPECIFIED.) CURVE() 
GEOMETRIC_REPRESENTATION_ITEM() RATIONAL_B_SPLINE_CURVE((1.,0.5,1.,0.5,
1.,0.5,1.)) REPRESENTATION_ITEM('') );
#1465 = CARTESIAN_POINT('',(16.1859976,51.800868));
#1466 = CARTESIAN_POINT('',(16.1859976,50.848219964048));
#1467 = CARTESIAN_POINT('',(15.3609802,51.324543982024));
#1468 = CARTESIAN_POINT('',(14.5359628,51.800868));
#1469 = CARTESIAN_POINT('',(15.3609802,52.277192017976));
#1470 = CARTESIAN_POINT('',(16.1859976,52.753516035952));
#1471 = CARTESIAN_POINT('',(16.1859976,51.800868));
#1472 = ( GEOMETRIC_REPRESENTATION_CONTEXT(2) 
PARAMETRIC_REPRESENTATION_CONTEXT() REPRESENTATION_CONTEXT('2D SPACE',''
  ) );
#1473 = PCURVE('',#1474,#1479);
#1474 = CYLINDRICAL_SURFACE('',#1475,0.5500116);
#1475 = AXIS2_PLACEMENT_3D('',#1476,#1477,#1478);
#1476 = CARTESIAN_POINT('',(15.635986,-21.249132,-0.1));
#1477 = DIRECTION('',(-0.,-0.,-1.));
#1478 = DIRECTION('',(1.,0.,0.));
#1479 = DEFINITIONAL_REPRESENTATION('',(#1480),#1484);
#1480 = LINE('',#1481,#1482);
#1481 = CARTESIAN_POINT('',(-6.28318530718,-1.7));
#1482 = VECTOR('',#1483,1.);
#1483 = DIRECTION('',(1.,-0.));
#1484 = ( GEOMETRIC_REPRESENTATION_CONTEXT(2) 
PARAMETRIC_REPRESENTATION_CONTEXT() REPRESENTATION_CONTEXT('2D SPACE',''
  ) );
#1485 = FACE_BOUND('',#1486,.T.);
#1486 = EDGE_LOOP('',(#1487));
#1487 = ORIENTED_EDGE('',*,*,#1488,.T.);
#1488 = EDGE_CURVE('',#1489,#1489,#1491,.T.);
#1489 = VERTEX_POINT('',#1490);
#1490 = CARTESIAN_POINT('',(18.6853576,-21.249132,1.6));
#1491 = SURFACE_CURVE('',#1492,(#1497,#1508),.PCURVE_S1.);
#1492 = CIRCLE('',#1493,0.5500116);
#1493 = AXIS2_PLACEMENT_3D('',#1494,#1495,#1496);
#1494 = CARTESIAN_POINT('',(18.135346,-21.249132,1.6));
#1495 = DIRECTION('',(0.,0.,-1.));
#1496 = DIRECTION('',(1.,0.,0.));
#1497 = PCURVE('',#264,#1498);
#1498 = DEFINITIONAL_REPRESENTATION('',(#1499),#1507);
#1499 = ( BOUNDED_CURVE() B_SPLINE_CURVE(2,(#1500,#1501,#1502,#1503,
#1504,#1505,#1506),.UNSPECIFIED.,.T.,.F.) B_SPLINE_CURVE_WITH_KNOTS((1,2
    ,2,2,2,1),(-2.094395102393,0.,2.094395102393,4.188790204786,
6.28318530718,8.377580409573),.UNSPECIFIED.) CURVE() 
GEOMETRIC_REPRESENTATION_ITEM() RATIONAL_B_SPLINE_CURVE((1.,0.5,1.,0.5,
1.,0.5,1.)) REPRESENTATION_ITEM('') );
#1500 = CARTESIAN_POINT('',(18.6853576,51.800868));
#1501 = CARTESIAN_POINT('',(18.6853576,50.848219964048));
#1502 = CARTESIAN_POINT('',(17.8603402,51.324543982024));
#1503 = CARTESIAN_POINT('',(17.0353228,51.800868));
#1504 = CARTESIAN_POINT('',(17.8603402,52.277192017976));
#1505 = CARTESIAN_POINT('',(18.6853576,52.753516035952));
#1506 = CARTESIAN_POINT('',(18.6853576,51.800868));
#1507 = ( GEOMETRIC_REPRESENTATION_CONTEXT(2) 
PARAMETRIC_REPRESENTATION_CONTEXT() REPRESENTATION_CONTEXT('2D SPACE',''
  ) );
#1508 = PCURVE('',#1509,#1514);
#1509 = CYLINDRICAL_SURFACE('',#1510,0.5500116);
#1510 = AXIS2_PLACEMENT_3D('',#1511,#1512,#1513);
#1511 = CARTESIAN_POINT('',(18.135346,-21.249132,-0.1));
#1512 = DIRECTION('',(-0.,-0.,-1.));
#1513 = DIRECTION('',(1.,0.,0.));
#1514 = DEFINITIONAL_REPRESENTATION('',(#1515),#1519);
#1515 = LINE('',#1516,#1517);
#1516 = CARTESIAN_POINT('',(-6.28318530718,-1.7));
#1517 = VECTOR('',#1518,1.);
#1518 = DIRECTION('',(1.,-0.));
#1519 = ( GEOMETRIC_REPRESENTATION_CONTEXT(2) 
PARAMETRIC_REPRESENTATION_CONTEXT() REPRESENTATION_CONTEXT('2D SPACE',''
  ) );
#1520 = FACE_BOUND('',#1521,.T.);
#1521 = EDGE_LOOP('',(#1522));
#1522 = ORIENTED_EDGE('',*,*,#1523,.T.);
#1523 = EDGE_CURVE('',#1524,#1524,#1526,.T.);
#1524 = VERTEX_POINT('',#1525);
#1525 = CARTESIAN_POINT('',(26.6759436,-35.729926,1.6));
#1526 = SURFACE_CURVE('',#1527,(#1532,#1543),.PCURVE_S1.);
#1527 = CIRCLE('',#1528,0.5500116);
#1528 = AXIS2_PLACEMENT_3D('',#1529,#1530,#1531);
#1529 = CARTESIAN_POINT('',(26.125932,-35.729926,1.6));
#1530 = DIRECTION('',(0.,0.,-1.));
#1531 = DIRECTION('',(1.,0.,0.));
#1532 = PCURVE('',#264,#1533);
#1533 = DEFINITIONAL_REPRESENTATION('',(#1534),#1542);
#1534 = ( BOUNDED_CURVE() B_SPLINE_CURVE(2,(#1535,#1536,#1537,#1538,
#1539,#1540,#1541),.UNSPECIFIED.,.T.,.F.) B_SPLINE_CURVE_WITH_KNOTS((1,2
    ,2,2,2,1),(-2.094395102393,0.,2.094395102393,4.188790204786,
6.28318530718,8.377580409573),.UNSPECIFIED.) CURVE() 
GEOMETRIC_REPRESENTATION_ITEM() RATIONAL_B_SPLINE_CURVE((1.,0.5,1.,0.5,
1.,0.5,1.)) REPRESENTATION_ITEM('') );
#1535 = CARTESIAN_POINT('',(26.6759436,37.320074));
#1536 = CARTESIAN_POINT('',(26.6759436,36.367425964048));
#1537 = CARTESIAN_POINT('',(25.8509262,36.843749982024));
#1538 = CARTESIAN_POINT('',(25.0259088,37.320074));
#1539 = CARTESIAN_POINT('',(25.8509262,37.796398017976));
#1540 = CARTESIAN_POINT('',(26.6759436,38.272722035952));
#1541 = CARTESIAN_POINT('',(26.6759436,37.320074));
#1542 = ( GEOMETRIC_REPRESENTATION_CONTEXT(2) 
PARAMETRIC_REPRESENTATION_CONTEXT() REPRESENTATION_CONTEXT('2D SPACE',''
  ) );
#1543 = PCURVE('',#1544,#1549);
#1544 = CYLINDRICAL_SURFACE('',#1545,0.5500116);
#1545 = AXIS2_PLACEMENT_3D('',#1546,#1547,#1548);
#1546 = CARTESIAN_POINT('',(26.125932,-35.729926,-0.1));
#1547 = DIRECTION('',(-0.,-0.,-1.));
#1548 = DIRECTION('',(1.,0.,0.));
#1549 = DEFINITIONAL_REPRESENTATION('',(#1550),#1554);
#1550 = LINE('',#1551,#1552);
#1551 = CARTESIAN_POINT('',(-6.28318530718,-1.7));
#1552 = VECTOR('',#1553,1.);
#1553 = DIRECTION('',(1.,-0.));
#1554 = ( GEOMETRIC_REPRESENTATION_CONTEXT(2) 
PARAMETRIC_REPRESENTATION_CONTEXT() REPRESENTATION_CONTEXT('2D SPACE',''
  ) );
#1555 = FACE_BOUND('',#1556,.T.);
#1556 = EDGE_LOOP('',(#1557));
#1557 = ORIENTED_EDGE('',*,*,#1558,.T.);
#1558 = EDGE_CURVE('',#1559,#1559,#1561,.T.);
#1559 = VERTEX_POINT('',#1560);
#1560 = CARTESIAN_POINT('',(25.498679,-21.614892,1.6));
#1561 = SURFACE_CURVE('',#1562,(#1567,#1578),.PCURVE_S1.);
#1562 = CIRCLE('',#1563,0.499999);
#1563 = AXIS2_PLACEMENT_3D('',#1564,#1565,#1566);
#1564 = CARTESIAN_POINT('',(24.99868,-21.614892,1.6));
#1565 = DIRECTION('',(0.,0.,-1.));
#1566 = DIRECTION('',(1.,0.,0.));
#1567 = PCURVE('',#264,#1568);
#1568 = DEFINITIONAL_REPRESENTATION('',(#1569),#1577);
#1569 = ( BOUNDED_CURVE() B_SPLINE_CURVE(2,(#1570,#1571,#1572,#1573,
#1574,#1575,#1576),.UNSPECIFIED.,.T.,.F.) B_SPLINE_CURVE_WITH_KNOTS((1,2
    ,2,2,2,1),(-2.094395102393,0.,2.094395102393,4.188790204786,
6.28318530718,8.377580409573),.UNSPECIFIED.) CURVE() 
GEOMETRIC_REPRESENTATION_ITEM() RATIONAL_B_SPLINE_CURVE((1.,0.5,1.,0.5,
1.,0.5,1.)) REPRESENTATION_ITEM('') );
#1570 = CARTESIAN_POINT('',(25.498679,51.435108));
#1571 = CARTESIAN_POINT('',(25.498679,50.569084328266));
#1572 = CARTESIAN_POINT('',(24.7486805,51.002096164133));
#1573 = CARTESIAN_POINT('',(23.998682,51.435108));
#1574 = CARTESIAN_POINT('',(24.7486805,51.868119835867));
#1575 = CARTESIAN_POINT('',(25.498679,52.301131671734));
#1576 = CARTESIAN_POINT('',(25.498679,51.435108));
#1577 = ( GEOMETRIC_REPRESENTATION_CONTEXT(2) 
PARAMETRIC_REPRESENTATION_CONTEXT() REPRESENTATION_CONTEXT('2D SPACE',''
  ) );
#1578 = PCURVE('',#1579,#1584);
#1579 = CYLINDRICAL_SURFACE('',#1580,0.499999);
#1580 = AXIS2_PLACEMENT_3D('',#1581,#1582,#1583);
#1581 = CARTESIAN_POINT('',(24.99868,-21.614892,-0.1));
#1582 = DIRECTION('',(-0.,-0.,-1.));
#1583 = DIRECTION('',(1.,0.,0.));
#1584 = DEFINITIONAL_REPRESENTATION('',(#1585),#1589);
#1585 = LINE('',#1586,#1587);
#1586 = CARTESIAN_POINT('',(-6.28318530718,-1.7));
#1587 = VECTOR('',#1588,1.);
#1588 = DIRECTION('',(1.,-0.));
#1589 = ( GEOMETRIC_REPRESENTATION_CONTEXT(2) 
PARAMETRIC_REPRESENTATION_CONTEXT() REPRESENTATION_CONTEXT('2D SPACE',''
  ) );
#1590 = FACE_BOUND('',#1591,.T.);
#1591 = EDGE_LOOP('',(#1592));
#1592 = ORIENTED_EDGE('',*,*,#1593,.T.);
#1593 = EDGE_CURVE('',#1594,#1594,#1596,.T.);
#1594 = VERTEX_POINT('',#1595);
#1595 = CARTESIAN_POINT('',(25.498679,-19.074892,1.6));
#1596 = SURFACE_CURVE('',#1597,(#1602,#1613),.PCURVE_S1.);
#1597 = CIRCLE('',#1598,0.499999);
#1598 = AXIS2_PLACEMENT_3D('',#1599,#1600,#1601);
#1599 = CARTESIAN_POINT('',(24.99868,-19.074892,1.6));
#1600 = DIRECTION('',(0.,0.,-1.));
#1601 = DIRECTION('',(1.,0.,0.));
#1602 = PCURVE('',#264,#1603);
#1603 = DEFINITIONAL_REPRESENTATION('',(#1604),#1612);
#1604 = ( BOUNDED_CURVE() B_SPLINE_CURVE(2,(#1605,#1606,#1607,#1608,
#1609,#1610,#1611),.UNSPECIFIED.,.T.,.F.) B_SPLINE_CURVE_WITH_KNOTS((1,2
    ,2,2,2,1),(-2.094395102393,0.,2.094395102393,4.188790204786,
6.28318530718,8.377580409573),.UNSPECIFIED.) CURVE() 
GEOMETRIC_REPRESENTATION_ITEM() RATIONAL_B_SPLINE_CURVE((1.,0.5,1.,0.5,
1.,0.5,1.)) REPRESENTATION_ITEM('') );
#1605 = CARTESIAN_POINT('',(25.498679,53.975108));
#1606 = CARTESIAN_POINT('',(25.498679,53.109084328266));
#1607 = CARTESIAN_POINT('',(24.7486805,53.542096164133));
#1608 = CARTESIAN_POINT('',(23.998682,53.975108));
#1609 = CARTESIAN_POINT('',(24.7486805,54.408119835867));
#1610 = CARTESIAN_POINT('',(25.498679,54.841131671734));
#1611 = CARTESIAN_POINT('',(25.498679,53.975108));
#1612 = ( GEOMETRIC_REPRESENTATION_CONTEXT(2) 
PARAMETRIC_REPRESENTATION_CONTEXT() REPRESENTATION_CONTEXT('2D SPACE',''
  ) );
#1613 = PCURVE('',#1614,#1619);
#1614 = CYLINDRICAL_SURFACE('',#1615,0.499999);
#1615 = AXIS2_PLACEMENT_3D('',#1616,#1617,#1618);
#1616 = CARTESIAN_POINT('',(24.99868,-19.074892,-0.1));
#1617 = DIRECTION('',(-0.,-0.,-1.));
#1618 = DIRECTION('',(1.,0.,0.));
#1619 = DEFINITIONAL_REPRESENTATION('',(#1620),#1624);
#1620 = LINE('',#1621,#1622);
#1621 = CARTESIAN_POINT('',(-6.28318530718,-1.7));
#1622 = VECTOR('',#1623,1.);
#1623 = DIRECTION('',(1.,-0.));
#1624 = ( GEOMETRIC_REPRESENTATION_CONTEXT(2) 
PARAMETRIC_REPRESENTATION_CONTEXT() REPRESENTATION_CONTEXT('2D SPACE',''
  ) );
#1625 = FACE_BOUND('',#1626,.T.);
#1626 = EDGE_LOOP('',(#1627));
#1627 = ORIENTED_EDGE('',*,*,#1628,.T.);
#1628 = EDGE_CURVE('',#1629,#1629,#1631,.T.);
#1629 = VERTEX_POINT('',#1630);
#1630 = CARTESIAN_POINT('',(28.920313,-22.704552,1.6));
#1631 = SURFACE_CURVE('',#1632,(#1637,#1648),.PCURVE_S1.);
#1632 = CIRCLE('',#1633,0.499999);
#1633 = AXIS2_PLACEMENT_3D('',#1634,#1635,#1636);
#1634 = CARTESIAN_POINT('',(28.420314,-22.704552,1.6));
#1635 = DIRECTION('',(0.,0.,-1.));
#1636 = DIRECTION('',(1.,0.,0.));
#1637 = PCURVE('',#264,#1638);
#1638 = DEFINITIONAL_REPRESENTATION('',(#1639),#1647);
#1639 = ( BOUNDED_CURVE() B_SPLINE_CURVE(2,(#1640,#1641,#1642,#1643,
#1644,#1645,#1646),.UNSPECIFIED.,.T.,.F.) B_SPLINE_CURVE_WITH_KNOTS((1,2
    ,2,2,2,1),(-2.094395102393,0.,2.094395102393,4.188790204786,
6.28318530718,8.377580409573),.UNSPECIFIED.) CURVE() 
GEOMETRIC_REPRESENTATION_ITEM() RATIONAL_B_SPLINE_CURVE((1.,0.5,1.,0.5,
1.,0.5,1.)) REPRESENTATION_ITEM('') );
#1640 = CARTESIAN_POINT('',(28.920313,50.345448));
#1641 = CARTESIAN_POINT('',(28.920313,49.479424328266));
#1642 = CARTESIAN_POINT('',(28.1703145,49.912436164133));
#1643 = CARTESIAN_POINT('',(27.420316,50.345448));
#1644 = CARTESIAN_POINT('',(28.1703145,50.778459835867));
#1645 = CARTESIAN_POINT('',(28.920313,51.211471671734));
#1646 = CARTESIAN_POINT('',(28.920313,50.345448));
#1647 = ( GEOMETRIC_REPRESENTATION_CONTEXT(2) 
PARAMETRIC_REPRESENTATION_CONTEXT() REPRESENTATION_CONTEXT('2D SPACE',''
  ) );
#1648 = PCURVE('',#1649,#1654);
#1649 = CYLINDRICAL_SURFACE('',#1650,0.499999);
#1650 = AXIS2_PLACEMENT_3D('',#1651,#1652,#1653);
#1651 = CARTESIAN_POINT('',(28.420314,-22.704552,-0.1));
#1652 = DIRECTION('',(-0.,-0.,-1.));
#1653 = DIRECTION('',(1.,0.,0.));
#1654 = DEFINITIONAL_REPRESENTATION('',(#1655),#1659);
#1655 = LINE('',#1656,#1657);
#1656 = CARTESIAN_POINT('',(-6.28318530718,-1.7));
#1657 = VECTOR('',#1658,1.);
#1658 = DIRECTION('',(1.,-0.));
#1659 = ( GEOMETRIC_REPRESENTATION_CONTEXT(2) 
PARAMETRIC_REPRESENTATION_CONTEXT() REPRESENTATION_CONTEXT('2D SPACE',''
  ) );
#1660 = FACE_BOUND('',#1661,.T.);
#1661 = EDGE_LOOP('',(#1662));
#1662 = ORIENTED_EDGE('',*,*,#1663,.T.);
#1663 = EDGE_CURVE('',#1664,#1664,#1666,.T.);
#1664 = VERTEX_POINT('',#1665);
#1665 = CARTESIAN_POINT('',(31.460313,-22.704552,1.6));
#1666 = SURFACE_CURVE('',#1667,(#1672,#1683),.PCURVE_S1.);
#1667 = CIRCLE('',#1668,0.499999);
#1668 = AXIS2_PLACEMENT_3D('',#1669,#1670,#1671);
#1669 = CARTESIAN_POINT('',(30.960314,-22.704552,1.6));
#1670 = DIRECTION('',(0.,0.,-1.));
#1671 = DIRECTION('',(1.,0.,0.));
#1672 = PCURVE('',#264,#1673);
#1673 = DEFINITIONAL_REPRESENTATION('',(#1674),#1682);
#1674 = ( BOUNDED_CURVE() B_SPLINE_CURVE(2,(#1675,#1676,#1677,#1678,
#1679,#1680,#1681),.UNSPECIFIED.,.T.,.F.) B_SPLINE_CURVE_WITH_KNOTS((1,2
    ,2,2,2,1),(-2.094395102393,0.,2.094395102393,4.188790204786,
6.28318530718,8.377580409573),.UNSPECIFIED.) CURVE() 
GEOMETRIC_REPRESENTATION_ITEM() RATIONAL_B_SPLINE_CURVE((1.,0.5,1.,0.5,
1.,0.5,1.)) REPRESENTATION_ITEM('') );
#1675 = CARTESIAN_POINT('',(31.460313,50.345448));
#1676 = CARTESIAN_POINT('',(31.460313,49.479424328266));
#1677 = CARTESIAN_POINT('',(30.7103145,49.912436164133));
#1678 = CARTESIAN_POINT('',(29.960316,50.345448));
#1679 = CARTESIAN_POINT('',(30.7103145,50.778459835867));
#1680 = CARTESIAN_POINT('',(31.460313,51.211471671734));
#1681 = CARTESIAN_POINT('',(31.460313,50.345448));
#1682 = ( GEOMETRIC_REPRESENTATION_CONTEXT(2) 
PARAMETRIC_REPRESENTATION_CONTEXT() REPRESENTATION_CONTEXT('2D SPACE',''
  ) );
#1683 = PCURVE('',#1684,#1689);
#1684 = CYLINDRICAL_SURFACE('',#1685,0.499999);
#1685 = AXIS2_PLACEMENT_3D('',#1686,#1687,#1688);
#1686 = CARTESIAN_POINT('',(30.960314,-22.704552,-0.1));
#1687 = DIRECTION('',(-0.,-0.,-1.));
#1688 = DIRECTION('',(1.,0.,0.));
#1689 = DEFINITIONAL_REPRESENTATION('',(#1690),#1694);
#1690 = LINE('',#1691,#1692);
#1691 = CARTESIAN_POINT('',(-6.28318530718,-1.7));
#1692 = VECTOR('',#1693,1.);
#1693 = DIRECTION('',(1.,-0.));
#1694 = ( GEOMETRIC_REPRESENTATION_CONTEXT(2) 
PARAMETRIC_REPRESENTATION_CONTEXT() REPRESENTATION_CONTEXT('2D SPACE',''
  ) );
#1695 = FACE_BOUND('',#1696,.T.);
#1696 = EDGE_LOOP('',(#1697));
#1697 = ORIENTED_EDGE('',*,*,#1698,.T.);
#1698 = EDGE_CURVE('',#1699,#1699,#1701,.T.);
#1699 = VERTEX_POINT('',#1700);
#1700 = CARTESIAN_POINT('',(34.000313,-22.704552,1.6));
#1701 = SURFACE_CURVE('',#1702,(#1707,#1718),.PCURVE_S1.);
#1702 = CIRCLE('',#1703,0.499999);
#1703 = AXIS2_PLACEMENT_3D('',#1704,#1705,#1706);
#1704 = CARTESIAN_POINT('',(33.500314,-22.704552,1.6));
#1705 = DIRECTION('',(0.,0.,-1.));
#1706 = DIRECTION('',(1.,0.,0.));
#1707 = PCURVE('',#264,#1708);
#1708 = DEFINITIONAL_REPRESENTATION('',(#1709),#1717);
#1709 = ( BOUNDED_CURVE() B_SPLINE_CURVE(2,(#1710,#1711,#1712,#1713,
#1714,#1715,#1716),.UNSPECIFIED.,.T.,.F.) B_SPLINE_CURVE_WITH_KNOTS((1,2
    ,2,2,2,1),(-2.094395102393,0.,2.094395102393,4.188790204786,
6.28318530718,8.377580409573),.UNSPECIFIED.) CURVE() 
GEOMETRIC_REPRESENTATION_ITEM() RATIONAL_B_SPLINE_CURVE((1.,0.5,1.,0.5,
1.,0.5,1.)) REPRESENTATION_ITEM('') );
#1710 = CARTESIAN_POINT('',(34.000313,50.345448));
#1711 = CARTESIAN_POINT('',(34.000313,49.479424328266));
#1712 = CARTESIAN_POINT('',(33.2503145,49.912436164133));
#1713 = CARTESIAN_POINT('',(32.500316,50.345448));
#1714 = CARTESIAN_POINT('',(33.2503145,50.778459835867));
#1715 = CARTESIAN_POINT('',(34.000313,51.211471671734));
#1716 = CARTESIAN_POINT('',(34.000313,50.345448));
#1717 = ( GEOMETRIC_REPRESENTATION_CONTEXT(2) 
PARAMETRIC_REPRESENTATION_CONTEXT() REPRESENTATION_CONTEXT('2D SPACE',''
  ) );
#1718 = PCURVE('',#1719,#1724);
#1719 = CYLINDRICAL_SURFACE('',#1720,0.499999);
#1720 = AXIS2_PLACEMENT_3D('',#1721,#1722,#1723);
#1721 = CARTESIAN_POINT('',(33.500314,-22.704552,-0.1));
#1722 = DIRECTION('',(-0.,-0.,-1.));
#1723 = DIRECTION('',(1.,0.,0.));
#1724 = DEFINITIONAL_REPRESENTATION('',(#1725),#1729);
#1725 = LINE('',#1726,#1727);
#1726 = CARTESIAN_POINT('',(-6.28318530718,-1.7));
#1727 = VECTOR('',#1728,1.);
#1728 = DIRECTION('',(1.,-0.));
#1729 = ( GEOMETRIC_REPRESENTATION_CONTEXT(2) 
PARAMETRIC_REPRESENTATION_CONTEXT() REPRESENTATION_CONTEXT('2D SPACE',''
  ) );
#1730 = FACE_BOUND('',#1731,.T.);
#1731 = EDGE_LOOP('',(#1732));
#1732 = ORIENTED_EDGE('',*,*,#1733,.T.);
#1733 = EDGE_CURVE('',#1734,#1734,#1736,.T.);
#1734 = VERTEX_POINT('',#1735);
#1735 = CARTESIAN_POINT('',(36.540313,-22.704552,1.6));
#1736 = SURFACE_CURVE('',#1737,(#1742,#1753),.PCURVE_S1.);
#1737 = CIRCLE('',#1738,0.499999);
#1738 = AXIS2_PLACEMENT_3D('',#1739,#1740,#1741);
#1739 = CARTESIAN_POINT('',(36.040314,-22.704552,1.6));
#1740 = DIRECTION('',(0.,0.,-1.));
#1741 = DIRECTION('',(1.,0.,0.));
#1742 = PCURVE('',#264,#1743);
#1743 = DEFINITIONAL_REPRESENTATION('',(#1744),#1752);
#1744 = ( BOUNDED_CURVE() B_SPLINE_CURVE(2,(#1745,#1746,#1747,#1748,
#1749,#1750,#1751),.UNSPECIFIED.,.T.,.F.) B_SPLINE_CURVE_WITH_KNOTS((1,2
    ,2,2,2,1),(-2.094395102393,0.,2.094395102393,4.188790204786,
6.28318530718,8.377580409573),.UNSPECIFIED.) CURVE() 
GEOMETRIC_REPRESENTATION_ITEM() RATIONAL_B_SPLINE_CURVE((1.,0.5,1.,0.5,
1.,0.5,1.)) REPRESENTATION_ITEM('') );
#1745 = CARTESIAN_POINT('',(36.540313,50.345448));
#1746 = CARTESIAN_POINT('',(36.540313,49.479424328266));
#1747 = CARTESIAN_POINT('',(35.7903145,49.912436164133));
#1748 = CARTESIAN_POINT('',(35.040316,50.345448));
#1749 = CARTESIAN_POINT('',(35.7903145,50.778459835867));
#1750 = CARTESIAN_POINT('',(36.540313,51.211471671734));
#1751 = CARTESIAN_POINT('',(36.540313,50.345448));
#1752 = ( GEOMETRIC_REPRESENTATION_CONTEXT(2) 
PARAMETRIC_REPRESENTATION_CONTEXT() REPRESENTATION_CONTEXT('2D SPACE',''
  ) );
#1753 = PCURVE('',#1754,#1759);
#1754 = CYLINDRICAL_SURFACE('',#1755,0.499999);
#1755 = AXIS2_PLACEMENT_3D('',#1756,#1757,#1758);
#1756 = CARTESIAN_POINT('',(36.040314,-22.704552,-0.1));
#1757 = DIRECTION('',(-0.,-0.,-1.));
#1758 = DIRECTION('',(1.,0.,0.));
#1759 = DEFINITIONAL_REPRESENTATION('',(#1760),#1764);
#1760 = LINE('',#1761,#1762);
#1761 = CARTESIAN_POINT('',(-6.28318530718,-1.7));
#1762 = VECTOR('',#1763,1.);
#1763 = DIRECTION('',(1.,-0.));
#1764 = ( GEOMETRIC_REPRESENTATION_CONTEXT(2) 
PARAMETRIC_REPRESENTATION_CONTEXT() REPRESENTATION_CONTEXT('2D SPACE',''
  ) );
#1765 = FACE_BOUND('',#1766,.T.);
#1766 = EDGE_LOOP('',(#1767));
#1767 = ORIENTED_EDGE('',*,*,#1768,.T.);
#1768 = EDGE_CURVE('',#1769,#1769,#1771,.T.);
#1769 = VERTEX_POINT('',#1770);
#1770 = CARTESIAN_POINT('',(39.080313,-22.704552,1.6));
#1771 = SURFACE_CURVE('',#1772,(#1777,#1788),.PCURVE_S1.);
#1772 = CIRCLE('',#1773,0.499999);
#1773 = AXIS2_PLACEMENT_3D('',#1774,#1775,#1776);
#1774 = CARTESIAN_POINT('',(38.580314,-22.704552,1.6));
#1775 = DIRECTION('',(0.,0.,-1.));
#1776 = DIRECTION('',(1.,0.,0.));
#1777 = PCURVE('',#264,#1778);
#1778 = DEFINITIONAL_REPRESENTATION('',(#1779),#1787);
#1779 = ( BOUNDED_CURVE() B_SPLINE_CURVE(2,(#1780,#1781,#1782,#1783,
#1784,#1785,#1786),.UNSPECIFIED.,.T.,.F.) B_SPLINE_CURVE_WITH_KNOTS((1,2
    ,2,2,2,1),(-2.094395102393,0.,2.094395102393,4.188790204786,
6.28318530718,8.377580409573),.UNSPECIFIED.) CURVE() 
GEOMETRIC_REPRESENTATION_ITEM() RATIONAL_B_SPLINE_CURVE((1.,0.5,1.,0.5,
1.,0.5,1.)) REPRESENTATION_ITEM('') );
#1780 = CARTESIAN_POINT('',(39.080313,50.345448));
#1781 = CARTESIAN_POINT('',(39.080313,49.479424328266));
#1782 = CARTESIAN_POINT('',(38.3303145,49.912436164133));
#1783 = CARTESIAN_POINT('',(37.580316,50.345448));
#1784 = CARTESIAN_POINT('',(38.3303145,50.778459835867));
#1785 = CARTESIAN_POINT('',(39.080313,51.211471671734));
#1786 = CARTESIAN_POINT('',(39.080313,50.345448));
#1787 = ( GEOMETRIC_REPRESENTATION_CONTEXT(2) 
PARAMETRIC_REPRESENTATION_CONTEXT() REPRESENTATION_CONTEXT('2D SPACE',''
  ) );
#1788 = PCURVE('',#1789,#1794);
#1789 = CYLINDRICAL_SURFACE('',#1790,0.499999);
#1790 = AXIS2_PLACEMENT_3D('',#1791,#1792,#1793);
#1791 = CARTESIAN_POINT('',(38.580314,-22.704552,-0.1));
#1792 = DIRECTION('',(-0.,-0.,-1.));
#1793 = DIRECTION('',(1.,0.,0.));
#1794 = DEFINITIONAL_REPRESENTATION('',(#1795),#1799);
#1795 = LINE('',#1796,#1797);
#1796 = CARTESIAN_POINT('',(-6.28318530718,-1.7));
#1797 = VECTOR('',#1798,1.);
#1798 = DIRECTION('',(1.,-0.));
#1799 = ( GEOMETRIC_REPRESENTATION_CONTEXT(2) 
PARAMETRIC_REPRESENTATION_CONTEXT() REPRESENTATION_CONTEXT('2D SPACE',''
  ) );
#1800 = FACE_BOUND('',#1801,.T.);
#1801 = EDGE_LOOP('',(#1802));
#1802 = ORIENTED_EDGE('',*,*,#1803,.T.);
#1803 = EDGE_CURVE('',#1804,#1804,#1806,.T.);
#1804 = VERTEX_POINT('',#1805);
#1805 = CARTESIAN_POINT('',(42.498899,-21.614892,1.6));
#1806 = SURFACE_CURVE('',#1807,(#1812,#1823),.PCURVE_S1.);
#1807 = CIRCLE('',#1808,0.499999);
#1808 = AXIS2_PLACEMENT_3D('',#1809,#1810,#1811);
#1809 = CARTESIAN_POINT('',(41.9989,-21.614892,1.6));
#1810 = DIRECTION('',(0.,0.,-1.));
#1811 = DIRECTION('',(1.,0.,0.));
#1812 = PCURVE('',#264,#1813);
#1813 = DEFINITIONAL_REPRESENTATION('',(#1814),#1822);
#1814 = ( BOUNDED_CURVE() B_SPLINE_CURVE(2,(#1815,#1816,#1817,#1818,
#1819,#1820,#1821),.UNSPECIFIED.,.T.,.F.) B_SPLINE_CURVE_WITH_KNOTS((1,2
    ,2,2,2,1),(-2.094395102393,0.,2.094395102393,4.188790204786,
6.28318530718,8.377580409573),.UNSPECIFIED.) CURVE() 
GEOMETRIC_REPRESENTATION_ITEM() RATIONAL_B_SPLINE_CURVE((1.,0.5,1.,0.5,
1.,0.5,1.)) REPRESENTATION_ITEM('') );
#1815 = CARTESIAN_POINT('',(42.498899,51.435108));
#1816 = CARTESIAN_POINT('',(42.498899,50.569084328266));
#1817 = CARTESIAN_POINT('',(41.7489005,51.002096164133));
#1818 = CARTESIAN_POINT('',(40.998902,51.435108));
#1819 = CARTESIAN_POINT('',(41.7489005,51.868119835867));
#1820 = CARTESIAN_POINT('',(42.498899,52.301131671734));
#1821 = CARTESIAN_POINT('',(42.498899,51.435108));
#1822 = ( GEOMETRIC_REPRESENTATION_CONTEXT(2) 
PARAMETRIC_REPRESENTATION_CONTEXT() REPRESENTATION_CONTEXT('2D SPACE',''
  ) );
#1823 = PCURVE('',#1824,#1829);
#1824 = CYLINDRICAL_SURFACE('',#1825,0.499999);
#1825 = AXIS2_PLACEMENT_3D('',#1826,#1827,#1828);
#1826 = CARTESIAN_POINT('',(41.9989,-21.614892,-0.1));
#1827 = DIRECTION('',(-0.,-0.,-1.));
#1828 = DIRECTION('',(1.,0.,0.));
#1829 = DEFINITIONAL_REPRESENTATION('',(#1830),#1834);
#1830 = LINE('',#1831,#1832);
#1831 = CARTESIAN_POINT('',(-6.28318530718,-1.7));
#1832 = VECTOR('',#1833,1.);
#1833 = DIRECTION('',(1.,-0.));
#1834 = ( GEOMETRIC_REPRESENTATION_CONTEXT(2) 
PARAMETRIC_REPRESENTATION_CONTEXT() REPRESENTATION_CONTEXT('2D SPACE',''
  ) );
#1835 = FACE_BOUND('',#1836,.T.);
#1836 = EDGE_LOOP('',(#1837));
#1837 = ORIENTED_EDGE('',*,*,#1838,.T.);
#1838 = EDGE_CURVE('',#1839,#1839,#1841,.T.);
#1839 = VERTEX_POINT('',#1840);
#1840 = CARTESIAN_POINT('',(42.498899,-19.074892,1.6));
#1841 = SURFACE_CURVE('',#1842,(#1847,#1858),.PCURVE_S1.);
#1842 = CIRCLE('',#1843,0.499999);
#1843 = AXIS2_PLACEMENT_3D('',#1844,#1845,#1846);
#1844 = CARTESIAN_POINT('',(41.9989,-19.074892,1.6));
#1845 = DIRECTION('',(0.,0.,-1.));
#1846 = DIRECTION('',(1.,0.,0.));
#1847 = PCURVE('',#264,#1848);
#1848 = DEFINITIONAL_REPRESENTATION('',(#1849),#1857);
#1849 = ( BOUNDED_CURVE() B_SPLINE_CURVE(2,(#1850,#1851,#1852,#1853,
#1854,#1855,#1856),.UNSPECIFIED.,.T.,.F.) B_SPLINE_CURVE_WITH_KNOTS((1,2
    ,2,2,2,1),(-2.094395102393,0.,2.094395102393,4.188790204786,
6.28318530718,8.377580409573),.UNSPECIFIED.) CURVE() 
GEOMETRIC_REPRESENTATION_ITEM() RATIONAL_B_SPLINE_CURVE((1.,0.5,1.,0.5,
1.,0.5,1.)) REPRESENTATION_ITEM('') );
#1850 = CARTESIAN_POINT('',(42.498899,53.975108));
#1851 = CARTESIAN_POINT('',(42.498899,53.109084328266));
#1852 = CARTESIAN_POINT('',(41.7489005,53.542096164133));
#1853 = CARTESIAN_POINT('',(40.998902,53.975108));
#1854 = CARTESIAN_POINT('',(41.7489005,54.408119835867));
#1855 = CARTESIAN_POINT('',(42.498899,54.841131671734));
#1856 = CARTESIAN_POINT('',(42.498899,53.975108));
#1857 = ( GEOMETRIC_REPRESENTATION_CONTEXT(2) 
PARAMETRIC_REPRESENTATION_CONTEXT() REPRESENTATION_CONTEXT('2D SPACE',''
  ) );
#1858 = PCURVE('',#1859,#1864);
#1859 = CYLINDRICAL_SURFACE('',#1860,0.499999);
#1860 = AXIS2_PLACEMENT_3D('',#1861,#1862,#1863);
#1861 = CARTESIAN_POINT('',(41.9989,-19.074892,-0.1));
#1862 = DIRECTION('',(-0.,-0.,-1.));
#1863 = DIRECTION('',(1.,0.,0.));
#1864 = DEFINITIONAL_REPRESENTATION('',(#1865),#1869);
#1865 = LINE('',#1866,#1867);
#1866 = CARTESIAN_POINT('',(-6.28318530718,-1.7));
#1867 = VECTOR('',#1868,1.);
#1868 = DIRECTION('',(1.,-0.));
#1869 = ( GEOMETRIC_REPRESENTATION_CONTEXT(2) 
PARAMETRIC_REPRESENTATION_CONTEXT() REPRESENTATION_CONTEXT('2D SPACE',''
  ) );
#1870 = FACE_BOUND('',#1871,.T.);
#1871 = EDGE_LOOP('',(#1872));
#1872 = ORIENTED_EDGE('',*,*,#1873,.T.);
#1873 = EDGE_CURVE('',#1874,#1874,#1876,.T.);
#1874 = VERTEX_POINT('',#1875);
#1875 = CARTESIAN_POINT('',(10.8843572,-13.751306,1.6));
#1876 = SURFACE_CURVE('',#1877,(#1882,#1893),.PCURVE_S1.);
#1877 = CIRCLE('',#1878,0.7500112);
#1878 = AXIS2_PLACEMENT_3D('',#1879,#1880,#1881);
#1879 = CARTESIAN_POINT('',(10.134346,-13.751306,1.6));
#1880 = DIRECTION('',(0.,0.,-1.));
#1881 = DIRECTION('',(1.,0.,0.));
#1882 = PCURVE('',#264,#1883);
#1883 = DEFINITIONAL_REPRESENTATION('',(#1884),#1892);
#1884 = ( BOUNDED_CURVE() B_SPLINE_CURVE(2,(#1885,#1886,#1887,#1888,
#1889,#1890,#1891),.UNSPECIFIED.,.T.,.F.) B_SPLINE_CURVE_WITH_KNOTS((1,2
    ,2,2,2,1),(-2.094395102393,0.,2.094395102393,4.188790204786,
6.28318530718,8.377580409573),.UNSPECIFIED.) CURVE() 
GEOMETRIC_REPRESENTATION_ITEM() RATIONAL_B_SPLINE_CURVE((1.,0.5,1.,0.5,
1.,0.5,1.)) REPRESENTATION_ITEM('') );
#1885 = CARTESIAN_POINT('',(10.8843572,59.298694));
#1886 = CARTESIAN_POINT('',(10.8843572,57.999636495354));
#1887 = CARTESIAN_POINT('',(9.7593404,58.649165247677));
#1888 = CARTESIAN_POINT('',(8.6343236,59.298694));
#1889 = CARTESIAN_POINT('',(9.7593404,59.948222752323));
#1890 = CARTESIAN_POINT('',(10.8843572,60.597751504646));
#1891 = CARTESIAN_POINT('',(10.8843572,59.298694));
#1892 = ( GEOMETRIC_REPRESENTATION_CONTEXT(2) 
PARAMETRIC_REPRESENTATION_CONTEXT() REPRESENTATION_CONTEXT('2D SPACE',''
  ) );
#1893 = PCURVE('',#1894,#1899);
#1894 = CYLINDRICAL_SURFACE('',#1895,0.7500112);
#1895 = AXIS2_PLACEMENT_3D('',#1896,#1897,#1898);
#1896 = CARTESIAN_POINT('',(10.134346,-13.751306,-0.1));
#1897 = DIRECTION('',(-0.,-0.,-1.));
#1898 = DIRECTION('',(1.,0.,0.));
#1899 = DEFINITIONAL_REPRESENTATION('',(#1900),#1904);
#1900 = LINE('',#1901,#1902);
#1901 = CARTESIAN_POINT('',(-6.28318530718,-1.7));
#1902 = VECTOR('',#1903,1.);
#1903 = DIRECTION('',(1.,-0.));
#1904 = ( GEOMETRIC_REPRESENTATION_CONTEXT(2) 
PARAMETRIC_REPRESENTATION_CONTEXT() REPRESENTATION_CONTEXT('2D SPACE',''
  ) );
#1905 = FACE_BOUND('',#1906,.T.);
#1906 = EDGE_LOOP('',(#1907));
#1907 = ORIENTED_EDGE('',*,*,#1908,.T.);
#1908 = EDGE_CURVE('',#1909,#1909,#1911,.T.);
#1909 = VERTEX_POINT('',#1910);
#1910 = CARTESIAN_POINT('',(21.8850972,-13.751306,1.6));
#1911 = SURFACE_CURVE('',#1912,(#1917,#1928),.PCURVE_S1.);
#1912 = CIRCLE('',#1913,0.7500112);
#1913 = AXIS2_PLACEMENT_3D('',#1914,#1915,#1916);
#1914 = CARTESIAN_POINT('',(21.135086,-13.751306,1.6));
#1915 = DIRECTION('',(0.,0.,-1.));
#1916 = DIRECTION('',(1.,0.,0.));
#1917 = PCURVE('',#264,#1918);
#1918 = DEFINITIONAL_REPRESENTATION('',(#1919),#1927);
#1919 = ( BOUNDED_CURVE() B_SPLINE_CURVE(2,(#1920,#1921,#1922,#1923,
#1924,#1925,#1926),.UNSPECIFIED.,.T.,.F.) B_SPLINE_CURVE_WITH_KNOTS((1,2
    ,2,2,2,1),(-2.094395102393,0.,2.094395102393,4.188790204786,
6.28318530718,8.377580409573),.UNSPECIFIED.) CURVE() 
GEOMETRIC_REPRESENTATION_ITEM() RATIONAL_B_SPLINE_CURVE((1.,0.5,1.,0.5,
1.,0.5,1.)) REPRESENTATION_ITEM('') );
#1920 = CARTESIAN_POINT('',(21.8850972,59.298694));
#1921 = CARTESIAN_POINT('',(21.8850972,57.999636495354));
#1922 = CARTESIAN_POINT('',(20.7600804,58.649165247677));
#1923 = CARTESIAN_POINT('',(19.6350636,59.298694));
#1924 = CARTESIAN_POINT('',(20.7600804,59.948222752323));
#1925 = CARTESIAN_POINT('',(21.8850972,60.597751504646));
#1926 = CARTESIAN_POINT('',(21.8850972,59.298694));
#1927 = ( GEOMETRIC_REPRESENTATION_CONTEXT(2) 
PARAMETRIC_REPRESENTATION_CONTEXT() REPRESENTATION_CONTEXT('2D SPACE',''
  ) );
#1928 = PCURVE('',#1929,#1934);
#1929 = CYLINDRICAL_SURFACE('',#1930,0.7500112);
#1930 = AXIS2_PLACEMENT_3D('',#1931,#1932,#1933);
#1931 = CARTESIAN_POINT('',(21.135086,-13.751306,-0.1));
#1932 = DIRECTION('',(-0.,-0.,-1.));
#1933 = DIRECTION('',(1.,0.,0.));
#1934 = DEFINITIONAL_REPRESENTATION('',(#1935),#1939);
#1935 = LINE('',#1936,#1937);
#1936 = CARTESIAN_POINT('',(-6.28318530718,-1.7));
#1937 = VECTOR('',#1938,1.);
#1938 = DIRECTION('',(1.,-0.));
#1939 = ( GEOMETRIC_REPRESENTATION_CONTEXT(2) 
PARAMETRIC_REPRESENTATION_CONTEXT() REPRESENTATION_CONTEXT('2D SPACE',''
  ) );
#1940 = FACE_BOUND('',#1941,.T.);
#1941 = EDGE_LOOP('',(#1942));
#1942 = ORIENTED_EDGE('',*,*,#1943,.T.);
#1943 = EDGE_CURVE('',#1944,#1944,#1946,.T.);
#1944 = VERTEX_POINT('',#1945);
#1945 = CARTESIAN_POINT('',(5.1001168,-3.50012,1.6));
#1946 = SURFACE_CURVE('',#1947,(#1952,#1963),.PCURVE_S1.);
#1947 = CIRCLE('',#1948,1.5999968);
#1948 = AXIS2_PLACEMENT_3D('',#1949,#1950,#1951);
#1949 = CARTESIAN_POINT('',(3.50012,-3.50012,1.6));
#1950 = DIRECTION('',(0.,0.,-1.));
#1951 = DIRECTION('',(1.,0.,0.));
#1952 = PCURVE('',#264,#1953);
#1953 = DEFINITIONAL_REPRESENTATION('',(#1954),#1962);
#1954 = ( BOUNDED_CURVE() B_SPLINE_CURVE(2,(#1955,#1956,#1957,#1958,
#1959,#1960,#1961),.UNSPECIFIED.,.T.,.F.) B_SPLINE_CURVE_WITH_KNOTS((1,2
    ,2,2,2,1),(-2.094395102393,0.,2.094395102393,4.188790204786,
6.28318530718,8.377580409573),.UNSPECIFIED.) CURVE() 
GEOMETRIC_REPRESENTATION_ITEM() RATIONAL_B_SPLINE_CURVE((1.,0.5,1.,0.5,
1.,0.5,1.)) REPRESENTATION_ITEM('') );
#1955 = CARTESIAN_POINT('',(5.1001168,69.54988));
#1956 = CARTESIAN_POINT('',(5.1001168,66.778604250452));
#1957 = CARTESIAN_POINT('',(2.7001216,68.164242125226));
#1958 = CARTESIAN_POINT('',(0.3001264,69.54988));
#1959 = CARTESIAN_POINT('',(2.7001216,70.935517874774));
#1960 = CARTESIAN_POINT('',(5.1001168,72.321155749548));
#1961 = CARTESIAN_POINT('',(5.1001168,69.54988));
#1962 = ( GEOMETRIC_REPRESENTATION_CONTEXT(2) 
PARAMETRIC_REPRESENTATION_CONTEXT() REPRESENTATION_CONTEXT('2D SPACE',''
  ) );
#1963 = PCURVE('',#1964,#1969);
#1964 = CYLINDRICAL_SURFACE('',#1965,1.5999968);
#1965 = AXIS2_PLACEMENT_3D('',#1966,#1967,#1968);
#1966 = CARTESIAN_POINT('',(3.50012,-3.50012,-0.1));
#1967 = DIRECTION('',(-0.,-0.,-1.));
#1968 = DIRECTION('',(1.,0.,0.));
#1969 = DEFINITIONAL_REPRESENTATION('',(#1970),#1974);
#1970 = LINE('',#1971,#1972);
#1971 = CARTESIAN_POINT('',(-6.28318530718,-1.7));
#1972 = VECTOR('',#1973,1.);
#1973 = DIRECTION('',(1.,-0.));
#1974 = ( GEOMETRIC_REPRESENTATION_CONTEXT(2) 
PARAMETRIC_REPRESENTATION_CONTEXT() REPRESENTATION_CONTEXT('2D SPACE',''
  ) );
#1975 = FACE_BOUND('',#1976,.T.);
#1976 = EDGE_LOOP('',(#1977));
#1977 = ORIENTED_EDGE('',*,*,#1978,.T.);
#1978 = EDGE_CURVE('',#1979,#1979,#1981,.T.);
#1979 = VERTEX_POINT('',#1980);
#1980 = CARTESIAN_POINT('',(13.6840976,-6.750812,1.6));
#1981 = SURFACE_CURVE('',#1982,(#1987,#1998),.PCURVE_S1.);
#1982 = CIRCLE('',#1983,0.5500116);
#1983 = AXIS2_PLACEMENT_3D('',#1984,#1985,#1986);
#1984 = CARTESIAN_POINT('',(13.134086,-6.750812,1.6));
#1985 = DIRECTION('',(0.,0.,-1.));
#1986 = DIRECTION('',(1.,0.,0.));
#1987 = PCURVE('',#264,#1988);
#1988 = DEFINITIONAL_REPRESENTATION('',(#1989),#1997);
#1989 = ( BOUNDED_CURVE() B_SPLINE_CURVE(2,(#1990,#1991,#1992,#1993,
#1994,#1995,#1996),.UNSPECIFIED.,.T.,.F.) B_SPLINE_CURVE_WITH_KNOTS((1,2
    ,2,2,2,1),(-2.094395102393,0.,2.094395102393,4.188790204786,
6.28318530718,8.377580409573),.UNSPECIFIED.) CURVE() 
GEOMETRIC_REPRESENTATION_ITEM() RATIONAL_B_SPLINE_CURVE((1.,0.5,1.,0.5,
1.,0.5,1.)) REPRESENTATION_ITEM('') );
#1990 = CARTESIAN_POINT('',(13.6840976,66.299188));
#1991 = CARTESIAN_POINT('',(13.6840976,65.346539964048));
#1992 = CARTESIAN_POINT('',(12.8590802,65.822863982024));
#1993 = CARTESIAN_POINT('',(12.0340628,66.299188));
#1994 = CARTESIAN_POINT('',(12.8590802,66.775512017976));
#1995 = CARTESIAN_POINT('',(13.6840976,67.251836035952));
#1996 = CARTESIAN_POINT('',(13.6840976,66.299188));
#1997 = ( GEOMETRIC_REPRESENTATION_CONTEXT(2) 
PARAMETRIC_REPRESENTATION_CONTEXT() REPRESENTATION_CONTEXT('2D SPACE',''
  ) );
#1998 = PCURVE('',#1999,#2004);
#1999 = CYLINDRICAL_SURFACE('',#2000,0.5500116);
#2000 = AXIS2_PLACEMENT_3D('',#2001,#2002,#2003);
#2001 = CARTESIAN_POINT('',(13.134086,-6.750812,-0.1));
#2002 = DIRECTION('',(-0.,-0.,-1.));
#2003 = DIRECTION('',(1.,0.,0.));
#2004 = DEFINITIONAL_REPRESENTATION('',(#2005),#2009);
#2005 = LINE('',#2006,#2007);
#2006 = CARTESIAN_POINT('',(-6.28318530718,-1.7));
#2007 = VECTOR('',#2008,1.);
#2008 = DIRECTION('',(1.,-0.));
#2009 = ( GEOMETRIC_REPRESENTATION_CONTEXT(2) 
PARAMETRIC_REPRESENTATION_CONTEXT() REPRESENTATION_CONTEXT('2D SPACE',''
  ) );
#2010 = FACE_BOUND('',#2011,.T.);
#2011 = EDGE_LOOP('',(#2012));
#2012 = ORIENTED_EDGE('',*,*,#2013,.T.);
#2013 = EDGE_CURVE('',#2014,#2014,#2016,.T.);
#2014 = VERTEX_POINT('',#2015);
#2015 = CARTESIAN_POINT('',(18.6853576,-6.750812,1.6));
#2016 = SURFACE_CURVE('',#2017,(#2022,#2033),.PCURVE_S1.);
#2017 = CIRCLE('',#2018,0.5500116);
#2018 = AXIS2_PLACEMENT_3D('',#2019,#2020,#2021);
#2019 = CARTESIAN_POINT('',(18.135346,-6.750812,1.6));
#2020 = DIRECTION('',(0.,0.,-1.));
#2021 = DIRECTION('',(1.,0.,0.));
#2022 = PCURVE('',#264,#2023);
#2023 = DEFINITIONAL_REPRESENTATION('',(#2024),#2032);
#2024 = ( BOUNDED_CURVE() B_SPLINE_CURVE(2,(#2025,#2026,#2027,#2028,
#2029,#2030,#2031),.UNSPECIFIED.,.T.,.F.) B_SPLINE_CURVE_WITH_KNOTS((1,2
    ,2,2,2,1),(-2.094395102393,0.,2.094395102393,4.188790204786,
6.28318530718,8.377580409573),.UNSPECIFIED.) CURVE() 
GEOMETRIC_REPRESENTATION_ITEM() RATIONAL_B_SPLINE_CURVE((1.,0.5,1.,0.5,
1.,0.5,1.)) REPRESENTATION_ITEM('') );
#2025 = CARTESIAN_POINT('',(18.6853576,66.299188));
#2026 = CARTESIAN_POINT('',(18.6853576,65.346539964048));
#2027 = CARTESIAN_POINT('',(17.8603402,65.822863982024));
#2028 = CARTESIAN_POINT('',(17.0353228,66.299188));
#2029 = CARTESIAN_POINT('',(17.8603402,66.775512017976));
#2030 = CARTESIAN_POINT('',(18.6853576,67.251836035952));
#2031 = CARTESIAN_POINT('',(18.6853576,66.299188));
#2032 = ( GEOMETRIC_REPRESENTATION_CONTEXT(2) 
PARAMETRIC_REPRESENTATION_CONTEXT() REPRESENTATION_CONTEXT('2D SPACE',''
  ) );
#2033 = PCURVE('',#2034,#2039);
#2034 = CYLINDRICAL_SURFACE('',#2035,0.5500116);
#2035 = AXIS2_PLACEMENT_3D('',#2036,#2037,#2038);
#2036 = CARTESIAN_POINT('',(18.135346,-6.750812,-0.1));
#2037 = DIRECTION('',(-0.,-0.,-1.));
#2038 = DIRECTION('',(1.,0.,0.));
#2039 = DEFINITIONAL_REPRESENTATION('',(#2040),#2044);
#2040 = LINE('',#2041,#2042);
#2041 = CARTESIAN_POINT('',(-6.28318530718,-1.7));
#2042 = VECTOR('',#2043,1.);
#2043 = DIRECTION('',(1.,-0.));
#2044 = ( GEOMETRIC_REPRESENTATION_CONTEXT(2) 
PARAMETRIC_REPRESENTATION_CONTEXT() REPRESENTATION_CONTEXT('2D SPACE',''
  ) );
#2045 = FACE_BOUND('',#2046,.T.);
#2046 = EDGE_LOOP('',(#2047));
#2047 = ORIENTED_EDGE('',*,*,#2048,.T.);
#2048 = EDGE_CURVE('',#2049,#2049,#2051,.T.);
#2049 = VERTEX_POINT('',#2050);
#2050 = CARTESIAN_POINT('',(25.498679,-16.534892,1.6));
#2051 = SURFACE_CURVE('',#2052,(#2057,#2068),.PCURVE_S1.);
#2052 = CIRCLE('',#2053,0.499999);
#2053 = AXIS2_PLACEMENT_3D('',#2054,#2055,#2056);
#2054 = CARTESIAN_POINT('',(24.99868,-16.534892,1.6));
#2055 = DIRECTION('',(0.,0.,-1.));
#2056 = DIRECTION('',(1.,0.,0.));
#2057 = PCURVE('',#264,#2058);
#2058 = DEFINITIONAL_REPRESENTATION('',(#2059),#2067);
#2059 = ( BOUNDED_CURVE() B_SPLINE_CURVE(2,(#2060,#2061,#2062,#2063,
#2064,#2065,#2066),.UNSPECIFIED.,.T.,.F.) B_SPLINE_CURVE_WITH_KNOTS((1,2
    ,2,2,2,1),(-2.094395102393,0.,2.094395102393,4.188790204786,
6.28318530718,8.377580409573),.UNSPECIFIED.) CURVE() 
GEOMETRIC_REPRESENTATION_ITEM() RATIONAL_B_SPLINE_CURVE((1.,0.5,1.,0.5,
1.,0.5,1.)) REPRESENTATION_ITEM('') );
#2060 = CARTESIAN_POINT('',(25.498679,56.515108));
#2061 = CARTESIAN_POINT('',(25.498679,55.649084328266));
#2062 = CARTESIAN_POINT('',(24.7486805,56.082096164133));
#2063 = CARTESIAN_POINT('',(23.998682,56.515108));
#2064 = CARTESIAN_POINT('',(24.7486805,56.948119835867));
#2065 = CARTESIAN_POINT('',(25.498679,57.381131671734));
#2066 = CARTESIAN_POINT('',(25.498679,56.515108));
#2067 = ( GEOMETRIC_REPRESENTATION_CONTEXT(2) 
PARAMETRIC_REPRESENTATION_CONTEXT() REPRESENTATION_CONTEXT('2D SPACE',''
  ) );
#2068 = PCURVE('',#2069,#2074);
#2069 = CYLINDRICAL_SURFACE('',#2070,0.499999);
#2070 = AXIS2_PLACEMENT_3D('',#2071,#2072,#2073);
#2071 = CARTESIAN_POINT('',(24.99868,-16.534892,-0.1));
#2072 = DIRECTION('',(-0.,-0.,-1.));
#2073 = DIRECTION('',(1.,0.,0.));
#2074 = DEFINITIONAL_REPRESENTATION('',(#2075),#2079);
#2075 = LINE('',#2076,#2077);
#2076 = CARTESIAN_POINT('',(-6.28318530718,-1.7));
#2077 = VECTOR('',#2078,1.);
#2078 = DIRECTION('',(1.,-0.));
#2079 = ( GEOMETRIC_REPRESENTATION_CONTEXT(2) 
PARAMETRIC_REPRESENTATION_CONTEXT() REPRESENTATION_CONTEXT('2D SPACE',''
  ) );
#2080 = FACE_BOUND('',#2081,.T.);
#2081 = EDGE_LOOP('',(#2082));
#2082 = ORIENTED_EDGE('',*,*,#2083,.T.);
#2083 = EDGE_CURVE('',#2084,#2084,#2086,.T.);
#2084 = VERTEX_POINT('',#2085);
#2085 = CARTESIAN_POINT('',(25.498679,-13.994892,1.6));
#2086 = SURFACE_CURVE('',#2087,(#2092,#2103),.PCURVE_S1.);
#2087 = CIRCLE('',#2088,0.499999);
#2088 = AXIS2_PLACEMENT_3D('',#2089,#2090,#2091);
#2089 = CARTESIAN_POINT('',(24.99868,-13.994892,1.6));
#2090 = DIRECTION('',(0.,0.,-1.));
#2091 = DIRECTION('',(1.,0.,0.));
#2092 = PCURVE('',#264,#2093);
#2093 = DEFINITIONAL_REPRESENTATION('',(#2094),#2102);
#2094 = ( BOUNDED_CURVE() B_SPLINE_CURVE(2,(#2095,#2096,#2097,#2098,
#2099,#2100,#2101),.UNSPECIFIED.,.T.,.F.) B_SPLINE_CURVE_WITH_KNOTS((1,2
    ,2,2,2,1),(-2.094395102393,0.,2.094395102393,4.188790204786,
6.28318530718,8.377580409573),.UNSPECIFIED.) CURVE() 
GEOMETRIC_REPRESENTATION_ITEM() RATIONAL_B_SPLINE_CURVE((1.,0.5,1.,0.5,
1.,0.5,1.)) REPRESENTATION_ITEM('') );
#2095 = CARTESIAN_POINT('',(25.498679,59.055108));
#2096 = CARTESIAN_POINT('',(25.498679,58.189084328266));
#2097 = CARTESIAN_POINT('',(24.7486805,58.622096164133));
#2098 = CARTESIAN_POINT('',(23.998682,59.055108));
#2099 = CARTESIAN_POINT('',(24.7486805,59.488119835867));
#2100 = CARTESIAN_POINT('',(25.498679,59.921131671734));
#2101 = CARTESIAN_POINT('',(25.498679,59.055108));
#2102 = ( GEOMETRIC_REPRESENTATION_CONTEXT(2) 
PARAMETRIC_REPRESENTATION_CONTEXT() REPRESENTATION_CONTEXT('2D SPACE',''
  ) );
#2103 = PCURVE('',#2104,#2109);
#2104 = CYLINDRICAL_SURFACE('',#2105,0.499999);
#2105 = AXIS2_PLACEMENT_3D('',#2106,#2107,#2108);
#2106 = CARTESIAN_POINT('',(24.99868,-13.994892,-0.1));
#2107 = DIRECTION('',(-0.,-0.,-1.));
#2108 = DIRECTION('',(1.,0.,0.));
#2109 = DEFINITIONAL_REPRESENTATION('',(#2110),#2114);
#2110 = LINE('',#2111,#2112);
#2111 = CARTESIAN_POINT('',(-6.28318530718,-1.7));
#2112 = VECTOR('',#2113,1.);
#2113 = DIRECTION('',(1.,-0.));
#2114 = ( GEOMETRIC_REPRESENTATION_CONTEXT(2) 
PARAMETRIC_REPRESENTATION_CONTEXT() REPRESENTATION_CONTEXT('2D SPACE',''
  ) );
#2115 = FACE_BOUND('',#2116,.T.);
#2116 = EDGE_LOOP('',(#2117));
#2117 = ORIENTED_EDGE('',*,*,#2118,.T.);
#2118 = EDGE_CURVE('',#2119,#2119,#2121,.T.);
#2119 = VERTEX_POINT('',#2120);
#2120 = CARTESIAN_POINT('',(25.498679,-11.454892,1.6));
#2121 = SURFACE_CURVE('',#2122,(#2127,#2138),.PCURVE_S1.);
#2122 = CIRCLE('',#2123,0.499999);
#2123 = AXIS2_PLACEMENT_3D('',#2124,#2125,#2126);
#2124 = CARTESIAN_POINT('',(24.99868,-11.454892,1.6));
#2125 = DIRECTION('',(0.,0.,-1.));
#2126 = DIRECTION('',(1.,0.,0.));
#2127 = PCURVE('',#264,#2128);
#2128 = DEFINITIONAL_REPRESENTATION('',(#2129),#2137);
#2129 = ( BOUNDED_CURVE() B_SPLINE_CURVE(2,(#2130,#2131,#2132,#2133,
#2134,#2135,#2136),.UNSPECIFIED.,.T.,.F.) B_SPLINE_CURVE_WITH_KNOTS((1,2
    ,2,2,2,1),(-2.094395102393,0.,2.094395102393,4.188790204786,
6.28318530718,8.377580409573),.UNSPECIFIED.) CURVE() 
GEOMETRIC_REPRESENTATION_ITEM() RATIONAL_B_SPLINE_CURVE((1.,0.5,1.,0.5,
1.,0.5,1.)) REPRESENTATION_ITEM('') );
#2130 = CARTESIAN_POINT('',(25.498679,61.595108));
#2131 = CARTESIAN_POINT('',(25.498679,60.729084328266));
#2132 = CARTESIAN_POINT('',(24.7486805,61.162096164133));
#2133 = CARTESIAN_POINT('',(23.998682,61.595108));
#2134 = CARTESIAN_POINT('',(24.7486805,62.028119835867));
#2135 = CARTESIAN_POINT('',(25.498679,62.461131671734));
#2136 = CARTESIAN_POINT('',(25.498679,61.595108));
#2137 = ( GEOMETRIC_REPRESENTATION_CONTEXT(2) 
PARAMETRIC_REPRESENTATION_CONTEXT() REPRESENTATION_CONTEXT('2D SPACE',''
  ) );
#2138 = PCURVE('',#2139,#2144);
#2139 = CYLINDRICAL_SURFACE('',#2140,0.499999);
#2140 = AXIS2_PLACEMENT_3D('',#2141,#2142,#2143);
#2141 = CARTESIAN_POINT('',(24.99868,-11.454892,-0.1));
#2142 = DIRECTION('',(-0.,-0.,-1.));
#2143 = DIRECTION('',(1.,0.,0.));
#2144 = DEFINITIONAL_REPRESENTATION('',(#2145),#2149);
#2145 = LINE('',#2146,#2147);
#2146 = CARTESIAN_POINT('',(-6.28318530718,-1.7));
#2147 = VECTOR('',#2148,1.);
#2148 = DIRECTION('',(1.,-0.));
#2149 = ( GEOMETRIC_REPRESENTATION_CONTEXT(2) 
PARAMETRIC_REPRESENTATION_CONTEXT() REPRESENTATION_CONTEXT('2D SPACE',''
  ) );
#2150 = FACE_BOUND('',#2151,.T.);
#2151 = EDGE_LOOP('',(#2152));
#2152 = ORIENTED_EDGE('',*,*,#2153,.T.);
#2153 = EDGE_CURVE('',#2154,#2154,#2156,.T.);
#2154 = VERTEX_POINT('',#2155);
#2155 = CARTESIAN_POINT('',(42.498899,-16.534892,1.6));
#2156 = SURFACE_CURVE('',#2157,(#2162,#2173),.PCURVE_S1.);
#2157 = CIRCLE('',#2158,0.499999);
#2158 = AXIS2_PLACEMENT_3D('',#2159,#2160,#2161);
#2159 = CARTESIAN_POINT('',(41.9989,-16.534892,1.6));
#2160 = DIRECTION('',(0.,0.,-1.));
#2161 = DIRECTION('',(1.,0.,0.));
#2162 = PCURVE('',#264,#2163);
#2163 = DEFINITIONAL_REPRESENTATION('',(#2164),#2172);
#2164 = ( BOUNDED_CURVE() B_SPLINE_CURVE(2,(#2165,#2166,#2167,#2168,
#2169,#2170,#2171),.UNSPECIFIED.,.T.,.F.) B_SPLINE_CURVE_WITH_KNOTS((1,2
    ,2,2,2,1),(-2.094395102393,0.,2.094395102393,4.188790204786,
6.28318530718,8.377580409573),.UNSPECIFIED.) CURVE() 
GEOMETRIC_REPRESENTATION_ITEM() RATIONAL_B_SPLINE_CURVE((1.,0.5,1.,0.5,
1.,0.5,1.)) REPRESENTATION_ITEM('') );
#2165 = CARTESIAN_POINT('',(42.498899,56.515108));
#2166 = CARTESIAN_POINT('',(42.498899,55.649084328266));
#2167 = CARTESIAN_POINT('',(41.7489005,56.082096164133));
#2168 = CARTESIAN_POINT('',(40.998902,56.515108));
#2169 = CARTESIAN_POINT('',(41.7489005,56.948119835867));
#2170 = CARTESIAN_POINT('',(42.498899,57.381131671734));
#2171 = CARTESIAN_POINT('',(42.498899,56.515108));
#2172 = ( GEOMETRIC_REPRESENTATION_CONTEXT(2) 
PARAMETRIC_REPRESENTATION_CONTEXT() REPRESENTATION_CONTEXT('2D SPACE',''
  ) );
#2173 = PCURVE('',#2174,#2179);
#2174 = CYLINDRICAL_SURFACE('',#2175,0.499999);
#2175 = AXIS2_PLACEMENT_3D('',#2176,#2177,#2178);
#2176 = CARTESIAN_POINT('',(41.9989,-16.534892,-0.1));
#2177 = DIRECTION('',(-0.,-0.,-1.));
#2178 = DIRECTION('',(1.,0.,0.));
#2179 = DEFINITIONAL_REPRESENTATION('',(#2180),#2184);
#2180 = LINE('',#2181,#2182);
#2181 = CARTESIAN_POINT('',(-6.28318530718,-1.7));
#2182 = VECTOR('',#2183,1.);
#2183 = DIRECTION('',(1.,-0.));
#2184 = ( GEOMETRIC_REPRESENTATION_CONTEXT(2) 
PARAMETRIC_REPRESENTATION_CONTEXT() REPRESENTATION_CONTEXT('2D SPACE',''
  ) );
#2185 = FACE_BOUND('',#2186,.T.);
#2186 = EDGE_LOOP('',(#2187));
#2187 = ORIENTED_EDGE('',*,*,#2188,.T.);
#2188 = EDGE_CURVE('',#2189,#2189,#2191,.T.);
#2189 = VERTEX_POINT('',#2190);
#2190 = CARTESIAN_POINT('',(42.498899,-13.994892,1.6));
#2191 = SURFACE_CURVE('',#2192,(#2197,#2208),.PCURVE_S1.);
#2192 = CIRCLE('',#2193,0.499999);
#2193 = AXIS2_PLACEMENT_3D('',#2194,#2195,#2196);
#2194 = CARTESIAN_POINT('',(41.9989,-13.994892,1.6));
#2195 = DIRECTION('',(0.,0.,-1.));
#2196 = DIRECTION('',(1.,0.,0.));
#2197 = PCURVE('',#264,#2198);
#2198 = DEFINITIONAL_REPRESENTATION('',(#2199),#2207);
#2199 = ( BOUNDED_CURVE() B_SPLINE_CURVE(2,(#2200,#2201,#2202,#2203,
#2204,#2205,#2206),.UNSPECIFIED.,.T.,.F.) B_SPLINE_CURVE_WITH_KNOTS((1,2
    ,2,2,2,1),(-2.094395102393,0.,2.094395102393,4.188790204786,
6.28318530718,8.377580409573),.UNSPECIFIED.) CURVE() 
GEOMETRIC_REPRESENTATION_ITEM() RATIONAL_B_SPLINE_CURVE((1.,0.5,1.,0.5,
1.,0.5,1.)) REPRESENTATION_ITEM('') );
#2200 = CARTESIAN_POINT('',(42.498899,59.055108));
#2201 = CARTESIAN_POINT('',(42.498899,58.189084328266));
#2202 = CARTESIAN_POINT('',(41.7489005,58.622096164133));
#2203 = CARTESIAN_POINT('',(40.998902,59.055108));
#2204 = CARTESIAN_POINT('',(41.7489005,59.488119835867));
#2205 = CARTESIAN_POINT('',(42.498899,59.921131671734));
#2206 = CARTESIAN_POINT('',(42.498899,59.055108));
#2207 = ( GEOMETRIC_REPRESENTATION_CONTEXT(2) 
PARAMETRIC_REPRESENTATION_CONTEXT() REPRESENTATION_CONTEXT('2D SPACE',''
  ) );
#2208 = PCURVE('',#2209,#2214);
#2209 = CYLINDRICAL_SURFACE('',#2210,0.499999);
#2210 = AXIS2_PLACEMENT_3D('',#2211,#2212,#2213);
#2211 = CARTESIAN_POINT('',(41.9989,-13.994892,-0.1));
#2212 = DIRECTION('',(-0.,-0.,-1.));
#2213 = DIRECTION('',(1.,0.,0.));
#2214 = DEFINITIONAL_REPRESENTATION('',(#2215),#2219);
#2215 = LINE('',#2216,#2217);
#2216 = CARTESIAN_POINT('',(-6.28318530718,-1.7));
#2217 = VECTOR('',#2218,1.);
#2218 = DIRECTION('',(1.,-0.));
#2219 = ( GEOMETRIC_REPRESENTATION_CONTEXT(2) 
PARAMETRIC_REPRESENTATION_CONTEXT() REPRESENTATION_CONTEXT('2D SPACE',''
  ) );
#2220 = FACE_BOUND('',#2221,.T.);
#2221 = EDGE_LOOP('',(#2222));
#2222 = ORIENTED_EDGE('',*,*,#2223,.T.);
#2223 = EDGE_CURVE('',#2224,#2224,#2226,.T.);
#2224 = VERTEX_POINT('',#2225);
#2225 = CARTESIAN_POINT('',(42.498899,-11.454892,1.6));
#2226 = SURFACE_CURVE('',#2227,(#2232,#2243),.PCURVE_S1.);
#2227 = CIRCLE('',#2228,0.499999);
#2228 = AXIS2_PLACEMENT_3D('',#2229,#2230,#2231);
#2229 = CARTESIAN_POINT('',(41.9989,-11.454892,1.6));
#2230 = DIRECTION('',(0.,0.,-1.));
#2231 = DIRECTION('',(1.,0.,0.));
#2232 = PCURVE('',#264,#2233);
#2233 = DEFINITIONAL_REPRESENTATION('',(#2234),#2242);
#2234 = ( BOUNDED_CURVE() B_SPLINE_CURVE(2,(#2235,#2236,#2237,#2238,
#2239,#2240,#2241),.UNSPECIFIED.,.T.,.F.) B_SPLINE_CURVE_WITH_KNOTS((1,2
    ,2,2,2,1),(-2.094395102393,0.,2.094395102393,4.188790204786,
6.28318530718,8.377580409573),.UNSPECIFIED.) CURVE() 
GEOMETRIC_REPRESENTATION_ITEM() RATIONAL_B_SPLINE_CURVE((1.,0.5,1.,0.5,
1.,0.5,1.)) REPRESENTATION_ITEM('') );
#2235 = CARTESIAN_POINT('',(42.498899,61.595108));
#2236 = CARTESIAN_POINT('',(42.498899,60.729084328266));
#2237 = CARTESIAN_POINT('',(41.7489005,61.162096164133));
#2238 = CARTESIAN_POINT('',(40.998902,61.595108));
#2239 = CARTESIAN_POINT('',(41.7489005,62.028119835867));
#2240 = CARTESIAN_POINT('',(42.498899,62.461131671734));
#2241 = CARTESIAN_POINT('',(42.498899,61.595108));
#2242 = ( GEOMETRIC_REPRESENTATION_CONTEXT(2) 
PARAMETRIC_REPRESENTATION_CONTEXT() REPRESENTATION_CONTEXT('2D SPACE',''
  ) );
#2243 = PCURVE('',#2244,#2249);
#2244 = CYLINDRICAL_SURFACE('',#2245,0.499999);
#2245 = AXIS2_PLACEMENT_3D('',#2246,#2247,#2248);
#2246 = CARTESIAN_POINT('',(41.9989,-11.454892,-0.1));
#2247 = DIRECTION('',(-0.,-0.,-1.));
#2248 = DIRECTION('',(1.,0.,0.));
#2249 = DEFINITIONAL_REPRESENTATION('',(#2250),#2254);
#2250 = LINE('',#2251,#2252);
#2251 = CARTESIAN_POINT('',(-6.28318530718,-1.7));
#2252 = VECTOR('',#2253,1.);
#2253 = DIRECTION('',(1.,-0.));
#2254 = ( GEOMETRIC_REPRESENTATION_CONTEXT(2) 
PARAMETRIC_REPRESENTATION_CONTEXT() REPRESENTATION_CONTEXT('2D SPACE',''
  ) );
#2255 = FACE_BOUND('',#2256,.T.);
#2256 = EDGE_LOOP('',(#2257));
#2257 = ORIENTED_EDGE('',*,*,#2258,.T.);
#2258 = EDGE_CURVE('',#2259,#2259,#2261,.T.);
#2259 = VERTEX_POINT('',#2260);
#2260 = CARTESIAN_POINT('',(25.498679,-8.914892,1.6));
#2261 = SURFACE_CURVE('',#2262,(#2267,#2278),.PCURVE_S1.);
#2262 = CIRCLE('',#2263,0.499999);
#2263 = AXIS2_PLACEMENT_3D('',#2264,#2265,#2266);
#2264 = CARTESIAN_POINT('',(24.99868,-8.914892,1.6));
#2265 = DIRECTION('',(0.,0.,-1.));
#2266 = DIRECTION('',(1.,0.,0.));
#2267 = PCURVE('',#264,#2268);
#2268 = DEFINITIONAL_REPRESENTATION('',(#2269),#2277);
#2269 = ( BOUNDED_CURVE() B_SPLINE_CURVE(2,(#2270,#2271,#2272,#2273,
#2274,#2275,#2276),.UNSPECIFIED.,.T.,.F.) B_SPLINE_CURVE_WITH_KNOTS((1,2
    ,2,2,2,1),(-2.094395102393,0.,2.094395102393,4.188790204786,
6.28318530718,8.377580409573),.UNSPECIFIED.) CURVE() 
GEOMETRIC_REPRESENTATION_ITEM() RATIONAL_B_SPLINE_CURVE((1.,0.5,1.,0.5,
1.,0.5,1.)) REPRESENTATION_ITEM('') );
#2270 = CARTESIAN_POINT('',(25.498679,64.135108));
#2271 = CARTESIAN_POINT('',(25.498679,63.269084328266));
#2272 = CARTESIAN_POINT('',(24.7486805,63.702096164133));
#2273 = CARTESIAN_POINT('',(23.998682,64.135108));
#2274 = CARTESIAN_POINT('',(24.7486805,64.568119835867));
#2275 = CARTESIAN_POINT('',(25.498679,65.001131671734));
#2276 = CARTESIAN_POINT('',(25.498679,64.135108));
#2277 = ( GEOMETRIC_REPRESENTATION_CONTEXT(2) 
PARAMETRIC_REPRESENTATION_CONTEXT() REPRESENTATION_CONTEXT('2D SPACE',''
  ) );
#2278 = PCURVE('',#2279,#2284);
#2279 = CYLINDRICAL_SURFACE('',#2280,0.499999);
#2280 = AXIS2_PLACEMENT_3D('',#2281,#2282,#2283);
#2281 = CARTESIAN_POINT('',(24.99868,-8.914892,-0.1));
#2282 = DIRECTION('',(-0.,-0.,-1.));
#2283 = DIRECTION('',(1.,0.,0.));
#2284 = DEFINITIONAL_REPRESENTATION('',(#2285),#2289);
#2285 = LINE('',#2286,#2287);
#2286 = CARTESIAN_POINT('',(-6.28318530718,-1.7));
#2287 = VECTOR('',#2288,1.);
#2288 = DIRECTION('',(1.,-0.));
#2289 = ( GEOMETRIC_REPRESENTATION_CONTEXT(2) 
PARAMETRIC_REPRESENTATION_CONTEXT() REPRESENTATION_CONTEXT('2D SPACE',''
  ) );
#2290 = FACE_BOUND('',#2291,.T.);
#2291 = EDGE_LOOP('',(#2292));
#2292 = ORIENTED_EDGE('',*,*,#2293,.T.);
#2293 = EDGE_CURVE('',#2294,#2294,#2296,.T.);
#2294 = VERTEX_POINT('',#2295);
#2295 = CARTESIAN_POINT('',(25.498679,-6.374892,1.6));
#2296 = SURFACE_CURVE('',#2297,(#2302,#2313),.PCURVE_S1.);
#2297 = CIRCLE('',#2298,0.499999);
#2298 = AXIS2_PLACEMENT_3D('',#2299,#2300,#2301);
#2299 = CARTESIAN_POINT('',(24.99868,-6.374892,1.6));
#2300 = DIRECTION('',(0.,0.,-1.));
#2301 = DIRECTION('',(1.,0.,0.));
#2302 = PCURVE('',#264,#2303);
#2303 = DEFINITIONAL_REPRESENTATION('',(#2304),#2312);
#2304 = ( BOUNDED_CURVE() B_SPLINE_CURVE(2,(#2305,#2306,#2307,#2308,
#2309,#2310,#2311),.UNSPECIFIED.,.T.,.F.) B_SPLINE_CURVE_WITH_KNOTS((1,2
    ,2,2,2,1),(-2.094395102393,0.,2.094395102393,4.188790204786,
6.28318530718,8.377580409573),.UNSPECIFIED.) CURVE() 
GEOMETRIC_REPRESENTATION_ITEM() RATIONAL_B_SPLINE_CURVE((1.,0.5,1.,0.5,
1.,0.5,1.)) REPRESENTATION_ITEM('') );
#2305 = CARTESIAN_POINT('',(25.498679,66.675108));
#2306 = CARTESIAN_POINT('',(25.498679,65.809084328266));
#2307 = CARTESIAN_POINT('',(24.7486805,66.242096164133));
#2308 = CARTESIAN_POINT('',(23.998682,66.675108));
#2309 = CARTESIAN_POINT('',(24.7486805,67.108119835867));
#2310 = CARTESIAN_POINT('',(25.498679,67.541131671734));
#2311 = CARTESIAN_POINT('',(25.498679,66.675108));
#2312 = ( GEOMETRIC_REPRESENTATION_CONTEXT(2) 
PARAMETRIC_REPRESENTATION_CONTEXT() REPRESENTATION_CONTEXT('2D SPACE',''
  ) );
#2313 = PCURVE('',#2314,#2319);
#2314 = CYLINDRICAL_SURFACE('',#2315,0.499999);
#2315 = AXIS2_PLACEMENT_3D('',#2316,#2317,#2318);
#2316 = CARTESIAN_POINT('',(24.99868,-6.374892,-0.1));
#2317 = DIRECTION('',(-0.,-0.,-1.));
#2318 = DIRECTION('',(1.,0.,0.));
#2319 = DEFINITIONAL_REPRESENTATION('',(#2320),#2324);
#2320 = LINE('',#2321,#2322);
#2321 = CARTESIAN_POINT('',(-6.28318530718,-1.7));
#2322 = VECTOR('',#2323,1.);
#2323 = DIRECTION('',(1.,-0.));
#2324 = ( GEOMETRIC_REPRESENTATION_CONTEXT(2) 
PARAMETRIC_REPRESENTATION_CONTEXT() REPRESENTATION_CONTEXT('2D SPACE',''
  ) );
#2325 = FACE_BOUND('',#2326,.T.);
#2326 = EDGE_LOOP('',(#2327));
#2327 = ORIENTED_EDGE('',*,*,#2328,.T.);
#2328 = EDGE_CURVE('',#2329,#2329,#2331,.T.);
#2329 = VERTEX_POINT('',#2330);
#2330 = CARTESIAN_POINT('',(25.498679,-3.834892,1.6));
#2331 = SURFACE_CURVE('',#2332,(#2337,#2348),.PCURVE_S1.);
#2332 = CIRCLE('',#2333,0.499999);
#2333 = AXIS2_PLACEMENT_3D('',#2334,#2335,#2336);
#2334 = CARTESIAN_POINT('',(24.99868,-3.834892,1.6));
#2335 = DIRECTION('',(0.,0.,-1.));
#2336 = DIRECTION('',(1.,0.,0.));
#2337 = PCURVE('',#264,#2338);
#2338 = DEFINITIONAL_REPRESENTATION('',(#2339),#2347);
#2339 = ( BOUNDED_CURVE() B_SPLINE_CURVE(2,(#2340,#2341,#2342,#2343,
#2344,#2345,#2346),.UNSPECIFIED.,.T.,.F.) B_SPLINE_CURVE_WITH_KNOTS((1,2
    ,2,2,2,1),(-2.094395102393,0.,2.094395102393,4.188790204786,
6.28318530718,8.377580409573),.UNSPECIFIED.) CURVE() 
GEOMETRIC_REPRESENTATION_ITEM() RATIONAL_B_SPLINE_CURVE((1.,0.5,1.,0.5,
1.,0.5,1.)) REPRESENTATION_ITEM('') );
#2340 = CARTESIAN_POINT('',(25.498679,69.215108));
#2341 = CARTESIAN_POINT('',(25.498679,68.349084328266));
#2342 = CARTESIAN_POINT('',(24.7486805,68.782096164133));
#2343 = CARTESIAN_POINT('',(23.998682,69.215108));
#2344 = CARTESIAN_POINT('',(24.7486805,69.648119835867));
#2345 = CARTESIAN_POINT('',(25.498679,70.081131671734));
#2346 = CARTESIAN_POINT('',(25.498679,69.215108));
#2347 = ( GEOMETRIC_REPRESENTATION_CONTEXT(2) 
PARAMETRIC_REPRESENTATION_CONTEXT() REPRESENTATION_CONTEXT('2D SPACE',''
  ) );
#2348 = PCURVE('',#2349,#2354);
#2349 = CYLINDRICAL_SURFACE('',#2350,0.499999);
#2350 = AXIS2_PLACEMENT_3D('',#2351,#2352,#2353);
#2351 = CARTESIAN_POINT('',(24.99868,-3.834892,-0.1));
#2352 = DIRECTION('',(-0.,-0.,-1.));
#2353 = DIRECTION('',(1.,0.,0.));
#2354 = DEFINITIONAL_REPRESENTATION('',(#2355),#2359);
#2355 = LINE('',#2356,#2357);
#2356 = CARTESIAN_POINT('',(-6.28318530718,-1.7));
#2357 = VECTOR('',#2358,1.);
#2358 = DIRECTION('',(1.,-0.));
#2359 = ( GEOMETRIC_REPRESENTATION_CONTEXT(2) 
PARAMETRIC_REPRESENTATION_CONTEXT() REPRESENTATION_CONTEXT('2D SPACE',''
  ) );
#2360 = FACE_BOUND('',#2361,.T.);
#2361 = EDGE_LOOP('',(#2362));
#2362 = ORIENTED_EDGE('',*,*,#2363,.T.);
#2363 = EDGE_CURVE('',#2364,#2364,#2366,.T.);
#2364 = VERTEX_POINT('',#2365);
#2365 = CARTESIAN_POINT('',(25.498933,-1.294892,1.6));
#2366 = SURFACE_CURVE('',#2367,(#2372,#2383),.PCURVE_S1.);
#2367 = CIRCLE('',#2368,0.499999);
#2368 = AXIS2_PLACEMENT_3D('',#2369,#2370,#2371);
#2369 = CARTESIAN_POINT('',(24.998934,-1.294892,1.6));
#2370 = DIRECTION('',(0.,0.,-1.));
#2371 = DIRECTION('',(1.,0.,0.));
#2372 = PCURVE('',#264,#2373);
#2373 = DEFINITIONAL_REPRESENTATION('',(#2374),#2382);
#2374 = ( BOUNDED_CURVE() B_SPLINE_CURVE(2,(#2375,#2376,#2377,#2378,
#2379,#2380,#2381),.UNSPECIFIED.,.T.,.F.) B_SPLINE_CURVE_WITH_KNOTS((1,2
    ,2,2,2,1),(-2.094395102393,0.,2.094395102393,4.188790204786,
6.28318530718,8.377580409573),.UNSPECIFIED.) CURVE() 
GEOMETRIC_REPRESENTATION_ITEM() RATIONAL_B_SPLINE_CURVE((1.,0.5,1.,0.5,
1.,0.5,1.)) REPRESENTATION_ITEM('') );
#2375 = CARTESIAN_POINT('',(25.498933,71.755108));
#2376 = CARTESIAN_POINT('',(25.498933,70.889084328266));
#2377 = CARTESIAN_POINT('',(24.7489345,71.322096164133));
#2378 = CARTESIAN_POINT('',(23.998936,71.755108));
#2379 = CARTESIAN_POINT('',(24.7489345,72.188119835867));
#2380 = CARTESIAN_POINT('',(25.498933,72.621131671734));
#2381 = CARTESIAN_POINT('',(25.498933,71.755108));
#2382 = ( GEOMETRIC_REPRESENTATION_CONTEXT(2) 
PARAMETRIC_REPRESENTATION_CONTEXT() REPRESENTATION_CONTEXT('2D SPACE',''
  ) );
#2383 = PCURVE('',#2384,#2389);
#2384 = CYLINDRICAL_SURFACE('',#2385,0.499999);
#2385 = AXIS2_PLACEMENT_3D('',#2386,#2387,#2388);
#2386 = CARTESIAN_POINT('',(24.998934,-1.294892,-0.1));
#2387 = DIRECTION('',(-0.,-0.,-1.));
#2388 = DIRECTION('',(1.,0.,0.));
#2389 = DEFINITIONAL_REPRESENTATION('',(#2390),#2394);
#2390 = LINE('',#2391,#2392);
#2391 = CARTESIAN_POINT('',(-6.28318530718,-1.7));
#2392 = VECTOR('',#2393,1.);
#2393 = DIRECTION('',(1.,-0.));
#2394 = ( GEOMETRIC_REPRESENTATION_CONTEXT(2) 
PARAMETRIC_REPRESENTATION_CONTEXT() REPRESENTATION_CONTEXT('2D SPACE',''
  ) );
#2395 = FACE_BOUND('',#2396,.T.);
#2396 = EDGE_LOOP('',(#2397));
#2397 = ORIENTED_EDGE('',*,*,#2398,.T.);
#2398 = EDGE_CURVE('',#2399,#2399,#2401,.T.);
#2399 = VERTEX_POINT('',#2400);
#2400 = CARTESIAN_POINT('',(42.498899,-8.914892,1.6));
#2401 = SURFACE_CURVE('',#2402,(#2407,#2418),.PCURVE_S1.);
#2402 = CIRCLE('',#2403,0.499999);
#2403 = AXIS2_PLACEMENT_3D('',#2404,#2405,#2406);
#2404 = CARTESIAN_POINT('',(41.9989,-8.914892,1.6));
#2405 = DIRECTION('',(0.,0.,-1.));
#2406 = DIRECTION('',(1.,0.,0.));
#2407 = PCURVE('',#264,#2408);
#2408 = DEFINITIONAL_REPRESENTATION('',(#2409),#2417);
#2409 = ( BOUNDED_CURVE() B_SPLINE_CURVE(2,(#2410,#2411,#2412,#2413,
#2414,#2415,#2416),.UNSPECIFIED.,.T.,.F.) B_SPLINE_CURVE_WITH_KNOTS((1,2
    ,2,2,2,1),(-2.094395102393,0.,2.094395102393,4.188790204786,
6.28318530718,8.377580409573),.UNSPECIFIED.) CURVE() 
GEOMETRIC_REPRESENTATION_ITEM() RATIONAL_B_SPLINE_CURVE((1.,0.5,1.,0.5,
1.,0.5,1.)) REPRESENTATION_ITEM('') );
#2410 = CARTESIAN_POINT('',(42.498899,64.135108));
#2411 = CARTESIAN_POINT('',(42.498899,63.269084328266));
#2412 = CARTESIAN_POINT('',(41.7489005,63.702096164133));
#2413 = CARTESIAN_POINT('',(40.998902,64.135108));
#2414 = CARTESIAN_POINT('',(41.7489005,64.568119835867));
#2415 = CARTESIAN_POINT('',(42.498899,65.001131671734));
#2416 = CARTESIAN_POINT('',(42.498899,64.135108));
#2417 = ( GEOMETRIC_REPRESENTATION_CONTEXT(2) 
PARAMETRIC_REPRESENTATION_CONTEXT() REPRESENTATION_CONTEXT('2D SPACE',''
  ) );
#2418 = PCURVE('',#2419,#2424);
#2419 = CYLINDRICAL_SURFACE('',#2420,0.499999);
#2420 = AXIS2_PLACEMENT_3D('',#2421,#2422,#2423);
#2421 = CARTESIAN_POINT('',(41.9989,-8.914892,-0.1));
#2422 = DIRECTION('',(-0.,-0.,-1.));
#2423 = DIRECTION('',(1.,0.,0.));
#2424 = DEFINITIONAL_REPRESENTATION('',(#2425),#2429);
#2425 = LINE('',#2426,#2427);
#2426 = CARTESIAN_POINT('',(-6.28318530718,-1.7));
#2427 = VECTOR('',#2428,1.);
#2428 = DIRECTION('',(1.,-0.));
#2429 = ( GEOMETRIC_REPRESENTATION_CONTEXT(2) 
PARAMETRIC_REPRESENTATION_CONTEXT() REPRESENTATION_CONTEXT('2D SPACE',''
  ) );
#2430 = FACE_BOUND('',#2431,.T.);
#2431 = EDGE_LOOP('',(#2432));
#2432 = ORIENTED_EDGE('',*,*,#2433,.T.);
#2433 = EDGE_CURVE('',#2434,#2434,#2436,.T.);
#2434 = VERTEX_POINT('',#2435);
#2435 = CARTESIAN_POINT('',(42.498899,-6.374892,1.6));
#2436 = SURFACE_CURVE('',#2437,(#2442,#2453),.PCURVE_S1.);
#2437 = CIRCLE('',#2438,0.499999);
#2438 = AXIS2_PLACEMENT_3D('',#2439,#2440,#2441);
#2439 = CARTESIAN_POINT('',(41.9989,-6.374892,1.6));
#2440 = DIRECTION('',(0.,0.,-1.));
#2441 = DIRECTION('',(1.,0.,0.));
#2442 = PCURVE('',#264,#2443);
#2443 = DEFINITIONAL_REPRESENTATION('',(#2444),#2452);
#2444 = ( BOUNDED_CURVE() B_SPLINE_CURVE(2,(#2445,#2446,#2447,#2448,
#2449,#2450,#2451),.UNSPECIFIED.,.T.,.F.) B_SPLINE_CURVE_WITH_KNOTS((1,2
    ,2,2,2,1),(-2.094395102393,0.,2.094395102393,4.188790204786,
6.28318530718,8.377580409573),.UNSPECIFIED.) CURVE() 
GEOMETRIC_REPRESENTATION_ITEM() RATIONAL_B_SPLINE_CURVE((1.,0.5,1.,0.5,
1.,0.5,1.)) REPRESENTATION_ITEM('') );
#2445 = CARTESIAN_POINT('',(42.498899,66.675108));
#2446 = CARTESIAN_POINT('',(42.498899,65.809084328266));
#2447 = CARTESIAN_POINT('',(41.7489005,66.242096164133));
#2448 = CARTESIAN_POINT('',(40.998902,66.675108));
#2449 = CARTESIAN_POINT('',(41.7489005,67.108119835867));
#2450 = CARTESIAN_POINT('',(42.498899,67.541131671734));
#2451 = CARTESIAN_POINT('',(42.498899,66.675108));
#2452 = ( GEOMETRIC_REPRESENTATION_CONTEXT(2) 
PARAMETRIC_REPRESENTATION_CONTEXT() REPRESENTATION_CONTEXT('2D SPACE',''
  ) );
#2453 = PCURVE('',#2454,#2459);
#2454 = CYLINDRICAL_SURFACE('',#2455,0.499999);
#2455 = AXIS2_PLACEMENT_3D('',#2456,#2457,#2458);
#2456 = CARTESIAN_POINT('',(41.9989,-6.374892,-0.1));
#2457 = DIRECTION('',(-0.,-0.,-1.));
#2458 = DIRECTION('',(1.,0.,0.));
#2459 = DEFINITIONAL_REPRESENTATION('',(#2460),#2464);
#2460 = LINE('',#2461,#2462);
#2461 = CARTESIAN_POINT('',(-6.28318530718,-1.7));
#2462 = VECTOR('',#2463,1.);
#2463 = DIRECTION('',(1.,-0.));
#2464 = ( GEOMETRIC_REPRESENTATION_CONTEXT(2) 
PARAMETRIC_REPRESENTATION_CONTEXT() REPRESENTATION_CONTEXT('2D SPACE',''
  ) );
#2465 = FACE_BOUND('',#2466,.T.);
#2466 = EDGE_LOOP('',(#2467));
#2467 = ORIENTED_EDGE('',*,*,#2468,.T.);
#2468 = EDGE_CURVE('',#2469,#2469,#2471,.T.);
#2469 = VERTEX_POINT('',#2470);
#2470 = CARTESIAN_POINT('',(42.498899,-3.834892,1.6));
#2471 = SURFACE_CURVE('',#2472,(#2477,#2488),.PCURVE_S1.);
#2472 = CIRCLE('',#2473,0.499999);
#2473 = AXIS2_PLACEMENT_3D('',#2474,#2475,#2476);
#2474 = CARTESIAN_POINT('',(41.9989,-3.834892,1.6));
#2475 = DIRECTION('',(0.,0.,-1.));
#2476 = DIRECTION('',(1.,0.,0.));
#2477 = PCURVE('',#264,#2478);
#2478 = DEFINITIONAL_REPRESENTATION('',(#2479),#2487);
#2479 = ( BOUNDED_CURVE() B_SPLINE_CURVE(2,(#2480,#2481,#2482,#2483,
#2484,#2485,#2486),.UNSPECIFIED.,.T.,.F.) B_SPLINE_CURVE_WITH_KNOTS((1,2
    ,2,2,2,1),(-2.094395102393,0.,2.094395102393,4.188790204786,
6.28318530718,8.377580409573),.UNSPECIFIED.) CURVE() 
GEOMETRIC_REPRESENTATION_ITEM() RATIONAL_B_SPLINE_CURVE((1.,0.5,1.,0.5,
1.,0.5,1.)) REPRESENTATION_ITEM('') );
#2480 = CARTESIAN_POINT('',(42.498899,69.215108));
#2481 = CARTESIAN_POINT('',(42.498899,68.349084328266));
#2482 = CARTESIAN_POINT('',(41.7489005,68.782096164133));
#2483 = CARTESIAN_POINT('',(40.998902,69.215108));
#2484 = CARTESIAN_POINT('',(41.7489005,69.648119835867));
#2485 = CARTESIAN_POINT('',(42.498899,70.081131671734));
#2486 = CARTESIAN_POINT('',(42.498899,69.215108));
#2487 = ( GEOMETRIC_REPRESENTATION_CONTEXT(2) 
PARAMETRIC_REPRESENTATION_CONTEXT() REPRESENTATION_CONTEXT('2D SPACE',''
  ) );
#2488 = PCURVE('',#2489,#2494);
#2489 = CYLINDRICAL_SURFACE('',#2490,0.499999);
#2490 = AXIS2_PLACEMENT_3D('',#2491,#2492,#2493);
#2491 = CARTESIAN_POINT('',(41.9989,-3.834892,-0.1));
#2492 = DIRECTION('',(-0.,-0.,-1.));
#2493 = DIRECTION('',(1.,0.,0.));
#2494 = DEFINITIONAL_REPRESENTATION('',(#2495),#2499);
#2495 = LINE('',#2496,#2497);
#2496 = CARTESIAN_POINT('',(-6.28318530718,-1.7));
#2497 = VECTOR('',#2498,1.);
#2498 = DIRECTION('',(1.,-0.));
#2499 = ( GEOMETRIC_REPRESENTATION_CONTEXT(2) 
PARAMETRIC_REPRESENTATION_CONTEXT() REPRESENTATION_CONTEXT('2D SPACE',''
  ) );
#2500 = FACE_BOUND('',#2501,.T.);
#2501 = EDGE_LOOP('',(#2502));
#2502 = ORIENTED_EDGE('',*,*,#2503,.T.);
#2503 = EDGE_CURVE('',#2504,#2504,#2506,.T.);
#2504 = VERTEX_POINT('',#2505);
#2505 = CARTESIAN_POINT('',(42.498899,-1.294892,1.6));
#2506 = SURFACE_CURVE('',#2507,(#2512,#2523),.PCURVE_S1.);
#2507 = CIRCLE('',#2508,0.499999);
#2508 = AXIS2_PLACEMENT_3D('',#2509,#2510,#2511);
#2509 = CARTESIAN_POINT('',(41.9989,-1.294892,1.6));
#2510 = DIRECTION('',(0.,0.,-1.));
#2511 = DIRECTION('',(1.,0.,0.));
#2512 = PCURVE('',#264,#2513);
#2513 = DEFINITIONAL_REPRESENTATION('',(#2514),#2522);
#2514 = ( BOUNDED_CURVE() B_SPLINE_CURVE(2,(#2515,#2516,#2517,#2518,
#2519,#2520,#2521),.UNSPECIFIED.,.T.,.F.) B_SPLINE_CURVE_WITH_KNOTS((1,2
    ,2,2,2,1),(-2.094395102393,0.,2.094395102393,4.188790204786,
6.28318530718,8.377580409573),.UNSPECIFIED.) CURVE() 
GEOMETRIC_REPRESENTATION_ITEM() RATIONAL_B_SPLINE_CURVE((1.,0.5,1.,0.5,
1.,0.5,1.)) REPRESENTATION_ITEM('') );
#2515 = CARTESIAN_POINT('',(42.498899,71.755108));
#2516 = CARTESIAN_POINT('',(42.498899,70.889084328266));
#2517 = CARTESIAN_POINT('',(41.7489005,71.322096164133));
#2518 = CARTESIAN_POINT('',(40.998902,71.755108));
#2519 = CARTESIAN_POINT('',(41.7489005,72.188119835867));
#2520 = CARTESIAN_POINT('',(42.498899,72.621131671734));
#2521 = CARTESIAN_POINT('',(42.498899,71.755108));
#2522 = ( GEOMETRIC_REPRESENTATION_CONTEXT(2) 
PARAMETRIC_REPRESENTATION_CONTEXT() REPRESENTATION_CONTEXT('2D SPACE',''
  ) );
#2523 = PCURVE('',#2524,#2529);
#2524 = CYLINDRICAL_SURFACE('',#2525,0.499999);
#2525 = AXIS2_PLACEMENT_3D('',#2526,#2527,#2528);
#2526 = CARTESIAN_POINT('',(41.9989,-1.294892,-0.1));
#2527 = DIRECTION('',(-0.,-0.,-1.));
#2528 = DIRECTION('',(1.,0.,0.));
#2529 = DEFINITIONAL_REPRESENTATION('',(#2530),#2534);
#2530 = LINE('',#2531,#2532);
#2531 = CARTESIAN_POINT('',(-6.28318530718,-1.7));
#2532 = VECTOR('',#2533,1.);
#2533 = DIRECTION('',(1.,-0.));
#2534 = ( GEOMETRIC_REPRESENTATION_CONTEXT(2) 
PARAMETRIC_REPRESENTATION_CONTEXT() REPRESENTATION_CONTEXT('2D SPACE',''
  ) );
#2535 = FACE_BOUND('',#2536,.T.);
#2536 = EDGE_LOOP('',(#2537));
#2537 = ORIENTED_EDGE('',*,*,#2538,.T.);
#2538 = EDGE_CURVE('',#2539,#2539,#2541,.T.);
#2539 = VERTEX_POINT('',#2540);
#2540 = CARTESIAN_POINT('',(45.7239116,-35.729926,1.6));
#2541 = SURFACE_CURVE('',#2542,(#2547,#2558),.PCURVE_S1.);
#2542 = CIRCLE('',#2543,0.5500116);
#2543 = AXIS2_PLACEMENT_3D('',#2544,#2545,#2546);
#2544 = CARTESIAN_POINT('',(45.1739,-35.729926,1.6));
#2545 = DIRECTION('',(0.,0.,-1.));
#2546 = DIRECTION('',(1.,0.,0.));
#2547 = PCURVE('',#264,#2548);
#2548 = DEFINITIONAL_REPRESENTATION('',(#2549),#2557);
#2549 = ( BOUNDED_CURVE() B_SPLINE_CURVE(2,(#2550,#2551,#2552,#2553,
#2554,#2555,#2556),.UNSPECIFIED.,.T.,.F.) B_SPLINE_CURVE_WITH_KNOTS((1,2
    ,2,2,2,1),(-2.094395102393,0.,2.094395102393,4.188790204786,
6.28318530718,8.377580409573),.UNSPECIFIED.) CURVE() 
GEOMETRIC_REPRESENTATION_ITEM() RATIONAL_B_SPLINE_CURVE((1.,0.5,1.,0.5,
1.,0.5,1.)) REPRESENTATION_ITEM('') );
#2550 = CARTESIAN_POINT('',(45.7239116,37.320074));
#2551 = CARTESIAN_POINT('',(45.7239116,36.367425964048));
#2552 = CARTESIAN_POINT('',(44.8988942,36.843749982024));
#2553 = CARTESIAN_POINT('',(44.0738768,37.320074));
#2554 = CARTESIAN_POINT('',(44.8988942,37.796398017976));
#2555 = CARTESIAN_POINT('',(45.7239116,38.272722035952));
#2556 = CARTESIAN_POINT('',(45.7239116,37.320074));
#2557 = ( GEOMETRIC_REPRESENTATION_CONTEXT(2) 
PARAMETRIC_REPRESENTATION_CONTEXT() REPRESENTATION_CONTEXT('2D SPACE',''
  ) );
#2558 = PCURVE('',#2559,#2564);
#2559 = CYLINDRICAL_SURFACE('',#2560,0.5500116);
#2560 = AXIS2_PLACEMENT_3D('',#2561,#2562,#2563);
#2561 = CARTESIAN_POINT('',(45.1739,-35.729926,-0.1));
#2562 = DIRECTION('',(-0.,-0.,-1.));
#2563 = DIRECTION('',(1.,0.,0.));
#2564 = DEFINITIONAL_REPRESENTATION('',(#2565),#2569);
#2565 = LINE('',#2566,#2567);
#2566 = CARTESIAN_POINT('',(-6.28318530718,-1.7));
#2567 = VECTOR('',#2568,1.);
#2568 = DIRECTION('',(1.,-0.));
#2569 = ( GEOMETRIC_REPRESENTATION_CONTEXT(2) 
PARAMETRIC_REPRESENTATION_CONTEXT() REPRESENTATION_CONTEXT('2D SPACE',''
  ) );
#2570 = FACE_BOUND('',#2571,.T.);
#2571 = EDGE_LOOP('',(#2572));
#2572 = ORIENTED_EDGE('',*,*,#2573,.T.);
#2573 = EDGE_CURVE('',#2574,#2574,#2576,.T.);
#2574 = VERTEX_POINT('',#2575);
#2575 = CARTESIAN_POINT('',(48.9000038,-25.500076,1.6));
#2576 = SURFACE_CURVE('',#2577,(#2582,#2593),.PCURVE_S1.);
#2577 = CIRCLE('',#2578,1.0999978);
#2578 = AXIS2_PLACEMENT_3D('',#2579,#2580,#2581);
#2579 = CARTESIAN_POINT('',(47.800006,-25.500076,1.6));
#2580 = DIRECTION('',(0.,0.,-1.));
#2581 = DIRECTION('',(1.,0.,0.));
#2582 = PCURVE('',#264,#2583);
#2583 = DEFINITIONAL_REPRESENTATION('',(#2584),#2592);
#2584 = ( BOUNDED_CURVE() B_SPLINE_CURVE(2,(#2585,#2586,#2587,#2588,
#2589,#2590,#2591),.UNSPECIFIED.,.T.,.F.) B_SPLINE_CURVE_WITH_KNOTS((1,2
    ,2,2,2,1),(-2.094395102393,0.,2.094395102393,4.188790204786,
6.28318530718,8.377580409573),.UNSPECIFIED.) CURVE() 
GEOMETRIC_REPRESENTATION_ITEM() RATIONAL_B_SPLINE_CURVE((1.,0.5,1.,0.5,
1.,0.5,1.)) REPRESENTATION_ITEM('') );
#2585 = CARTESIAN_POINT('',(48.9000038,47.549924));
#2586 = CARTESIAN_POINT('',(48.9000038,45.644671922186));
#2587 = CARTESIAN_POINT('',(47.2500071,46.597297961093));
#2588 = CARTESIAN_POINT('',(45.6000104,47.549924));
#2589 = CARTESIAN_POINT('',(47.2500071,48.502550038907));
#2590 = CARTESIAN_POINT('',(48.9000038,49.455176077814));
#2591 = CARTESIAN_POINT('',(48.9000038,47.549924));
#2592 = ( GEOMETRIC_REPRESENTATION_CONTEXT(2) 
PARAMETRIC_REPRESENTATION_CONTEXT() REPRESENTATION_CONTEXT('2D SPACE',''
  ) );
#2593 = PCURVE('',#2594,#2599);
#2594 = CYLINDRICAL_SURFACE('',#2595,1.0999978);
#2595 = AXIS2_PLACEMENT_3D('',#2596,#2597,#2598);
#2596 = CARTESIAN_POINT('',(47.800006,-25.500076,-0.1));
#2597 = DIRECTION('',(-0.,-0.,-1.));
#2598 = DIRECTION('',(1.,0.,0.));
#2599 = DEFINITIONAL_REPRESENTATION('',(#2600),#2604);
#2600 = LINE('',#2601,#2602);
#2601 = CARTESIAN_POINT('',(-6.28318530718,-1.7));
#2602 = VECTOR('',#2603,1.);
#2603 = DIRECTION('',(1.,-0.));
#2604 = ( GEOMETRIC_REPRESENTATION_CONTEXT(2) 
PARAMETRIC_REPRESENTATION_CONTEXT() REPRESENTATION_CONTEXT('2D SPACE',''
  ) );
#2605 = FACE_BOUND('',#2606,.T.);
#2606 = EDGE_LOOP('',(#2607));
#2607 = ORIENTED_EDGE('',*,*,#2608,.T.);
#2608 = EDGE_CURVE('',#2609,#2609,#2611,.T.);
#2609 = VERTEX_POINT('',#2610);
#2610 = CARTESIAN_POINT('',(64.7744196,-35.729926,1.6));
#2611 = SURFACE_CURVE('',#2612,(#2617,#2628),.PCURVE_S1.);
#2612 = CIRCLE('',#2613,0.5500116);
#2613 = AXIS2_PLACEMENT_3D('',#2614,#2615,#2616);
#2614 = CARTESIAN_POINT('',(64.224408,-35.729926,1.6));
#2615 = DIRECTION('',(0.,0.,-1.));
#2616 = DIRECTION('',(1.,0.,0.));
#2617 = PCURVE('',#264,#2618);
#2618 = DEFINITIONAL_REPRESENTATION('',(#2619),#2627);
#2619 = ( BOUNDED_CURVE() B_SPLINE_CURVE(2,(#2620,#2621,#2622,#2623,
#2624,#2625,#2626),.UNSPECIFIED.,.T.,.F.) B_SPLINE_CURVE_WITH_KNOTS((1,2
    ,2,2,2,1),(-2.094395102393,0.,2.094395102393,4.188790204786,
6.28318530718,8.377580409573),.UNSPECIFIED.) CURVE() 
GEOMETRIC_REPRESENTATION_ITEM() RATIONAL_B_SPLINE_CURVE((1.,0.5,1.,0.5,
1.,0.5,1.)) REPRESENTATION_ITEM('') );
#2620 = CARTESIAN_POINT('',(64.7744196,37.320074));
#2621 = CARTESIAN_POINT('',(64.7744196,36.367425964048));
#2622 = CARTESIAN_POINT('',(63.9494022,36.843749982024));
#2623 = CARTESIAN_POINT('',(63.1243848,37.320074));
#2624 = CARTESIAN_POINT('',(63.9494022,37.796398017976));
#2625 = CARTESIAN_POINT('',(64.7744196,38.272722035952));
#2626 = CARTESIAN_POINT('',(64.7744196,37.320074));
#2627 = ( GEOMETRIC_REPRESENTATION_CONTEXT(2) 
PARAMETRIC_REPRESENTATION_CONTEXT() REPRESENTATION_CONTEXT('2D SPACE',''
  ) );
#2628 = PCURVE('',#2629,#2634);
#2629 = CYLINDRICAL_SURFACE('',#2630,0.5500116);
#2630 = AXIS2_PLACEMENT_3D('',#2631,#2632,#2633);
#2631 = CARTESIAN_POINT('',(64.224408,-35.729926,-0.1));
#2632 = DIRECTION('',(-0.,-0.,-1.));
#2633 = DIRECTION('',(1.,0.,0.));
#2634 = DEFINITIONAL_REPRESENTATION('',(#2635),#2639);
#2635 = LINE('',#2636,#2637);
#2636 = CARTESIAN_POINT('',(-6.28318530718,-1.7));
#2637 = VECTOR('',#2638,1.);
#2638 = DIRECTION('',(1.,-0.));
#2639 = ( GEOMETRIC_REPRESENTATION_CONTEXT(2) 
PARAMETRIC_REPRESENTATION_CONTEXT() REPRESENTATION_CONTEXT('2D SPACE',''
  ) );
#2640 = FACE_BOUND('',#2641,.T.);
#2641 = EDGE_LOOP('',(#2642));
#2642 = ORIENTED_EDGE('',*,*,#2643,.T.);
#2643 = EDGE_CURVE('',#2644,#2644,#2646,.T.);
#2644 = VERTEX_POINT('',#2645);
#2645 = CARTESIAN_POINT('',(75.3000018,-25.500076,1.6));
#2646 = SURFACE_CURVE('',#2647,(#2652,#2663),.PCURVE_S1.);
#2647 = CIRCLE('',#2648,1.0999978);
#2648 = AXIS2_PLACEMENT_3D('',#2649,#2650,#2651);
#2649 = CARTESIAN_POINT('',(74.200004,-25.500076,1.6));
#2650 = DIRECTION('',(0.,0.,-1.));
#2651 = DIRECTION('',(1.,0.,0.));
#2652 = PCURVE('',#264,#2653);
#2653 = DEFINITIONAL_REPRESENTATION('',(#2654),#2662);
#2654 = ( BOUNDED_CURVE() B_SPLINE_CURVE(2,(#2655,#2656,#2657,#2658,
#2659,#2660,#2661),.UNSPECIFIED.,.T.,.F.) B_SPLINE_CURVE_WITH_KNOTS((1,2
    ,2,2,2,1),(-2.094395102393,0.,2.094395102393,4.188790204786,
6.28318530718,8.377580409573),.UNSPECIFIED.) CURVE() 
GEOMETRIC_REPRESENTATION_ITEM() RATIONAL_B_SPLINE_CURVE((1.,0.5,1.,0.5,
1.,0.5,1.)) REPRESENTATION_ITEM('') );
#2655 = CARTESIAN_POINT('',(75.3000018,47.549924));
#2656 = CARTESIAN_POINT('',(75.3000018,45.644671922186));
#2657 = CARTESIAN_POINT('',(73.6500051,46.597297961093));
#2658 = CARTESIAN_POINT('',(72.0000084,47.549924));
#2659 = CARTESIAN_POINT('',(73.6500051,48.502550038907));
#2660 = CARTESIAN_POINT('',(75.3000018,49.455176077814));
#2661 = CARTESIAN_POINT('',(75.3000018,47.549924));
#2662 = ( GEOMETRIC_REPRESENTATION_CONTEXT(2) 
PARAMETRIC_REPRESENTATION_CONTEXT() REPRESENTATION_CONTEXT('2D SPACE',''
  ) );
#2663 = PCURVE('',#2664,#2669);
#2664 = CYLINDRICAL_SURFACE('',#2665,1.0999978);
#2665 = AXIS2_PLACEMENT_3D('',#2666,#2667,#2668);
#2666 = CARTESIAN_POINT('',(74.200004,-25.500076,-0.1));
#2667 = DIRECTION('',(-0.,-0.,-1.));
#2668 = DIRECTION('',(1.,0.,0.));
#2669 = DEFINITIONAL_REPRESENTATION('',(#2670),#2674);
#2670 = LINE('',#2671,#2672);
#2671 = CARTESIAN_POINT('',(-6.28318530718,-1.7));
#2672 = VECTOR('',#2673,1.);
#2673 = DIRECTION('',(1.,-0.));
#2674 = ( GEOMETRIC_REPRESENTATION_CONTEXT(2) 
PARAMETRIC_REPRESENTATION_CONTEXT() REPRESENTATION_CONTEXT('2D SPACE',''
  ) );
#2675 = FACE_BOUND('',#2676,.T.);
#2676 = EDGE_LOOP('',(#2677));
#2677 = ORIENTED_EDGE('',*,*,#2678,.T.);
#2678 = EDGE_CURVE('',#2679,#2679,#2681,.T.);
#2679 = VERTEX_POINT('',#2680);
#2680 = CARTESIAN_POINT('',(48.9000038,-2.500122,1.6));
#2681 = SURFACE_CURVE('',#2682,(#2687,#2698),.PCURVE_S1.);
#2682 = CIRCLE('',#2683,1.0999978);
#2683 = AXIS2_PLACEMENT_3D('',#2684,#2685,#2686);
#2684 = CARTESIAN_POINT('',(47.800006,-2.500122,1.6));
#2685 = DIRECTION('',(0.,0.,-1.));
#2686 = DIRECTION('',(1.,0.,0.));
#2687 = PCURVE('',#264,#2688);
#2688 = DEFINITIONAL_REPRESENTATION('',(#2689),#2697);
#2689 = ( BOUNDED_CURVE() B_SPLINE_CURVE(2,(#2690,#2691,#2692,#2693,
#2694,#2695,#2696),.UNSPECIFIED.,.T.,.F.) B_SPLINE_CURVE_WITH_KNOTS((1,2
    ,2,2,2,1),(-2.094395102393,0.,2.094395102393,4.188790204786,
6.28318530718,8.377580409573),.UNSPECIFIED.) CURVE() 
GEOMETRIC_REPRESENTATION_ITEM() RATIONAL_B_SPLINE_CURVE((1.,0.5,1.,0.5,
1.,0.5,1.)) REPRESENTATION_ITEM('') );
#2690 = CARTESIAN_POINT('',(48.9000038,70.549878));
#2691 = CARTESIAN_POINT('',(48.9000038,68.644625922186));
#2692 = CARTESIAN_POINT('',(47.2500071,69.597251961093));
#2693 = CARTESIAN_POINT('',(45.6000104,70.549878));
#2694 = CARTESIAN_POINT('',(47.2500071,71.502504038907));
#2695 = CARTESIAN_POINT('',(48.9000038,72.455130077814));
#2696 = CARTESIAN_POINT('',(48.9000038,70.549878));
#2697 = ( GEOMETRIC_REPRESENTATION_CONTEXT(2) 
PARAMETRIC_REPRESENTATION_CONTEXT() REPRESENTATION_CONTEXT('2D SPACE',''
  ) );
#2698 = PCURVE('',#2699,#2704);
#2699 = CYLINDRICAL_SURFACE('',#2700,1.0999978);
#2700 = AXIS2_PLACEMENT_3D('',#2701,#2702,#2703);
#2701 = CARTESIAN_POINT('',(47.800006,-2.500122,-0.1));
#2702 = DIRECTION('',(-0.,-0.,-1.));
#2703 = DIRECTION('',(1.,0.,0.));
#2704 = DEFINITIONAL_REPRESENTATION('',(#2705),#2709);
#2705 = LINE('',#2706,#2707);
#2706 = CARTESIAN_POINT('',(-6.28318530718,-1.7));
#2707 = VECTOR('',#2708,1.);
#2708 = DIRECTION('',(1.,-0.));
#2709 = ( GEOMETRIC_REPRESENTATION_CONTEXT(2) 
PARAMETRIC_REPRESENTATION_CONTEXT() REPRESENTATION_CONTEXT('2D SPACE',''
  ) );
#2710 = FACE_BOUND('',#2711,.T.);
#2711 = EDGE_LOOP('',(#2712));
#2712 = ORIENTED_EDGE('',*,*,#2713,.T.);
#2713 = EDGE_CURVE('',#2714,#2714,#2716,.T.);
#2714 = VERTEX_POINT('',#2715);
#2715 = CARTESIAN_POINT('',(52.6206466,-2.499106,1.6));
#2716 = SURFACE_CURVE('',#2717,(#2722,#2733),.PCURVE_S1.);
#2717 = CIRCLE('',#2718,0.5100066);
#2718 = AXIS2_PLACEMENT_3D('',#2719,#2720,#2721);
#2719 = CARTESIAN_POINT('',(52.11064,-2.499106,1.6));
#2720 = DIRECTION('',(0.,0.,-1.));
#2721 = DIRECTION('',(1.,0.,0.));
#2722 = PCURVE('',#264,#2723);
#2723 = DEFINITIONAL_REPRESENTATION('',(#2724),#2732);
#2724 = ( BOUNDED_CURVE() B_SPLINE_CURVE(2,(#2725,#2726,#2727,#2728,
#2729,#2730,#2731),.UNSPECIFIED.,.T.,.F.) B_SPLINE_CURVE_WITH_KNOTS((1,2
    ,2,2,2,1),(-2.094395102393,0.,2.094395102393,4.188790204786,
6.28318530718,8.377580409573),.UNSPECIFIED.) CURVE() 
GEOMETRIC_REPRESENTATION_ITEM() RATIONAL_B_SPLINE_CURVE((1.,0.5,1.,0.5,
1.,0.5,1.)) REPRESENTATION_ITEM('') );
#2725 = CARTESIAN_POINT('',(52.6206466,70.550894));
#2726 = CARTESIAN_POINT('',(52.6206466,69.667536656605));
#2727 = CARTESIAN_POINT('',(51.8556367,70.109215328302));
#2728 = CARTESIAN_POINT('',(51.0906268,70.550894));
#2729 = CARTESIAN_POINT('',(51.8556367,70.992572671698));
#2730 = CARTESIAN_POINT('',(52.6206466,71.434251343395));
#2731 = CARTESIAN_POINT('',(52.6206466,70.550894));
#2732 = ( GEOMETRIC_REPRESENTATION_CONTEXT(2) 
PARAMETRIC_REPRESENTATION_CONTEXT() REPRESENTATION_CONTEXT('2D SPACE',''
  ) );
#2733 = PCURVE('',#2734,#2739);
#2734 = CYLINDRICAL_SURFACE('',#2735,0.5100066);
#2735 = AXIS2_PLACEMENT_3D('',#2736,#2737,#2738);
#2736 = CARTESIAN_POINT('',(52.11064,-2.499106,-0.1));
#2737 = DIRECTION('',(-0.,-0.,-1.));
#2738 = DIRECTION('',(1.,0.,0.));
#2739 = DEFINITIONAL_REPRESENTATION('',(#2740),#2744);
#2740 = LINE('',#2741,#2742);
#2741 = CARTESIAN_POINT('',(-6.28318530718,-1.7));
#2742 = VECTOR('',#2743,1.);
#2743 = DIRECTION('',(1.,-0.));
#2744 = ( GEOMETRIC_REPRESENTATION_CONTEXT(2) 
PARAMETRIC_REPRESENTATION_CONTEXT() REPRESENTATION_CONTEXT('2D SPACE',''
  ) );
#2745 = FACE_BOUND('',#2746,.T.);
#2746 = EDGE_LOOP('',(#2747));
#2747 = ORIENTED_EDGE('',*,*,#2748,.T.);
#2748 = EDGE_CURVE('',#2749,#2749,#2751,.T.);
#2749 = VERTEX_POINT('',#2750);
#2750 = CARTESIAN_POINT('',(55.1606466,-2.499106,1.6));
#2751 = SURFACE_CURVE('',#2752,(#2757,#2768),.PCURVE_S1.);
#2752 = CIRCLE('',#2753,0.5100066);
#2753 = AXIS2_PLACEMENT_3D('',#2754,#2755,#2756);
#2754 = CARTESIAN_POINT('',(54.65064,-2.499106,1.6));
#2755 = DIRECTION('',(0.,0.,-1.));
#2756 = DIRECTION('',(1.,0.,0.));
#2757 = PCURVE('',#264,#2758);
#2758 = DEFINITIONAL_REPRESENTATION('',(#2759),#2767);
#2759 = ( BOUNDED_CURVE() B_SPLINE_CURVE(2,(#2760,#2761,#2762,#2763,
#2764,#2765,#2766),.UNSPECIFIED.,.T.,.F.) B_SPLINE_CURVE_WITH_KNOTS((1,2
    ,2,2,2,1),(-2.094395102393,0.,2.094395102393,4.188790204786,
6.28318530718,8.377580409573),.UNSPECIFIED.) CURVE() 
GEOMETRIC_REPRESENTATION_ITEM() RATIONAL_B_SPLINE_CURVE((1.,0.5,1.,0.5,
1.,0.5,1.)) REPRESENTATION_ITEM('') );
#2760 = CARTESIAN_POINT('',(55.1606466,70.550894));
#2761 = CARTESIAN_POINT('',(55.1606466,69.667536656605));
#2762 = CARTESIAN_POINT('',(54.3956367,70.109215328302));
#2763 = CARTESIAN_POINT('',(53.6306268,70.550894));
#2764 = CARTESIAN_POINT('',(54.3956367,70.992572671698));
#2765 = CARTESIAN_POINT('',(55.1606466,71.434251343395));
#2766 = CARTESIAN_POINT('',(55.1606466,70.550894));
#2767 = ( GEOMETRIC_REPRESENTATION_CONTEXT(2) 
PARAMETRIC_REPRESENTATION_CONTEXT() REPRESENTATION_CONTEXT('2D SPACE',''
  ) );
#2768 = PCURVE('',#2769,#2774);
#2769 = CYLINDRICAL_SURFACE('',#2770,0.5100066);
#2770 = AXIS2_PLACEMENT_3D('',#2771,#2772,#2773);
#2771 = CARTESIAN_POINT('',(54.65064,-2.499106,-0.1));
#2772 = DIRECTION('',(-0.,-0.,-1.));
#2773 = DIRECTION('',(1.,0.,0.));
#2774 = DEFINITIONAL_REPRESENTATION('',(#2775),#2779);
#2775 = LINE('',#2776,#2777);
#2776 = CARTESIAN_POINT('',(-6.28318530718,-1.7));
#2777 = VECTOR('',#2778,1.);
#2778 = DIRECTION('',(1.,-0.));
#2779 = ( GEOMETRIC_REPRESENTATION_CONTEXT(2) 
PARAMETRIC_REPRESENTATION_CONTEXT() REPRESENTATION_CONTEXT('2D SPACE',''
  ) );
#2780 = FACE_BOUND('',#2781,.T.);
#2781 = EDGE_LOOP('',(#2782));
#2782 = ORIENTED_EDGE('',*,*,#2783,.T.);
#2783 = EDGE_CURVE('',#2784,#2784,#2786,.T.);
#2784 = VERTEX_POINT('',#2785);
#2785 = CARTESIAN_POINT('',(57.7006466,-2.499106,1.6));
#2786 = SURFACE_CURVE('',#2787,(#2792,#2803),.PCURVE_S1.);
#2787 = CIRCLE('',#2788,0.5100066);
#2788 = AXIS2_PLACEMENT_3D('',#2789,#2790,#2791);
#2789 = CARTESIAN_POINT('',(57.19064,-2.499106,1.6));
#2790 = DIRECTION('',(0.,0.,-1.));
#2791 = DIRECTION('',(1.,0.,0.));
#2792 = PCURVE('',#264,#2793);
#2793 = DEFINITIONAL_REPRESENTATION('',(#2794),#2802);
#2794 = ( BOUNDED_CURVE() B_SPLINE_CURVE(2,(#2795,#2796,#2797,#2798,
#2799,#2800,#2801),.UNSPECIFIED.,.T.,.F.) B_SPLINE_CURVE_WITH_KNOTS((1,2
    ,2,2,2,1),(-2.094395102393,0.,2.094395102393,4.188790204786,
6.28318530718,8.377580409573),.UNSPECIFIED.) CURVE() 
GEOMETRIC_REPRESENTATION_ITEM() RATIONAL_B_SPLINE_CURVE((1.,0.5,1.,0.5,
1.,0.5,1.)) REPRESENTATION_ITEM('') );
#2795 = CARTESIAN_POINT('',(57.7006466,70.550894));
#2796 = CARTESIAN_POINT('',(57.7006466,69.667536656605));
#2797 = CARTESIAN_POINT('',(56.9356367,70.109215328302));
#2798 = CARTESIAN_POINT('',(56.1706268,70.550894));
#2799 = CARTESIAN_POINT('',(56.9356367,70.992572671698));
#2800 = CARTESIAN_POINT('',(57.7006466,71.434251343395));
#2801 = CARTESIAN_POINT('',(57.7006466,70.550894));
#2802 = ( GEOMETRIC_REPRESENTATION_CONTEXT(2) 
PARAMETRIC_REPRESENTATION_CONTEXT() REPRESENTATION_CONTEXT('2D SPACE',''
  ) );
#2803 = PCURVE('',#2804,#2809);
#2804 = CYLINDRICAL_SURFACE('',#2805,0.5100066);
#2805 = AXIS2_PLACEMENT_3D('',#2806,#2807,#2808);
#2806 = CARTESIAN_POINT('',(57.19064,-2.499106,-0.1));
#2807 = DIRECTION('',(-0.,-0.,-1.));
#2808 = DIRECTION('',(1.,0.,0.));
#2809 = DEFINITIONAL_REPRESENTATION('',(#2810),#2814);
#2810 = LINE('',#2811,#2812);
#2811 = CARTESIAN_POINT('',(-6.28318530718,-1.7));
#2812 = VECTOR('',#2813,1.);
#2813 = DIRECTION('',(1.,-0.));
#2814 = ( GEOMETRIC_REPRESENTATION_CONTEXT(2) 
PARAMETRIC_REPRESENTATION_CONTEXT() REPRESENTATION_CONTEXT('2D SPACE',''
  ) );
#2815 = FACE_BOUND('',#2816,.T.);
#2816 = EDGE_LOOP('',(#2817));
#2817 = ORIENTED_EDGE('',*,*,#2818,.T.);
#2818 = EDGE_CURVE('',#2819,#2819,#2821,.T.);
#2819 = VERTEX_POINT('',#2820);
#2820 = CARTESIAN_POINT('',(60.2406466,-2.499106,1.6));
#2821 = SURFACE_CURVE('',#2822,(#2827,#2838),.PCURVE_S1.);
#2822 = CIRCLE('',#2823,0.5100066);
#2823 = AXIS2_PLACEMENT_3D('',#2824,#2825,#2826);
#2824 = CARTESIAN_POINT('',(59.73064,-2.499106,1.6));
#2825 = DIRECTION('',(0.,0.,-1.));
#2826 = DIRECTION('',(1.,0.,0.));
#2827 = PCURVE('',#264,#2828);
#2828 = DEFINITIONAL_REPRESENTATION('',(#2829),#2837);
#2829 = ( BOUNDED_CURVE() B_SPLINE_CURVE(2,(#2830,#2831,#2832,#2833,
#2834,#2835,#2836),.UNSPECIFIED.,.T.,.F.) B_SPLINE_CURVE_WITH_KNOTS((1,2
    ,2,2,2,1),(-2.094395102393,0.,2.094395102393,4.188790204786,
6.28318530718,8.377580409573),.UNSPECIFIED.) CURVE() 
GEOMETRIC_REPRESENTATION_ITEM() RATIONAL_B_SPLINE_CURVE((1.,0.5,1.,0.5,
1.,0.5,1.)) REPRESENTATION_ITEM('') );
#2830 = CARTESIAN_POINT('',(60.2406466,70.550894));
#2831 = CARTESIAN_POINT('',(60.2406466,69.667536656605));
#2832 = CARTESIAN_POINT('',(59.4756367,70.109215328302));
#2833 = CARTESIAN_POINT('',(58.7106268,70.550894));
#2834 = CARTESIAN_POINT('',(59.4756367,70.992572671698));
#2835 = CARTESIAN_POINT('',(60.2406466,71.434251343395));
#2836 = CARTESIAN_POINT('',(60.2406466,70.550894));
#2837 = ( GEOMETRIC_REPRESENTATION_CONTEXT(2) 
PARAMETRIC_REPRESENTATION_CONTEXT() REPRESENTATION_CONTEXT('2D SPACE',''
  ) );
#2838 = PCURVE('',#2839,#2844);
#2839 = CYLINDRICAL_SURFACE('',#2840,0.5100066);
#2840 = AXIS2_PLACEMENT_3D('',#2841,#2842,#2843);
#2841 = CARTESIAN_POINT('',(59.73064,-2.499106,-0.1));
#2842 = DIRECTION('',(-0.,-0.,-1.));
#2843 = DIRECTION('',(1.,0.,0.));
#2844 = DEFINITIONAL_REPRESENTATION('',(#2845),#2849);
#2845 = LINE('',#2846,#2847);
#2846 = CARTESIAN_POINT('',(-6.28318530718,-1.7));
#2847 = VECTOR('',#2848,1.);
#2848 = DIRECTION('',(1.,-0.));
#2849 = ( GEOMETRIC_REPRESENTATION_CONTEXT(2) 
PARAMETRIC_REPRESENTATION_CONTEXT() REPRESENTATION_CONTEXT('2D SPACE',''
  ) );
#2850 = FACE_BOUND('',#2851,.T.);
#2851 = EDGE_LOOP('',(#2852));
#2852 = ORIENTED_EDGE('',*,*,#2853,.T.);
#2853 = EDGE_CURVE('',#2854,#2854,#2856,.T.);
#2854 = VERTEX_POINT('',#2855);
#2855 = CARTESIAN_POINT('',(62.7806466,-2.499106,1.6));
#2856 = SURFACE_CURVE('',#2857,(#2862,#2873),.PCURVE_S1.);
#2857 = CIRCLE('',#2858,0.5100066);
#2858 = AXIS2_PLACEMENT_3D('',#2859,#2860,#2861);
#2859 = CARTESIAN_POINT('',(62.27064,-2.499106,1.6));
#2860 = DIRECTION('',(0.,0.,-1.));
#2861 = DIRECTION('',(1.,0.,0.));
#2862 = PCURVE('',#264,#2863);
#2863 = DEFINITIONAL_REPRESENTATION('',(#2864),#2872);
#2864 = ( BOUNDED_CURVE() B_SPLINE_CURVE(2,(#2865,#2866,#2867,#2868,
#2869,#2870,#2871),.UNSPECIFIED.,.T.,.F.) B_SPLINE_CURVE_WITH_KNOTS((1,2
    ,2,2,2,1),(-2.094395102393,0.,2.094395102393,4.188790204786,
6.28318530718,8.377580409573),.UNSPECIFIED.) CURVE() 
GEOMETRIC_REPRESENTATION_ITEM() RATIONAL_B_SPLINE_CURVE((1.,0.5,1.,0.5,
1.,0.5,1.)) REPRESENTATION_ITEM('') );
#2865 = CARTESIAN_POINT('',(62.7806466,70.550894));
#2866 = CARTESIAN_POINT('',(62.7806466,69.667536656605));
#2867 = CARTESIAN_POINT('',(62.0156367,70.109215328302));
#2868 = CARTESIAN_POINT('',(61.2506268,70.550894));
#2869 = CARTESIAN_POINT('',(62.0156367,70.992572671698));
#2870 = CARTESIAN_POINT('',(62.7806466,71.434251343395));
#2871 = CARTESIAN_POINT('',(62.7806466,70.550894));
#2872 = ( GEOMETRIC_REPRESENTATION_CONTEXT(2) 
PARAMETRIC_REPRESENTATION_CONTEXT() REPRESENTATION_CONTEXT('2D SPACE',''
  ) );
#2873 = PCURVE('',#2874,#2879);
#2874 = CYLINDRICAL_SURFACE('',#2875,0.5100066);
#2875 = AXIS2_PLACEMENT_3D('',#2876,#2877,#2878);
#2876 = CARTESIAN_POINT('',(62.27064,-2.499106,-0.1));
#2877 = DIRECTION('',(-0.,-0.,-1.));
#2878 = DIRECTION('',(1.,0.,0.));
#2879 = DEFINITIONAL_REPRESENTATION('',(#2880),#2884);
#2880 = LINE('',#2881,#2882);
#2881 = CARTESIAN_POINT('',(-6.28318530718,-1.7));
#2882 = VECTOR('',#2883,1.);
#2883 = DIRECTION('',(1.,-0.));
#2884 = ( GEOMETRIC_REPRESENTATION_CONTEXT(2) 
PARAMETRIC_REPRESENTATION_CONTEXT() REPRESENTATION_CONTEXT('2D SPACE',''
  ) );
#2885 = FACE_BOUND('',#2886,.T.);
#2886 = EDGE_LOOP('',(#2887));
#2887 = ORIENTED_EDGE('',*,*,#2888,.T.);
#2888 = EDGE_CURVE('',#2889,#2889,#2891,.T.);
#2889 = VERTEX_POINT('',#2890);
#2890 = CARTESIAN_POINT('',(65.3206466,-2.499106,1.6));
#2891 = SURFACE_CURVE('',#2892,(#2897,#2908),.PCURVE_S1.);
#2892 = CIRCLE('',#2893,0.5100066);
#2893 = AXIS2_PLACEMENT_3D('',#2894,#2895,#2896);
#2894 = CARTESIAN_POINT('',(64.81064,-2.499106,1.6));
#2895 = DIRECTION('',(0.,0.,-1.));
#2896 = DIRECTION('',(1.,0.,0.));
#2897 = PCURVE('',#264,#2898);
#2898 = DEFINITIONAL_REPRESENTATION('',(#2899),#2907);
#2899 = ( BOUNDED_CURVE() B_SPLINE_CURVE(2,(#2900,#2901,#2902,#2903,
#2904,#2905,#2906),.UNSPECIFIED.,.T.,.F.) B_SPLINE_CURVE_WITH_KNOTS((1,2
    ,2,2,2,1),(-2.094395102393,0.,2.094395102393,4.188790204786,
6.28318530718,8.377580409573),.UNSPECIFIED.) CURVE() 
GEOMETRIC_REPRESENTATION_ITEM() RATIONAL_B_SPLINE_CURVE((1.,0.5,1.,0.5,
1.,0.5,1.)) REPRESENTATION_ITEM('') );
#2900 = CARTESIAN_POINT('',(65.3206466,70.550894));
#2901 = CARTESIAN_POINT('',(65.3206466,69.667536656605));
#2902 = CARTESIAN_POINT('',(64.5556367,70.109215328302));
#2903 = CARTESIAN_POINT('',(63.7906268,70.550894));
#2904 = CARTESIAN_POINT('',(64.5556367,70.992572671698));
#2905 = CARTESIAN_POINT('',(65.3206466,71.434251343395));
#2906 = CARTESIAN_POINT('',(65.3206466,70.550894));
#2907 = ( GEOMETRIC_REPRESENTATION_CONTEXT(2) 
PARAMETRIC_REPRESENTATION_CONTEXT() REPRESENTATION_CONTEXT('2D SPACE',''
  ) );
#2908 = PCURVE('',#2909,#2914);
#2909 = CYLINDRICAL_SURFACE('',#2910,0.5100066);
#2910 = AXIS2_PLACEMENT_3D('',#2911,#2912,#2913);
#2911 = CARTESIAN_POINT('',(64.81064,-2.499106,-0.1));
#2912 = DIRECTION('',(-0.,-0.,-1.));
#2913 = DIRECTION('',(1.,0.,0.));
#2914 = DEFINITIONAL_REPRESENTATION('',(#2915),#2919);
#2915 = LINE('',#2916,#2917);
#2916 = CARTESIAN_POINT('',(-6.28318530718,-1.7));
#2917 = VECTOR('',#2918,1.);
#2918 = DIRECTION('',(1.,-0.));
#2919 = ( GEOMETRIC_REPRESENTATION_CONTEXT(2) 
PARAMETRIC_REPRESENTATION_CONTEXT() REPRESENTATION_CONTEXT('2D SPACE',''
  ) );
#2920 = FACE_BOUND('',#2921,.T.);
#2921 = EDGE_LOOP('',(#2922));
#2922 = ORIENTED_EDGE('',*,*,#2923,.T.);
#2923 = EDGE_CURVE('',#2924,#2924,#2926,.T.);
#2924 = VERTEX_POINT('',#2925);
#2925 = CARTESIAN_POINT('',(67.8606466,-2.499106,1.6));
#2926 = SURFACE_CURVE('',#2927,(#2932,#2943),.PCURVE_S1.);
#2927 = CIRCLE('',#2928,0.5100066);
#2928 = AXIS2_PLACEMENT_3D('',#2929,#2930,#2931);
#2929 = CARTESIAN_POINT('',(67.35064,-2.499106,1.6));
#2930 = DIRECTION('',(0.,0.,-1.));
#2931 = DIRECTION('',(1.,0.,0.));
#2932 = PCURVE('',#264,#2933);
#2933 = DEFINITIONAL_REPRESENTATION('',(#2934),#2942);
#2934 = ( BOUNDED_CURVE() B_SPLINE_CURVE(2,(#2935,#2936,#2937,#2938,
#2939,#2940,#2941),.UNSPECIFIED.,.T.,.F.) B_SPLINE_CURVE_WITH_KNOTS((1,2
    ,2,2,2,1),(-2.094395102393,0.,2.094395102393,4.188790204786,
6.28318530718,8.377580409573),.UNSPECIFIED.) CURVE() 
GEOMETRIC_REPRESENTATION_ITEM() RATIONAL_B_SPLINE_CURVE((1.,0.5,1.,0.5,
1.,0.5,1.)) REPRESENTATION_ITEM('') );
#2935 = CARTESIAN_POINT('',(67.8606466,70.550894));
#2936 = CARTESIAN_POINT('',(67.8606466,69.667536656605));
#2937 = CARTESIAN_POINT('',(67.0956367,70.109215328302));
#2938 = CARTESIAN_POINT('',(66.3306268,70.550894));
#2939 = CARTESIAN_POINT('',(67.0956367,70.992572671698));
#2940 = CARTESIAN_POINT('',(67.8606466,71.434251343395));
#2941 = CARTESIAN_POINT('',(67.8606466,70.550894));
#2942 = ( GEOMETRIC_REPRESENTATION_CONTEXT(2) 
PARAMETRIC_REPRESENTATION_CONTEXT() REPRESENTATION_CONTEXT('2D SPACE',''
  ) );
#2943 = PCURVE('',#2944,#2949);
#2944 = CYLINDRICAL_SURFACE('',#2945,0.5100066);
#2945 = AXIS2_PLACEMENT_3D('',#2946,#2947,#2948);
#2946 = CARTESIAN_POINT('',(67.35064,-2.499106,-0.1));
#2947 = DIRECTION('',(-0.,-0.,-1.));
#2948 = DIRECTION('',(1.,0.,0.));
#2949 = DEFINITIONAL_REPRESENTATION('',(#2950),#2954);
#2950 = LINE('',#2951,#2952);
#2951 = CARTESIAN_POINT('',(-6.28318530718,-1.7));
#2952 = VECTOR('',#2953,1.);
#2953 = DIRECTION('',(1.,-0.));
#2954 = ( GEOMETRIC_REPRESENTATION_CONTEXT(2) 
PARAMETRIC_REPRESENTATION_CONTEXT() REPRESENTATION_CONTEXT('2D SPACE',''
  ) );
#2955 = FACE_BOUND('',#2956,.T.);
#2956 = EDGE_LOOP('',(#2957));
#2957 = ORIENTED_EDGE('',*,*,#2958,.T.);
#2958 = EDGE_CURVE('',#2959,#2959,#2961,.T.);
#2959 = VERTEX_POINT('',#2960);
#2960 = CARTESIAN_POINT('',(70.4006466,-2.499106,1.6));
#2961 = SURFACE_CURVE('',#2962,(#2967,#2978),.PCURVE_S1.);
#2962 = CIRCLE('',#2963,0.5100066);
#2963 = AXIS2_PLACEMENT_3D('',#2964,#2965,#2966);
#2964 = CARTESIAN_POINT('',(69.89064,-2.499106,1.6));
#2965 = DIRECTION('',(0.,0.,-1.));
#2966 = DIRECTION('',(1.,0.,0.));
#2967 = PCURVE('',#264,#2968);
#2968 = DEFINITIONAL_REPRESENTATION('',(#2969),#2977);
#2969 = ( BOUNDED_CURVE() B_SPLINE_CURVE(2,(#2970,#2971,#2972,#2973,
#2974,#2975,#2976),.UNSPECIFIED.,.T.,.F.) B_SPLINE_CURVE_WITH_KNOTS((1,2
    ,2,2,2,1),(-2.094395102393,0.,2.094395102393,4.188790204786,
6.28318530718,8.377580409573),.UNSPECIFIED.) CURVE() 
GEOMETRIC_REPRESENTATION_ITEM() RATIONAL_B_SPLINE_CURVE((1.,0.5,1.,0.5,
1.,0.5,1.)) REPRESENTATION_ITEM('') );
#2970 = CARTESIAN_POINT('',(70.4006466,70.550894));
#2971 = CARTESIAN_POINT('',(70.4006466,69.667536656605));
#2972 = CARTESIAN_POINT('',(69.6356367,70.109215328302));
#2973 = CARTESIAN_POINT('',(68.8706268,70.550894));
#2974 = CARTESIAN_POINT('',(69.6356367,70.992572671698));
#2975 = CARTESIAN_POINT('',(70.4006466,71.434251343395));
#2976 = CARTESIAN_POINT('',(70.4006466,70.550894));
#2977 = ( GEOMETRIC_REPRESENTATION_CONTEXT(2) 
PARAMETRIC_REPRESENTATION_CONTEXT() REPRESENTATION_CONTEXT('2D SPACE',''
  ) );
#2978 = PCURVE('',#2979,#2984);
#2979 = CYLINDRICAL_SURFACE('',#2980,0.5100066);
#2980 = AXIS2_PLACEMENT_3D('',#2981,#2982,#2983);
#2981 = CARTESIAN_POINT('',(69.89064,-2.499106,-0.1));
#2982 = DIRECTION('',(-0.,-0.,-1.));
#2983 = DIRECTION('',(1.,0.,0.));
#2984 = DEFINITIONAL_REPRESENTATION('',(#2985),#2989);
#2985 = LINE('',#2986,#2987);
#2986 = CARTESIAN_POINT('',(-6.28318530718,-1.7));
#2987 = VECTOR('',#2988,1.);
#2988 = DIRECTION('',(1.,-0.));
#2989 = ( GEOMETRIC_REPRESENTATION_CONTEXT(2) 
PARAMETRIC_REPRESENTATION_CONTEXT() REPRESENTATION_CONTEXT('2D SPACE',''
  ) );
#2990 = FACE_BOUND('',#2991,.T.);
#2991 = EDGE_LOOP('',(#2992));
#2992 = ORIENTED_EDGE('',*,*,#2993,.T.);
#2993 = EDGE_CURVE('',#2994,#2994,#2996,.T.);
#2994 = VERTEX_POINT('',#2995);
#2995 = CARTESIAN_POINT('',(75.3000018,-2.500122,1.6));
#2996 = SURFACE_CURVE('',#2997,(#3002,#3013),.PCURVE_S1.);
#2997 = CIRCLE('',#2998,1.0999978);
#2998 = AXIS2_PLACEMENT_3D('',#2999,#3000,#3001);
#2999 = CARTESIAN_POINT('',(74.200004,-2.500122,1.6));
#3000 = DIRECTION('',(0.,0.,-1.));
#3001 = DIRECTION('',(1.,0.,0.));
#3002 = PCURVE('',#264,#3003);
#3003 = DEFINITIONAL_REPRESENTATION('',(#3004),#3012);
#3004 = ( BOUNDED_CURVE() B_SPLINE_CURVE(2,(#3005,#3006,#3007,#3008,
#3009,#3010,#3011),.UNSPECIFIED.,.T.,.F.) B_SPLINE_CURVE_WITH_KNOTS((1,2
    ,2,2,2,1),(-2.094395102393,0.,2.094395102393,4.188790204786,
6.28318530718,8.377580409573),.UNSPECIFIED.) CURVE() 
GEOMETRIC_REPRESENTATION_ITEM() RATIONAL_B_SPLINE_CURVE((1.,0.5,1.,0.5,
1.,0.5,1.)) REPRESENTATION_ITEM('') );
#3005 = CARTESIAN_POINT('',(75.3000018,70.549878));
#3006 = CARTESIAN_POINT('',(75.3000018,68.644625922186));
#3007 = CARTESIAN_POINT('',(73.6500051,69.597251961093));
#3008 = CARTESIAN_POINT('',(72.0000084,70.549878));
#3009 = CARTESIAN_POINT('',(73.6500051,71.502504038907));
#3010 = CARTESIAN_POINT('',(75.3000018,72.455130077814));
#3011 = CARTESIAN_POINT('',(75.3000018,70.549878));
#3012 = ( GEOMETRIC_REPRESENTATION_CONTEXT(2) 
PARAMETRIC_REPRESENTATION_CONTEXT() REPRESENTATION_CONTEXT('2D SPACE',''
  ) );
#3013 = PCURVE('',#3014,#3019);
#3014 = CYLINDRICAL_SURFACE('',#3015,1.0999978);
#3015 = AXIS2_PLACEMENT_3D('',#3016,#3017,#3018);
#3016 = CARTESIAN_POINT('',(74.200004,-2.500122,-0.1));
#3017 = DIRECTION('',(-0.,-0.,-1.));
#3018 = DIRECTION('',(1.,0.,0.));
#3019 = DEFINITIONAL_REPRESENTATION('',(#3020),#3024);
#3020 = LINE('',#3021,#3022);
#3021 = CARTESIAN_POINT('',(-6.28318530718,-1.7));
#3022 = VECTOR('',#3023,1.);
#3023 = DIRECTION('',(1.,-0.));
#3024 = ( GEOMETRIC_REPRESENTATION_CONTEXT(2) 
PARAMETRIC_REPRESENTATION_CONTEXT() REPRESENTATION_CONTEXT('2D SPACE',''
  ) );
#3025 = FACE_BOUND('',#3026,.T.);
#3026 = EDGE_LOOP('',(#3027));
#3027 = ORIENTED_EDGE('',*,*,#3028,.T.);
#3028 = EDGE_CURVE('',#3029,#3029,#3031,.T.);
#3029 = VERTEX_POINT('',#3030);
#3030 = CARTESIAN_POINT('',(82.0999628,-3.50012,1.6));
#3031 = SURFACE_CURVE('',#3032,(#3037,#3048),.PCURVE_S1.);
#3032 = CIRCLE('',#3033,1.5999968);
#3033 = AXIS2_PLACEMENT_3D('',#3034,#3035,#3036);
#3034 = CARTESIAN_POINT('',(80.499966,-3.50012,1.6));
#3035 = DIRECTION('',(0.,0.,-1.));
#3036 = DIRECTION('',(1.,0.,0.));
#3037 = PCURVE('',#264,#3038);
#3038 = DEFINITIONAL_REPRESENTATION('',(#3039),#3047);
#3039 = ( BOUNDED_CURVE() B_SPLINE_CURVE(2,(#3040,#3041,#3042,#3043,
#3044,#3045,#3046),.UNSPECIFIED.,.T.,.F.) B_SPLINE_CURVE_WITH_KNOTS((1,2
    ,2,2,2,1),(-2.094395102393,0.,2.094395102393,4.188790204786,
6.28318530718,8.377580409573),.UNSPECIFIED.) CURVE() 
GEOMETRIC_REPRESENTATION_ITEM() RATIONAL_B_SPLINE_CURVE((1.,0.5,1.,0.5,
1.,0.5,1.)) REPRESENTATION_ITEM('') );
#3040 = CARTESIAN_POINT('',(82.0999628,69.54988));
#3041 = CARTESIAN_POINT('',(82.0999628,66.778604250452));
#3042 = CARTESIAN_POINT('',(79.6999676,68.164242125226));
#3043 = CARTESIAN_POINT('',(77.2999724,69.54988));
#3044 = CARTESIAN_POINT('',(79.6999676,70.935517874774));
#3045 = CARTESIAN_POINT('',(82.0999628,72.321155749548));
#3046 = CARTESIAN_POINT('',(82.0999628,69.54988));
#3047 = ( GEOMETRIC_REPRESENTATION_CONTEXT(2) 
PARAMETRIC_REPRESENTATION_CONTEXT() REPRESENTATION_CONTEXT('2D SPACE',''
  ) );
#3048 = PCURVE('',#3049,#3054);
#3049 = CYLINDRICAL_SURFACE('',#3050,1.5999968);
#3050 = AXIS2_PLACEMENT_3D('',#3051,#3052,#3053);
#3051 = CARTESIAN_POINT('',(80.499966,-3.50012,-0.1));
#3052 = DIRECTION('',(-0.,-0.,-1.));
#3053 = DIRECTION('',(1.,0.,0.));
#3054 = DEFINITIONAL_REPRESENTATION('',(#3055),#3059);
#3055 = LINE('',#3056,#3057);
#3056 = CARTESIAN_POINT('',(-6.28318530718,-1.7));
#3057 = VECTOR('',#3058,1.);
#3058 = DIRECTION('',(1.,-0.));
#3059 = ( GEOMETRIC_REPRESENTATION_CONTEXT(2) 
PARAMETRIC_REPRESENTATION_CONTEXT() REPRESENTATION_CONTEXT('2D SPACE',''
  ) );
#3060 = ADVANCED_FACE('',(#3061),#238,.T.);
#3061 = FACE_BOUND('',#3062,.T.);
#3062 = EDGE_LOOP('',(#3063,#3086,#3087,#3088));
#3063 = ORIENTED_EDGE('',*,*,#3064,.F.);
#3064 = EDGE_CURVE('',#195,#3065,#3067,.T.);
#3065 = VERTEX_POINT('',#3066);
#3066 = CARTESIAN_POINT('',(84.,0.,0.));
#3067 = SURFACE_CURVE('',#3068,(#3072,#3079),.PCURVE_S1.);
#3068 = LINE('',#3069,#3070);
#3069 = CARTESIAN_POINT('',(0.,0.,0.));
#3070 = VECTOR('',#3071,1.);
#3071 = DIRECTION('',(1.,0.,0.));
#3072 = PCURVE('',#238,#3073);
#3073 = DEFINITIONAL_REPRESENTATION('',(#3074),#3078);
#3074 = LINE('',#3075,#3076);
#3075 = CARTESIAN_POINT('',(0.,0.));
#3076 = VECTOR('',#3077,1.);
#3077 = DIRECTION('',(0.,1.));
#3078 = ( GEOMETRIC_REPRESENTATION_CONTEXT(2) 
PARAMETRIC_REPRESENTATION_CONTEXT() REPRESENTATION_CONTEXT('2D SPACE',''
  ) );
#3079 = PCURVE('',#210,#3080);
#3080 = DEFINITIONAL_REPRESENTATION('',(#3081),#3085);
#3081 = LINE('',#3082,#3083);
#3082 = CARTESIAN_POINT('',(0.,73.05));
#3083 = VECTOR('',#3084,1.);
#3084 = DIRECTION('',(1.,0.));
#3085 = ( GEOMETRIC_REPRESENTATION_CONTEXT(2) 
PARAMETRIC_REPRESENTATION_CONTEXT() REPRESENTATION_CONTEXT('2D SPACE',''
  ) );
#3086 = ORIENTED_EDGE('',*,*,#222,.T.);
#3087 = ORIENTED_EDGE('',*,*,#380,.T.);
#3088 = ORIENTED_EDGE('',*,*,#3089,.F.);
#3089 = EDGE_CURVE('',#3065,#358,#3090,.T.);
#3090 = SURFACE_CURVE('',#3091,(#3095,#3102),.PCURVE_S1.);
#3091 = LINE('',#3092,#3093);
#3092 = CARTESIAN_POINT('',(84.,0.,0.));
#3093 = VECTOR('',#3094,1.);
#3094 = DIRECTION('',(0.,0.,1.));
#3095 = PCURVE('',#238,#3096);
#3096 = DEFINITIONAL_REPRESENTATION('',(#3097),#3101);
#3097 = LINE('',#3098,#3099);
#3098 = CARTESIAN_POINT('',(0.,84.));
#3099 = VECTOR('',#3100,1.);
#3100 = DIRECTION('',(1.,0.));
#3101 = ( GEOMETRIC_REPRESENTATION_CONTEXT(2) 
PARAMETRIC_REPRESENTATION_CONTEXT() REPRESENTATION_CONTEXT('2D SPACE',''
  ) );
#3102 = PCURVE('',#340,#3103);
#3103 = DEFINITIONAL_REPRESENTATION('',(#3104),#3108);
#3104 = LINE('',#3105,#3106);
#3105 = CARTESIAN_POINT('',(0.,-73.05));
#3106 = VECTOR('',#3107,1.);
#3107 = DIRECTION('',(1.,0.));
#3108 = ( GEOMETRIC_REPRESENTATION_CONTEXT(2) 
PARAMETRIC_REPRESENTATION_CONTEXT() REPRESENTATION_CONTEXT('2D SPACE',''
  ) );
#3109 = ADVANCED_FACE('',(#3110,#3136,#3166,#3196,#3226,#3256,#3286,
    #3316,#3346,#3376,#3406,#3436,#3466,#3496,#3526,#3556,#3586,#3616,
    #3646,#3676,#3706,#3736,#3766,#3796,#3826,#3856,#3886,#3916,#3946,
    #3976,#4006,#4036,#4066,#4096,#4126,#4156,#4186,#4216,#4246,#4276,
    #4306,#4336,#4366,#4396,#4426,#4456,#4486,#4516,#4546,#4576,#4606,
    #4636,#4666,#4696,#4726,#4756,#4786,#4816,#4846,#4876,#4906,#4936,
    #4966,#4996,#5026,#5056,#5086,#5116,#5146,#5176,#5206,#5236,#5266,
    #5296,#5326,#5356,#5386),#210,.F.);
#3110 = FACE_BOUND('',#3111,.F.);
#3111 = EDGE_LOOP('',(#3112,#3113,#3114,#3135));
#3112 = ORIENTED_EDGE('',*,*,#194,.F.);
#3113 = ORIENTED_EDGE('',*,*,#279,.T.);
#3114 = ORIENTED_EDGE('',*,*,#3115,.T.);
#3115 = EDGE_CURVE('',#280,#3065,#3116,.T.);
#3116 = SURFACE_CURVE('',#3117,(#3121,#3128),.PCURVE_S1.);
#3117 = LINE('',#3118,#3119);
#3118 = CARTESIAN_POINT('',(84.,-73.05,0.));
#3119 = VECTOR('',#3120,1.);
#3120 = DIRECTION('',(0.,1.,0.));
#3121 = PCURVE('',#210,#3122);
#3122 = DEFINITIONAL_REPRESENTATION('',(#3123),#3127);
#3123 = LINE('',#3124,#3125);
#3124 = CARTESIAN_POINT('',(84.,0.));
#3125 = VECTOR('',#3126,1.);
#3126 = DIRECTION('',(0.,1.));
#3127 = ( GEOMETRIC_REPRESENTATION_CONTEXT(2) 
PARAMETRIC_REPRESENTATION_CONTEXT() REPRESENTATION_CONTEXT('2D SPACE',''
  ) );
#3128 = PCURVE('',#340,#3129);
#3129 = DEFINITIONAL_REPRESENTATION('',(#3130),#3134);
#3130 = LINE('',#3131,#3132);
#3131 = CARTESIAN_POINT('',(0.,0.));
#3132 = VECTOR('',#3133,1.);
#3133 = DIRECTION('',(0.,-1.));
#3134 = ( GEOMETRIC_REPRESENTATION_CONTEXT(2) 
PARAMETRIC_REPRESENTATION_CONTEXT() REPRESENTATION_CONTEXT('2D SPACE',''
  ) );
#3135 = ORIENTED_EDGE('',*,*,#3064,.F.);
#3136 = FACE_BOUND('',#3137,.F.);
#3137 = EDGE_LOOP('',(#3138));
#3138 = ORIENTED_EDGE('',*,*,#3139,.T.);
#3139 = EDGE_CURVE('',#3140,#3140,#3142,.T.);
#3140 = VERTEX_POINT('',#3141);
#3141 = CARTESIAN_POINT('',(5.1001168,-69.550026,0.));
#3142 = SURFACE_CURVE('',#3143,(#3148,#3159),.PCURVE_S1.);
#3143 = CIRCLE('',#3144,1.5999968);
#3144 = AXIS2_PLACEMENT_3D('',#3145,#3146,#3147);
#3145 = CARTESIAN_POINT('',(3.50012,-69.550026,0.));
#3146 = DIRECTION('',(0.,0.,-1.));
#3147 = DIRECTION('',(1.,0.,0.));
#3148 = PCURVE('',#210,#3149);
#3149 = DEFINITIONAL_REPRESENTATION('',(#3150),#3158);
#3150 = ( BOUNDED_CURVE() B_SPLINE_CURVE(2,(#3151,#3152,#3153,#3154,
#3155,#3156,#3157),.UNSPECIFIED.,.T.,.F.) B_SPLINE_CURVE_WITH_KNOTS((1,2
    ,2,2,2,1),(-2.094395102393,0.,2.094395102393,4.188790204786,
6.28318530718,8.377580409573),.UNSPECIFIED.) CURVE() 
GEOMETRIC_REPRESENTATION_ITEM() RATIONAL_B_SPLINE_CURVE((1.,0.5,1.,0.5,
1.,0.5,1.)) REPRESENTATION_ITEM('') );
#3151 = CARTESIAN_POINT('',(5.1001168,3.499974));
#3152 = CARTESIAN_POINT('',(5.1001168,0.728698250452));
#3153 = CARTESIAN_POINT('',(2.7001216,2.114336125226));
#3154 = CARTESIAN_POINT('',(0.3001264,3.499974));
#3155 = CARTESIAN_POINT('',(2.7001216,4.885611874774));
#3156 = CARTESIAN_POINT('',(5.1001168,6.271249749548));
#3157 = CARTESIAN_POINT('',(5.1001168,3.499974));
#3158 = ( GEOMETRIC_REPRESENTATION_CONTEXT(2) 
PARAMETRIC_REPRESENTATION_CONTEXT() REPRESENTATION_CONTEXT('2D SPACE',''
  ) );
#3159 = PCURVE('',#424,#3160);
#3160 = DEFINITIONAL_REPRESENTATION('',(#3161),#3165);
#3161 = LINE('',#3162,#3163);
#3162 = CARTESIAN_POINT('',(-6.28318530718,-0.1));
#3163 = VECTOR('',#3164,1.);
#3164 = DIRECTION('',(1.,-0.));
#3165 = ( GEOMETRIC_REPRESENTATION_CONTEXT(2) 
PARAMETRIC_REPRESENTATION_CONTEXT() REPRESENTATION_CONTEXT('2D SPACE',''
  ) );
#3166 = FACE_BOUND('',#3167,.F.);
#3167 = EDGE_LOOP('',(#3168));
#3168 = ORIENTED_EDGE('',*,*,#3169,.T.);
#3169 = EDGE_CURVE('',#3170,#3170,#3172,.T.);
#3170 = VERTEX_POINT('',#3171);
#3171 = CARTESIAN_POINT('',(19.355816,-59.859926,0.));
#3172 = SURFACE_CURVE('',#3173,(#3178,#3189),.PCURVE_S1.);
#3173 = CIRCLE('',#3174,0.8509);
#3174 = AXIS2_PLACEMENT_3D('',#3175,#3176,#3177);
#3175 = CARTESIAN_POINT('',(18.504916,-59.859926,0.));
#3176 = DIRECTION('',(0.,0.,-1.));
#3177 = DIRECTION('',(1.,0.,0.));
#3178 = PCURVE('',#210,#3179);
#3179 = DEFINITIONAL_REPRESENTATION('',(#3180),#3188);
#3180 = ( BOUNDED_CURVE() B_SPLINE_CURVE(2,(#3181,#3182,#3183,#3184,
#3185,#3186,#3187),.UNSPECIFIED.,.T.,.F.) B_SPLINE_CURVE_WITH_KNOTS((1,2
    ,2,2,2,1),(-2.094395102393,0.,2.094395102393,4.188790204786,
6.28318530718,8.377580409573),.UNSPECIFIED.) CURVE() 
GEOMETRIC_REPRESENTATION_ITEM() RATIONAL_B_SPLINE_CURVE((1.,0.5,1.,0.5,
1.,0.5,1.)) REPRESENTATION_ITEM('') );
#3181 = CARTESIAN_POINT('',(19.355816,13.190074));
#3182 = CARTESIAN_POINT('',(19.355816,11.71627196784));
#3183 = CARTESIAN_POINT('',(18.079466,12.45317298392));
#3184 = CARTESIAN_POINT('',(16.803116,13.190074));
#3185 = CARTESIAN_POINT('',(18.079466,13.92697501608));
#3186 = CARTESIAN_POINT('',(19.355816,14.66387603216));
#3187 = CARTESIAN_POINT('',(19.355816,13.190074));
#3188 = ( GEOMETRIC_REPRESENTATION_CONTEXT(2) 
PARAMETRIC_REPRESENTATION_CONTEXT() REPRESENTATION_CONTEXT('2D SPACE',''
  ) );
#3189 = PCURVE('',#459,#3190);
#3190 = DEFINITIONAL_REPRESENTATION('',(#3191),#3195);
#3191 = LINE('',#3192,#3193);
#3192 = CARTESIAN_POINT('',(-6.28318530718,-0.1));
#3193 = VECTOR('',#3194,1.);
#3194 = DIRECTION('',(1.,-0.));
#3195 = ( GEOMETRIC_REPRESENTATION_CONTEXT(2) 
PARAMETRIC_REPRESENTATION_CONTEXT() REPRESENTATION_CONTEXT('2D SPACE',''
  ) );
#3196 = FACE_BOUND('',#3197,.F.);
#3197 = EDGE_LOOP('',(#3198));
#3198 = ORIENTED_EDGE('',*,*,#3199,.T.);
#3199 = EDGE_CURVE('',#3200,#3200,#3202,.T.);
#3200 = VERTEX_POINT('',#3201);
#3201 = CARTESIAN_POINT('',(20.3259436,-57.319926,0.));
#3202 = SURFACE_CURVE('',#3203,(#3208,#3219),.PCURVE_S1.);
#3203 = CIRCLE('',#3204,0.5500116);
#3204 = AXIS2_PLACEMENT_3D('',#3205,#3206,#3207);
#3205 = CARTESIAN_POINT('',(19.775932,-57.319926,0.));
#3206 = DIRECTION('',(0.,0.,-1.));
#3207 = DIRECTION('',(1.,0.,0.));
#3208 = PCURVE('',#210,#3209);
#3209 = DEFINITIONAL_REPRESENTATION('',(#3210),#3218);
#3210 = ( BOUNDED_CURVE() B_SPLINE_CURVE(2,(#3211,#3212,#3213,#3214,
#3215,#3216,#3217),.UNSPECIFIED.,.T.,.F.) B_SPLINE_CURVE_WITH_KNOTS((1,2
    ,2,2,2,1),(-2.094395102393,0.,2.094395102393,4.188790204786,
6.28318530718,8.377580409573),.UNSPECIFIED.) CURVE() 
GEOMETRIC_REPRESENTATION_ITEM() RATIONAL_B_SPLINE_CURVE((1.,0.5,1.,0.5,
1.,0.5,1.)) REPRESENTATION_ITEM('') );
#3211 = CARTESIAN_POINT('',(20.3259436,15.730074));
#3212 = CARTESIAN_POINT('',(20.3259436,14.777425964048));
#3213 = CARTESIAN_POINT('',(19.5009262,15.253749982024));
#3214 = CARTESIAN_POINT('',(18.6759088,15.730074));
#3215 = CARTESIAN_POINT('',(19.5009262,16.206398017976));
#3216 = CARTESIAN_POINT('',(20.3259436,16.682722035952));
#3217 = CARTESIAN_POINT('',(20.3259436,15.730074));
#3218 = ( GEOMETRIC_REPRESENTATION_CONTEXT(2) 
PARAMETRIC_REPRESENTATION_CONTEXT() REPRESENTATION_CONTEXT('2D SPACE',''
  ) );
#3219 = PCURVE('',#494,#3220);
#3220 = DEFINITIONAL_REPRESENTATION('',(#3221),#3225);
#3221 = LINE('',#3222,#3223);
#3222 = CARTESIAN_POINT('',(-6.28318530718,-0.1));
#3223 = VECTOR('',#3224,1.);
#3224 = DIRECTION('',(1.,-0.));
#3225 = ( GEOMETRIC_REPRESENTATION_CONTEXT(2) 
PARAMETRIC_REPRESENTATION_CONTEXT() REPRESENTATION_CONTEXT('2D SPACE',''
  ) );
#3226 = FACE_BOUND('',#3227,.F.);
#3227 = EDGE_LOOP('',(#3228));
#3228 = ORIENTED_EDGE('',*,*,#3229,.T.);
#3229 = EDGE_CURVE('',#3230,#3230,#3232,.T.);
#3230 = VERTEX_POINT('',#3231);
#3231 = CARTESIAN_POINT('',(25.584912,-59.859926,0.));
#3232 = SURFACE_CURVE('',#3233,(#3238,#3249),.PCURVE_S1.);
#3233 = CIRCLE('',#3234,1.999996);
#3234 = AXIS2_PLACEMENT_3D('',#3235,#3236,#3237);
#3235 = CARTESIAN_POINT('',(23.584916,-59.859926,0.));
#3236 = DIRECTION('',(0.,0.,-1.));
#3237 = DIRECTION('',(1.,0.,0.));
#3238 = PCURVE('',#210,#3239);
#3239 = DEFINITIONAL_REPRESENTATION('',(#3240),#3248);
#3240 = ( BOUNDED_CURVE() B_SPLINE_CURVE(2,(#3241,#3242,#3243,#3244,
#3245,#3246,#3247),.UNSPECIFIED.,.T.,.F.) B_SPLINE_CURVE_WITH_KNOTS((1,2
    ,2,2,2,1),(-2.094395102393,0.,2.094395102393,4.188790204786,
6.28318530718,8.377580409573),.UNSPECIFIED.) CURVE() 
GEOMETRIC_REPRESENTATION_ITEM() RATIONAL_B_SPLINE_CURVE((1.,0.5,1.,0.5,
1.,0.5,1.)) REPRESENTATION_ITEM('') );
#3241 = CARTESIAN_POINT('',(25.584912,13.190074));
#3242 = CARTESIAN_POINT('',(25.584912,9.725979313065));
#3243 = CARTESIAN_POINT('',(22.584918,11.458026656533));
#3244 = CARTESIAN_POINT('',(19.584924,13.190074));
#3245 = CARTESIAN_POINT('',(22.584918,14.922121343467));
#3246 = CARTESIAN_POINT('',(25.584912,16.654168686935));
#3247 = CARTESIAN_POINT('',(25.584912,13.190074));
#3248 = ( GEOMETRIC_REPRESENTATION_CONTEXT(2) 
PARAMETRIC_REPRESENTATION_CONTEXT() REPRESENTATION_CONTEXT('2D SPACE',''
  ) );
#3249 = PCURVE('',#529,#3250);
#3250 = DEFINITIONAL_REPRESENTATION('',(#3251),#3255);
#3251 = LINE('',#3252,#3253);
#3252 = CARTESIAN_POINT('',(-6.28318530718,-0.1));
#3253 = VECTOR('',#3254,1.);
#3254 = DIRECTION('',(1.,-0.));
#3255 = ( GEOMETRIC_REPRESENTATION_CONTEXT(2) 
PARAMETRIC_REPRESENTATION_CONTEXT() REPRESENTATION_CONTEXT('2D SPACE',''
  ) );
#3256 = FACE_BOUND('',#3257,.F.);
#3257 = EDGE_LOOP('',(#3258));
#3258 = ORIENTED_EDGE('',*,*,#3259,.T.);
#3259 = EDGE_CURVE('',#3260,#3260,#3262,.T.);
#3260 = VERTEX_POINT('',#3261);
#3261 = CARTESIAN_POINT('',(29.515816,-59.859926,0.));
#3262 = SURFACE_CURVE('',#3263,(#3268,#3279),.PCURVE_S1.);
#3263 = CIRCLE('',#3264,0.8509);
#3264 = AXIS2_PLACEMENT_3D('',#3265,#3266,#3267);
#3265 = CARTESIAN_POINT('',(28.664916,-59.859926,0.));
#3266 = DIRECTION('',(0.,0.,-1.));
#3267 = DIRECTION('',(1.,0.,0.));
#3268 = PCURVE('',#210,#3269);
#3269 = DEFINITIONAL_REPRESENTATION('',(#3270),#3278);
#3270 = ( BOUNDED_CURVE() B_SPLINE_CURVE(2,(#3271,#3272,#3273,#3274,
#3275,#3276,#3277),.UNSPECIFIED.,.T.,.F.) B_SPLINE_CURVE_WITH_KNOTS((1,2
    ,2,2,2,1),(-2.094395102393,0.,2.094395102393,4.188790204786,
6.28318530718,8.377580409573),.UNSPECIFIED.) CURVE() 
GEOMETRIC_REPRESENTATION_ITEM() RATIONAL_B_SPLINE_CURVE((1.,0.5,1.,0.5,
1.,0.5,1.)) REPRESENTATION_ITEM('') );
#3271 = CARTESIAN_POINT('',(29.515816,13.190074));
#3272 = CARTESIAN_POINT('',(29.515816,11.71627196784));
#3273 = CARTESIAN_POINT('',(28.239466,12.45317298392));
#3274 = CARTESIAN_POINT('',(26.963116,13.190074));
#3275 = CARTESIAN_POINT('',(28.239466,13.92697501608));
#3276 = CARTESIAN_POINT('',(29.515816,14.66387603216));
#3277 = CARTESIAN_POINT('',(29.515816,13.190074));
#3278 = ( GEOMETRIC_REPRESENTATION_CONTEXT(2) 
PARAMETRIC_REPRESENTATION_CONTEXT() REPRESENTATION_CONTEXT('2D SPACE',''
  ) );
#3279 = PCURVE('',#564,#3280);
#3280 = DEFINITIONAL_REPRESENTATION('',(#3281),#3285);
#3281 = LINE('',#3282,#3283);
#3282 = CARTESIAN_POINT('',(-6.28318530718,-0.1));
#3283 = VECTOR('',#3284,1.);
#3284 = DIRECTION('',(1.,-0.));
#3285 = ( GEOMETRIC_REPRESENTATION_CONTEXT(2) 
PARAMETRIC_REPRESENTATION_CONTEXT() REPRESENTATION_CONTEXT('2D SPACE',''
  ) );
#3286 = FACE_BOUND('',#3287,.F.);
#3287 = EDGE_LOOP('',(#3288));
#3288 = ORIENTED_EDGE('',*,*,#3289,.T.);
#3289 = EDGE_CURVE('',#3290,#3290,#3292,.T.);
#3290 = VERTEX_POINT('',#3291);
#3291 = CARTESIAN_POINT('',(26.6759436,-54.779926,0.));
#3292 = SURFACE_CURVE('',#3293,(#3298,#3309),.PCURVE_S1.);
#3293 = CIRCLE('',#3294,0.5500116);
#3294 = AXIS2_PLACEMENT_3D('',#3295,#3296,#3297);
#3295 = CARTESIAN_POINT('',(26.125932,-54.779926,0.));
#3296 = DIRECTION('',(0.,0.,-1.));
#3297 = DIRECTION('',(1.,0.,0.));
#3298 = PCURVE('',#210,#3299);
#3299 = DEFINITIONAL_REPRESENTATION('',(#3300),#3308);
#3300 = ( BOUNDED_CURVE() B_SPLINE_CURVE(2,(#3301,#3302,#3303,#3304,
#3305,#3306,#3307),.UNSPECIFIED.,.T.,.F.) B_SPLINE_CURVE_WITH_KNOTS((1,2
    ,2,2,2,1),(-2.094395102393,0.,2.094395102393,4.188790204786,
6.28318530718,8.377580409573),.UNSPECIFIED.) CURVE() 
GEOMETRIC_REPRESENTATION_ITEM() RATIONAL_B_SPLINE_CURVE((1.,0.5,1.,0.5,
1.,0.5,1.)) REPRESENTATION_ITEM('') );
#3301 = CARTESIAN_POINT('',(26.6759436,18.270074));
#3302 = CARTESIAN_POINT('',(26.6759436,17.317425964048));
#3303 = CARTESIAN_POINT('',(25.8509262,17.793749982024));
#3304 = CARTESIAN_POINT('',(25.0259088,18.270074));
#3305 = CARTESIAN_POINT('',(25.8509262,18.746398017976));
#3306 = CARTESIAN_POINT('',(26.6759436,19.222722035952));
#3307 = CARTESIAN_POINT('',(26.6759436,18.270074));
#3308 = ( GEOMETRIC_REPRESENTATION_CONTEXT(2) 
PARAMETRIC_REPRESENTATION_CONTEXT() REPRESENTATION_CONTEXT('2D SPACE',''
  ) );
#3309 = PCURVE('',#599,#3310);
#3310 = DEFINITIONAL_REPRESENTATION('',(#3311),#3315);
#3311 = LINE('',#3312,#3313);
#3312 = CARTESIAN_POINT('',(-6.28318530718,-0.1));
#3313 = VECTOR('',#3314,1.);
#3314 = DIRECTION('',(1.,-0.));
#3315 = ( GEOMETRIC_REPRESENTATION_CONTEXT(2) 
PARAMETRIC_REPRESENTATION_CONTEXT() REPRESENTATION_CONTEXT('2D SPACE',''
  ) );
#3316 = FACE_BOUND('',#3317,.F.);
#3317 = EDGE_LOOP('',(#3318));
#3318 = ORIENTED_EDGE('',*,*,#3319,.T.);
#3319 = EDGE_CURVE('',#3320,#3320,#3322,.T.);
#3320 = VERTEX_POINT('',#3321);
#3321 = CARTESIAN_POINT('',(38.403784,-59.859926,0.));
#3322 = SURFACE_CURVE('',#3323,(#3328,#3339),.PCURVE_S1.);
#3323 = CIRCLE('',#3324,0.8509);
#3324 = AXIS2_PLACEMENT_3D('',#3325,#3326,#3327);
#3325 = CARTESIAN_POINT('',(37.552884,-59.859926,0.));
#3326 = DIRECTION('',(0.,0.,-1.));
#3327 = DIRECTION('',(1.,0.,0.));
#3328 = PCURVE('',#210,#3329);
#3329 = DEFINITIONAL_REPRESENTATION('',(#3330),#3338);
#3330 = ( BOUNDED_CURVE() B_SPLINE_CURVE(2,(#3331,#3332,#3333,#3334,
#3335,#3336,#3337),.UNSPECIFIED.,.T.,.F.) B_SPLINE_CURVE_WITH_KNOTS((1,2
    ,2,2,2,1),(-2.094395102393,0.,2.094395102393,4.188790204786,
6.28318530718,8.377580409573),.UNSPECIFIED.) CURVE() 
GEOMETRIC_REPRESENTATION_ITEM() RATIONAL_B_SPLINE_CURVE((1.,0.5,1.,0.5,
1.,0.5,1.)) REPRESENTATION_ITEM('') );
#3331 = CARTESIAN_POINT('',(38.403784,13.190074));
#3332 = CARTESIAN_POINT('',(38.403784,11.71627196784));
#3333 = CARTESIAN_POINT('',(37.127434,12.45317298392));
#3334 = CARTESIAN_POINT('',(35.851084,13.190074));
#3335 = CARTESIAN_POINT('',(37.127434,13.92697501608));
#3336 = CARTESIAN_POINT('',(38.403784,14.66387603216));
#3337 = CARTESIAN_POINT('',(38.403784,13.190074));
#3338 = ( GEOMETRIC_REPRESENTATION_CONTEXT(2) 
PARAMETRIC_REPRESENTATION_CONTEXT() REPRESENTATION_CONTEXT('2D SPACE',''
  ) );
#3339 = PCURVE('',#634,#3340);
#3340 = DEFINITIONAL_REPRESENTATION('',(#3341),#3345);
#3341 = LINE('',#3342,#3343);
#3342 = CARTESIAN_POINT('',(-6.28318530718,-0.1));
#3343 = VECTOR('',#3344,1.);
#3344 = DIRECTION('',(1.,-0.));
#3345 = ( GEOMETRIC_REPRESENTATION_CONTEXT(2) 
PARAMETRIC_REPRESENTATION_CONTEXT() REPRESENTATION_CONTEXT('2D SPACE',''
  ) );
#3346 = FACE_BOUND('',#3347,.F.);
#3347 = EDGE_LOOP('',(#3348));
#3348 = ORIENTED_EDGE('',*,*,#3349,.T.);
#3349 = EDGE_CURVE('',#3350,#3350,#3352,.T.);
#3350 = VERTEX_POINT('',#3351);
#3351 = CARTESIAN_POINT('',(39.3739116,-57.319926,0.));
#3352 = SURFACE_CURVE('',#3353,(#3358,#3369),.PCURVE_S1.);
#3353 = CIRCLE('',#3354,0.5500116);
#3354 = AXIS2_PLACEMENT_3D('',#3355,#3356,#3357);
#3355 = CARTESIAN_POINT('',(38.8239,-57.319926,0.));
#3356 = DIRECTION('',(0.,0.,-1.));
#3357 = DIRECTION('',(1.,0.,0.));
#3358 = PCURVE('',#210,#3359);
#3359 = DEFINITIONAL_REPRESENTATION('',(#3360),#3368);
#3360 = ( BOUNDED_CURVE() B_SPLINE_CURVE(2,(#3361,#3362,#3363,#3364,
#3365,#3366,#3367),.UNSPECIFIED.,.T.,.F.) B_SPLINE_CURVE_WITH_KNOTS((1,2
    ,2,2,2,1),(-2.094395102393,0.,2.094395102393,4.188790204786,
6.28318530718,8.377580409573),.UNSPECIFIED.) CURVE() 
GEOMETRIC_REPRESENTATION_ITEM() RATIONAL_B_SPLINE_CURVE((1.,0.5,1.,0.5,
1.,0.5,1.)) REPRESENTATION_ITEM('') );
#3361 = CARTESIAN_POINT('',(39.3739116,15.730074));
#3362 = CARTESIAN_POINT('',(39.3739116,14.777425964048));
#3363 = CARTESIAN_POINT('',(38.5488942,15.253749982024));
#3364 = CARTESIAN_POINT('',(37.7238768,15.730074));
#3365 = CARTESIAN_POINT('',(38.5488942,16.206398017976));
#3366 = CARTESIAN_POINT('',(39.3739116,16.682722035952));
#3367 = CARTESIAN_POINT('',(39.3739116,15.730074));
#3368 = ( GEOMETRIC_REPRESENTATION_CONTEXT(2) 
PARAMETRIC_REPRESENTATION_CONTEXT() REPRESENTATION_CONTEXT('2D SPACE',''
  ) );
#3369 = PCURVE('',#669,#3370);
#3370 = DEFINITIONAL_REPRESENTATION('',(#3371),#3375);
#3371 = LINE('',#3372,#3373);
#3372 = CARTESIAN_POINT('',(-6.28318530718,-0.1));
#3373 = VECTOR('',#3374,1.);
#3374 = DIRECTION('',(1.,-0.));
#3375 = ( GEOMETRIC_REPRESENTATION_CONTEXT(2) 
PARAMETRIC_REPRESENTATION_CONTEXT() REPRESENTATION_CONTEXT('2D SPACE',''
  ) );
#3376 = FACE_BOUND('',#3377,.F.);
#3377 = EDGE_LOOP('',(#3378));
#3378 = ORIENTED_EDGE('',*,*,#3379,.T.);
#3379 = EDGE_CURVE('',#3380,#3380,#3382,.T.);
#3380 = VERTEX_POINT('',#3381);
#3381 = CARTESIAN_POINT('',(19.355816,-40.809926,0.));
#3382 = SURFACE_CURVE('',#3383,(#3388,#3399),.PCURVE_S1.);
#3383 = CIRCLE('',#3384,0.8509);
#3384 = AXIS2_PLACEMENT_3D('',#3385,#3386,#3387);
#3385 = CARTESIAN_POINT('',(18.504916,-40.809926,0.));
#3386 = DIRECTION('',(0.,0.,-1.));
#3387 = DIRECTION('',(1.,0.,0.));
#3388 = PCURVE('',#210,#3389);
#3389 = DEFINITIONAL_REPRESENTATION('',(#3390),#3398);
#3390 = ( BOUNDED_CURVE() B_SPLINE_CURVE(2,(#3391,#3392,#3393,#3394,
#3395,#3396,#3397),.UNSPECIFIED.,.T.,.F.) B_SPLINE_CURVE_WITH_KNOTS((1,2
    ,2,2,2,1),(-2.094395102393,0.,2.094395102393,4.188790204786,
6.28318530718,8.377580409573),.UNSPECIFIED.) CURVE() 
GEOMETRIC_REPRESENTATION_ITEM() RATIONAL_B_SPLINE_CURVE((1.,0.5,1.,0.5,
1.,0.5,1.)) REPRESENTATION_ITEM('') );
#3391 = CARTESIAN_POINT('',(19.355816,32.240074));
#3392 = CARTESIAN_POINT('',(19.355816,30.76627196784));
#3393 = CARTESIAN_POINT('',(18.079466,31.50317298392));
#3394 = CARTESIAN_POINT('',(16.803116,32.240074));
#3395 = CARTESIAN_POINT('',(18.079466,32.97697501608));
#3396 = CARTESIAN_POINT('',(19.355816,33.71387603216));
#3397 = CARTESIAN_POINT('',(19.355816,32.240074));
#3398 = ( GEOMETRIC_REPRESENTATION_CONTEXT(2) 
PARAMETRIC_REPRESENTATION_CONTEXT() REPRESENTATION_CONTEXT('2D SPACE',''
  ) );
#3399 = PCURVE('',#704,#3400);
#3400 = DEFINITIONAL_REPRESENTATION('',(#3401),#3405);
#3401 = LINE('',#3402,#3403);
#3402 = CARTESIAN_POINT('',(-6.28318530718,-0.1));
#3403 = VECTOR('',#3404,1.);
#3404 = DIRECTION('',(1.,-0.));
#3405 = ( GEOMETRIC_REPRESENTATION_CONTEXT(2) 
PARAMETRIC_REPRESENTATION_CONTEXT() REPRESENTATION_CONTEXT('2D SPACE',''
  ) );
#3406 = FACE_BOUND('',#3407,.F.);
#3407 = EDGE_LOOP('',(#3408));
#3408 = ORIENTED_EDGE('',*,*,#3409,.T.);
#3409 = EDGE_CURVE('',#3410,#3410,#3412,.T.);
#3410 = VERTEX_POINT('',#3411);
#3411 = CARTESIAN_POINT('',(20.3259436,-38.269926,0.));
#3412 = SURFACE_CURVE('',#3413,(#3418,#3429),.PCURVE_S1.);
#3413 = CIRCLE('',#3414,0.5500116);
#3414 = AXIS2_PLACEMENT_3D('',#3415,#3416,#3417);
#3415 = CARTESIAN_POINT('',(19.775932,-38.269926,0.));
#3416 = DIRECTION('',(0.,0.,-1.));
#3417 = DIRECTION('',(1.,0.,0.));
#3418 = PCURVE('',#210,#3419);
#3419 = DEFINITIONAL_REPRESENTATION('',(#3420),#3428);
#3420 = ( BOUNDED_CURVE() B_SPLINE_CURVE(2,(#3421,#3422,#3423,#3424,
#3425,#3426,#3427),.UNSPECIFIED.,.T.,.F.) B_SPLINE_CURVE_WITH_KNOTS((1,2
    ,2,2,2,1),(-2.094395102393,0.,2.094395102393,4.188790204786,
6.28318530718,8.377580409573),.UNSPECIFIED.) CURVE() 
GEOMETRIC_REPRESENTATION_ITEM() RATIONAL_B_SPLINE_CURVE((1.,0.5,1.,0.5,
1.,0.5,1.)) REPRESENTATION_ITEM('') );
#3421 = CARTESIAN_POINT('',(20.3259436,34.780074));
#3422 = CARTESIAN_POINT('',(20.3259436,33.827425964048));
#3423 = CARTESIAN_POINT('',(19.5009262,34.303749982024));
#3424 = CARTESIAN_POINT('',(18.6759088,34.780074));
#3425 = CARTESIAN_POINT('',(19.5009262,35.256398017976));
#3426 = CARTESIAN_POINT('',(20.3259436,35.732722035952));
#3427 = CARTESIAN_POINT('',(20.3259436,34.780074));
#3428 = ( GEOMETRIC_REPRESENTATION_CONTEXT(2) 
PARAMETRIC_REPRESENTATION_CONTEXT() REPRESENTATION_CONTEXT('2D SPACE',''
  ) );
#3429 = PCURVE('',#739,#3430);
#3430 = DEFINITIONAL_REPRESENTATION('',(#3431),#3435);
#3431 = LINE('',#3432,#3433);
#3432 = CARTESIAN_POINT('',(-6.28318530718,-0.1));
#3433 = VECTOR('',#3434,1.);
#3434 = DIRECTION('',(1.,-0.));
#3435 = ( GEOMETRIC_REPRESENTATION_CONTEXT(2) 
PARAMETRIC_REPRESENTATION_CONTEXT() REPRESENTATION_CONTEXT('2D SPACE',''
  ) );
#3436 = FACE_BOUND('',#3437,.F.);
#3437 = EDGE_LOOP('',(#3438));
#3438 = ORIENTED_EDGE('',*,*,#3439,.T.);
#3439 = EDGE_CURVE('',#3440,#3440,#3442,.T.);
#3440 = VERTEX_POINT('',#3441);
#3441 = CARTESIAN_POINT('',(25.584912,-40.809926,0.));
#3442 = SURFACE_CURVE('',#3443,(#3448,#3459),.PCURVE_S1.);
#3443 = CIRCLE('',#3444,1.999996);
#3444 = AXIS2_PLACEMENT_3D('',#3445,#3446,#3447);
#3445 = CARTESIAN_POINT('',(23.584916,-40.809926,0.));
#3446 = DIRECTION('',(0.,0.,-1.));
#3447 = DIRECTION('',(1.,0.,0.));
#3448 = PCURVE('',#210,#3449);
#3449 = DEFINITIONAL_REPRESENTATION('',(#3450),#3458);
#3450 = ( BOUNDED_CURVE() B_SPLINE_CURVE(2,(#3451,#3452,#3453,#3454,
#3455,#3456,#3457),.UNSPECIFIED.,.T.,.F.) B_SPLINE_CURVE_WITH_KNOTS((1,2
    ,2,2,2,1),(-2.094395102393,0.,2.094395102393,4.188790204786,
6.28318530718,8.377580409573),.UNSPECIFIED.) CURVE() 
GEOMETRIC_REPRESENTATION_ITEM() RATIONAL_B_SPLINE_CURVE((1.,0.5,1.,0.5,
1.,0.5,1.)) REPRESENTATION_ITEM('') );
#3451 = CARTESIAN_POINT('',(25.584912,32.240074));
#3452 = CARTESIAN_POINT('',(25.584912,28.775979313065));
#3453 = CARTESIAN_POINT('',(22.584918,30.508026656533));
#3454 = CARTESIAN_POINT('',(19.584924,32.240074));
#3455 = CARTESIAN_POINT('',(22.584918,33.972121343467));
#3456 = CARTESIAN_POINT('',(25.584912,35.704168686935));
#3457 = CARTESIAN_POINT('',(25.584912,32.240074));
#3458 = ( GEOMETRIC_REPRESENTATION_CONTEXT(2) 
PARAMETRIC_REPRESENTATION_CONTEXT() REPRESENTATION_CONTEXT('2D SPACE',''
  ) );
#3459 = PCURVE('',#774,#3460);
#3460 = DEFINITIONAL_REPRESENTATION('',(#3461),#3465);
#3461 = LINE('',#3462,#3463);
#3462 = CARTESIAN_POINT('',(-6.28318530718,-0.1));
#3463 = VECTOR('',#3464,1.);
#3464 = DIRECTION('',(1.,-0.));
#3465 = ( GEOMETRIC_REPRESENTATION_CONTEXT(2) 
PARAMETRIC_REPRESENTATION_CONTEXT() REPRESENTATION_CONTEXT('2D SPACE',''
  ) );
#3466 = FACE_BOUND('',#3467,.F.);
#3467 = EDGE_LOOP('',(#3468));
#3468 = ORIENTED_EDGE('',*,*,#3469,.T.);
#3469 = EDGE_CURVE('',#3470,#3470,#3472,.T.);
#3470 = VERTEX_POINT('',#3471);
#3471 = CARTESIAN_POINT('',(29.515816,-40.809926,0.));
#3472 = SURFACE_CURVE('',#3473,(#3478,#3489),.PCURVE_S1.);
#3473 = CIRCLE('',#3474,0.8509);
#3474 = AXIS2_PLACEMENT_3D('',#3475,#3476,#3477);
#3475 = CARTESIAN_POINT('',(28.664916,-40.809926,0.));
#3476 = DIRECTION('',(0.,0.,-1.));
#3477 = DIRECTION('',(1.,0.,0.));
#3478 = PCURVE('',#210,#3479);
#3479 = DEFINITIONAL_REPRESENTATION('',(#3480),#3488);
#3480 = ( BOUNDED_CURVE() B_SPLINE_CURVE(2,(#3481,#3482,#3483,#3484,
#3485,#3486,#3487),.UNSPECIFIED.,.T.,.F.) B_SPLINE_CURVE_WITH_KNOTS((1,2
    ,2,2,2,1),(-2.094395102393,0.,2.094395102393,4.188790204786,
6.28318530718,8.377580409573),.UNSPECIFIED.) CURVE() 
GEOMETRIC_REPRESENTATION_ITEM() RATIONAL_B_SPLINE_CURVE((1.,0.5,1.,0.5,
1.,0.5,1.)) REPRESENTATION_ITEM('') );
#3481 = CARTESIAN_POINT('',(29.515816,32.240074));
#3482 = CARTESIAN_POINT('',(29.515816,30.76627196784));
#3483 = CARTESIAN_POINT('',(28.239466,31.50317298392));
#3484 = CARTESIAN_POINT('',(26.963116,32.240074));
#3485 = CARTESIAN_POINT('',(28.239466,32.97697501608));
#3486 = CARTESIAN_POINT('',(29.515816,33.71387603216));
#3487 = CARTESIAN_POINT('',(29.515816,32.240074));
#3488 = ( GEOMETRIC_REPRESENTATION_CONTEXT(2) 
PARAMETRIC_REPRESENTATION_CONTEXT() REPRESENTATION_CONTEXT('2D SPACE',''
  ) );
#3489 = PCURVE('',#809,#3490);
#3490 = DEFINITIONAL_REPRESENTATION('',(#3491),#3495);
#3491 = LINE('',#3492,#3493);
#3492 = CARTESIAN_POINT('',(-6.28318530718,-0.1));
#3493 = VECTOR('',#3494,1.);
#3494 = DIRECTION('',(1.,-0.));
#3495 = ( GEOMETRIC_REPRESENTATION_CONTEXT(2) 
PARAMETRIC_REPRESENTATION_CONTEXT() REPRESENTATION_CONTEXT('2D SPACE',''
  ) );
#3496 = FACE_BOUND('',#3497,.F.);
#3497 = EDGE_LOOP('',(#3498));
#3498 = ORIENTED_EDGE('',*,*,#3499,.T.);
#3499 = EDGE_CURVE('',#3500,#3500,#3502,.T.);
#3500 = VERTEX_POINT('',#3501);
#3501 = CARTESIAN_POINT('',(38.403784,-40.809926,0.));
#3502 = SURFACE_CURVE('',#3503,(#3508,#3519),.PCURVE_S1.);
#3503 = CIRCLE('',#3504,0.8509);
#3504 = AXIS2_PLACEMENT_3D('',#3505,#3506,#3507);
#3505 = CARTESIAN_POINT('',(37.552884,-40.809926,0.));
#3506 = DIRECTION('',(0.,0.,-1.));
#3507 = DIRECTION('',(1.,0.,0.));
#3508 = PCURVE('',#210,#3509);
#3509 = DEFINITIONAL_REPRESENTATION('',(#3510),#3518);
#3510 = ( BOUNDED_CURVE() B_SPLINE_CURVE(2,(#3511,#3512,#3513,#3514,
#3515,#3516,#3517),.UNSPECIFIED.,.T.,.F.) B_SPLINE_CURVE_WITH_KNOTS((1,2
    ,2,2,2,1),(-2.094395102393,0.,2.094395102393,4.188790204786,
6.28318530718,8.377580409573),.UNSPECIFIED.) CURVE() 
GEOMETRIC_REPRESENTATION_ITEM() RATIONAL_B_SPLINE_CURVE((1.,0.5,1.,0.5,
1.,0.5,1.)) REPRESENTATION_ITEM('') );
#3511 = CARTESIAN_POINT('',(38.403784,32.240074));
#3512 = CARTESIAN_POINT('',(38.403784,30.76627196784));
#3513 = CARTESIAN_POINT('',(37.127434,31.50317298392));
#3514 = CARTESIAN_POINT('',(35.851084,32.240074));
#3515 = CARTESIAN_POINT('',(37.127434,32.97697501608));
#3516 = CARTESIAN_POINT('',(38.403784,33.71387603216));
#3517 = CARTESIAN_POINT('',(38.403784,32.240074));
#3518 = ( GEOMETRIC_REPRESENTATION_CONTEXT(2) 
PARAMETRIC_REPRESENTATION_CONTEXT() REPRESENTATION_CONTEXT('2D SPACE',''
  ) );
#3519 = PCURVE('',#844,#3520);
#3520 = DEFINITIONAL_REPRESENTATION('',(#3521),#3525);
#3521 = LINE('',#3522,#3523);
#3522 = CARTESIAN_POINT('',(-6.28318530718,-0.1));
#3523 = VECTOR('',#3524,1.);
#3524 = DIRECTION('',(1.,-0.));
#3525 = ( GEOMETRIC_REPRESENTATION_CONTEXT(2) 
PARAMETRIC_REPRESENTATION_CONTEXT() REPRESENTATION_CONTEXT('2D SPACE',''
  ) );
#3526 = FACE_BOUND('',#3527,.F.);
#3527 = EDGE_LOOP('',(#3528));
#3528 = ORIENTED_EDGE('',*,*,#3529,.T.);
#3529 = EDGE_CURVE('',#3530,#3530,#3532,.T.);
#3530 = VERTEX_POINT('',#3531);
#3531 = CARTESIAN_POINT('',(39.3739116,-38.269926,0.));
#3532 = SURFACE_CURVE('',#3533,(#3538,#3549),.PCURVE_S1.);
#3533 = CIRCLE('',#3534,0.5500116);
#3534 = AXIS2_PLACEMENT_3D('',#3535,#3536,#3537);
#3535 = CARTESIAN_POINT('',(38.8239,-38.269926,0.));
#3536 = DIRECTION('',(0.,0.,-1.));
#3537 = DIRECTION('',(1.,0.,0.));
#3538 = PCURVE('',#210,#3539);
#3539 = DEFINITIONAL_REPRESENTATION('',(#3540),#3548);
#3540 = ( BOUNDED_CURVE() B_SPLINE_CURVE(2,(#3541,#3542,#3543,#3544,
#3545,#3546,#3547),.UNSPECIFIED.,.T.,.F.) B_SPLINE_CURVE_WITH_KNOTS((1,2
    ,2,2,2,1),(-2.094395102393,0.,2.094395102393,4.188790204786,
6.28318530718,8.377580409573),.UNSPECIFIED.) CURVE() 
GEOMETRIC_REPRESENTATION_ITEM() RATIONAL_B_SPLINE_CURVE((1.,0.5,1.,0.5,
1.,0.5,1.)) REPRESENTATION_ITEM('') );
#3541 = CARTESIAN_POINT('',(39.3739116,34.780074));
#3542 = CARTESIAN_POINT('',(39.3739116,33.827425964048));
#3543 = CARTESIAN_POINT('',(38.5488942,34.303749982024));
#3544 = CARTESIAN_POINT('',(37.7238768,34.780074));
#3545 = CARTESIAN_POINT('',(38.5488942,35.256398017976));
#3546 = CARTESIAN_POINT('',(39.3739116,35.732722035952));
#3547 = CARTESIAN_POINT('',(39.3739116,34.780074));
#3548 = ( GEOMETRIC_REPRESENTATION_CONTEXT(2) 
PARAMETRIC_REPRESENTATION_CONTEXT() REPRESENTATION_CONTEXT('2D SPACE',''
  ) );
#3549 = PCURVE('',#879,#3550);
#3550 = DEFINITIONAL_REPRESENTATION('',(#3551),#3555);
#3551 = LINE('',#3552,#3553);
#3552 = CARTESIAN_POINT('',(-6.28318530718,-0.1));
#3553 = VECTOR('',#3554,1.);
#3554 = DIRECTION('',(1.,-0.));
#3555 = ( GEOMETRIC_REPRESENTATION_CONTEXT(2) 
PARAMETRIC_REPRESENTATION_CONTEXT() REPRESENTATION_CONTEXT('2D SPACE',''
  ) );
#3556 = FACE_BOUND('',#3557,.F.);
#3557 = EDGE_LOOP('',(#3558));
#3558 = ORIENTED_EDGE('',*,*,#3559,.T.);
#3559 = EDGE_CURVE('',#3560,#3560,#3562,.T.);
#3560 = VERTEX_POINT('',#3561);
#3561 = CARTESIAN_POINT('',(44.63288,-59.859926,0.));
#3562 = SURFACE_CURVE('',#3563,(#3568,#3579),.PCURVE_S1.);
#3563 = CIRCLE('',#3564,1.999996);
#3564 = AXIS2_PLACEMENT_3D('',#3565,#3566,#3567);
#3565 = CARTESIAN_POINT('',(42.632884,-59.859926,0.));
#3566 = DIRECTION('',(0.,0.,-1.));
#3567 = DIRECTION('',(1.,0.,0.));
#3568 = PCURVE('',#210,#3569);
#3569 = DEFINITIONAL_REPRESENTATION('',(#3570),#3578);
#3570 = ( BOUNDED_CURVE() B_SPLINE_CURVE(2,(#3571,#3572,#3573,#3574,
#3575,#3576,#3577),.UNSPECIFIED.,.T.,.F.) B_SPLINE_CURVE_WITH_KNOTS((1,2
    ,2,2,2,1),(-2.094395102393,0.,2.094395102393,4.188790204786,
6.28318530718,8.377580409573),.UNSPECIFIED.) CURVE() 
GEOMETRIC_REPRESENTATION_ITEM() RATIONAL_B_SPLINE_CURVE((1.,0.5,1.,0.5,
1.,0.5,1.)) REPRESENTATION_ITEM('') );
#3571 = CARTESIAN_POINT('',(44.63288,13.190074));
#3572 = CARTESIAN_POINT('',(44.63288,9.725979313065));
#3573 = CARTESIAN_POINT('',(41.632886,11.458026656533));
#3574 = CARTESIAN_POINT('',(38.632892,13.190074));
#3575 = CARTESIAN_POINT('',(41.632886,14.922121343467));
#3576 = CARTESIAN_POINT('',(44.63288,16.654168686935));
#3577 = CARTESIAN_POINT('',(44.63288,13.190074));
#3578 = ( GEOMETRIC_REPRESENTATION_CONTEXT(2) 
PARAMETRIC_REPRESENTATION_CONTEXT() REPRESENTATION_CONTEXT('2D SPACE',''
  ) );
#3579 = PCURVE('',#914,#3580);
#3580 = DEFINITIONAL_REPRESENTATION('',(#3581),#3585);
#3581 = LINE('',#3582,#3583);
#3582 = CARTESIAN_POINT('',(-6.28318530718,-0.1));
#3583 = VECTOR('',#3584,1.);
#3584 = DIRECTION('',(1.,-0.));
#3585 = ( GEOMETRIC_REPRESENTATION_CONTEXT(2) 
PARAMETRIC_REPRESENTATION_CONTEXT() REPRESENTATION_CONTEXT('2D SPACE',''
  ) );
#3586 = FACE_BOUND('',#3587,.F.);
#3587 = EDGE_LOOP('',(#3588));
#3588 = ORIENTED_EDGE('',*,*,#3589,.T.);
#3589 = EDGE_CURVE('',#3590,#3590,#3592,.T.);
#3590 = VERTEX_POINT('',#3591);
#3591 = CARTESIAN_POINT('',(48.563784,-59.859926,0.));
#3592 = SURFACE_CURVE('',#3593,(#3598,#3609),.PCURVE_S1.);
#3593 = CIRCLE('',#3594,0.8509);
#3594 = AXIS2_PLACEMENT_3D('',#3595,#3596,#3597);
#3595 = CARTESIAN_POINT('',(47.712884,-59.859926,0.));
#3596 = DIRECTION('',(0.,0.,-1.));
#3597 = DIRECTION('',(1.,0.,0.));
#3598 = PCURVE('',#210,#3599);
#3599 = DEFINITIONAL_REPRESENTATION('',(#3600),#3608);
#3600 = ( BOUNDED_CURVE() B_SPLINE_CURVE(2,(#3601,#3602,#3603,#3604,
#3605,#3606,#3607),.UNSPECIFIED.,.T.,.F.) B_SPLINE_CURVE_WITH_KNOTS((1,2
    ,2,2,2,1),(-2.094395102393,0.,2.094395102393,4.188790204786,
6.28318530718,8.377580409573),.UNSPECIFIED.) CURVE() 
GEOMETRIC_REPRESENTATION_ITEM() RATIONAL_B_SPLINE_CURVE((1.,0.5,1.,0.5,
1.,0.5,1.)) REPRESENTATION_ITEM('') );
#3601 = CARTESIAN_POINT('',(48.563784,13.190074));
#3602 = CARTESIAN_POINT('',(48.563784,11.71627196784));
#3603 = CARTESIAN_POINT('',(47.287434,12.45317298392));
#3604 = CARTESIAN_POINT('',(46.011084,13.190074));
#3605 = CARTESIAN_POINT('',(47.287434,13.92697501608));
#3606 = CARTESIAN_POINT('',(48.563784,14.66387603216));
#3607 = CARTESIAN_POINT('',(48.563784,13.190074));
#3608 = ( GEOMETRIC_REPRESENTATION_CONTEXT(2) 
PARAMETRIC_REPRESENTATION_CONTEXT() REPRESENTATION_CONTEXT('2D SPACE',''
  ) );
#3609 = PCURVE('',#949,#3610);
#3610 = DEFINITIONAL_REPRESENTATION('',(#3611),#3615);
#3611 = LINE('',#3612,#3613);
#3612 = CARTESIAN_POINT('',(-6.28318530718,-0.1));
#3613 = VECTOR('',#3614,1.);
#3614 = DIRECTION('',(1.,-0.));
#3615 = ( GEOMETRIC_REPRESENTATION_CONTEXT(2) 
PARAMETRIC_REPRESENTATION_CONTEXT() REPRESENTATION_CONTEXT('2D SPACE',''
  ) );
#3616 = FACE_BOUND('',#3617,.F.);
#3617 = EDGE_LOOP('',(#3618));
#3618 = ORIENTED_EDGE('',*,*,#3619,.T.);
#3619 = EDGE_CURVE('',#3620,#3620,#3622,.T.);
#3620 = VERTEX_POINT('',#3621);
#3621 = CARTESIAN_POINT('',(45.7239116,-54.779926,0.));
#3622 = SURFACE_CURVE('',#3623,(#3628,#3639),.PCURVE_S1.);
#3623 = CIRCLE('',#3624,0.5500116);
#3624 = AXIS2_PLACEMENT_3D('',#3625,#3626,#3627);
#3625 = CARTESIAN_POINT('',(45.1739,-54.779926,0.));
#3626 = DIRECTION('',(0.,0.,-1.));
#3627 = DIRECTION('',(1.,0.,0.));
#3628 = PCURVE('',#210,#3629);
#3629 = DEFINITIONAL_REPRESENTATION('',(#3630),#3638);
#3630 = ( BOUNDED_CURVE() B_SPLINE_CURVE(2,(#3631,#3632,#3633,#3634,
#3635,#3636,#3637),.UNSPECIFIED.,.T.,.F.) B_SPLINE_CURVE_WITH_KNOTS((1,2
    ,2,2,2,1),(-2.094395102393,0.,2.094395102393,4.188790204786,
6.28318530718,8.377580409573),.UNSPECIFIED.) CURVE() 
GEOMETRIC_REPRESENTATION_ITEM() RATIONAL_B_SPLINE_CURVE((1.,0.5,1.,0.5,
1.,0.5,1.)) REPRESENTATION_ITEM('') );
#3631 = CARTESIAN_POINT('',(45.7239116,18.270074));
#3632 = CARTESIAN_POINT('',(45.7239116,17.317425964048));
#3633 = CARTESIAN_POINT('',(44.8988942,17.793749982024));
#3634 = CARTESIAN_POINT('',(44.0738768,18.270074));
#3635 = CARTESIAN_POINT('',(44.8988942,18.746398017976));
#3636 = CARTESIAN_POINT('',(45.7239116,19.222722035952));
#3637 = CARTESIAN_POINT('',(45.7239116,18.270074));
#3638 = ( GEOMETRIC_REPRESENTATION_CONTEXT(2) 
PARAMETRIC_REPRESENTATION_CONTEXT() REPRESENTATION_CONTEXT('2D SPACE',''
  ) );
#3639 = PCURVE('',#984,#3640);
#3640 = DEFINITIONAL_REPRESENTATION('',(#3641),#3645);
#3641 = LINE('',#3642,#3643);
#3642 = CARTESIAN_POINT('',(-6.28318530718,-0.1));
#3643 = VECTOR('',#3644,1.);
#3644 = DIRECTION('',(1.,-0.));
#3645 = ( GEOMETRIC_REPRESENTATION_CONTEXT(2) 
PARAMETRIC_REPRESENTATION_CONTEXT() REPRESENTATION_CONTEXT('2D SPACE',''
  ) );
#3646 = FACE_BOUND('',#3647,.F.);
#3647 = EDGE_LOOP('',(#3648));
#3648 = ORIENTED_EDGE('',*,*,#3649,.T.);
#3649 = EDGE_CURVE('',#3650,#3650,#3652,.T.);
#3650 = VERTEX_POINT('',#3651);
#3651 = CARTESIAN_POINT('',(57.454292,-59.859926,0.));
#3652 = SURFACE_CURVE('',#3653,(#3658,#3669),.PCURVE_S1.);
#3653 = CIRCLE('',#3654,0.8509);
#3654 = AXIS2_PLACEMENT_3D('',#3655,#3656,#3657);
#3655 = CARTESIAN_POINT('',(56.603392,-59.859926,0.));
#3656 = DIRECTION('',(0.,0.,-1.));
#3657 = DIRECTION('',(1.,0.,0.));
#3658 = PCURVE('',#210,#3659);
#3659 = DEFINITIONAL_REPRESENTATION('',(#3660),#3668);
#3660 = ( BOUNDED_CURVE() B_SPLINE_CURVE(2,(#3661,#3662,#3663,#3664,
#3665,#3666,#3667),.UNSPECIFIED.,.T.,.F.) B_SPLINE_CURVE_WITH_KNOTS((1,2
    ,2,2,2,1),(-2.094395102393,0.,2.094395102393,4.188790204786,
6.28318530718,8.377580409573),.UNSPECIFIED.) CURVE() 
GEOMETRIC_REPRESENTATION_ITEM() RATIONAL_B_SPLINE_CURVE((1.,0.5,1.,0.5,
1.,0.5,1.)) REPRESENTATION_ITEM('') );
#3661 = CARTESIAN_POINT('',(57.454292,13.190074));
#3662 = CARTESIAN_POINT('',(57.454292,11.71627196784));
#3663 = CARTESIAN_POINT('',(56.177942,12.45317298392));
#3664 = CARTESIAN_POINT('',(54.901592,13.190074));
#3665 = CARTESIAN_POINT('',(56.177942,13.92697501608));
#3666 = CARTESIAN_POINT('',(57.454292,14.66387603216));
#3667 = CARTESIAN_POINT('',(57.454292,13.190074));
#3668 = ( GEOMETRIC_REPRESENTATION_CONTEXT(2) 
PARAMETRIC_REPRESENTATION_CONTEXT() REPRESENTATION_CONTEXT('2D SPACE',''
  ) );
#3669 = PCURVE('',#1019,#3670);
#3670 = DEFINITIONAL_REPRESENTATION('',(#3671),#3675);
#3671 = LINE('',#3672,#3673);
#3672 = CARTESIAN_POINT('',(-6.28318530718,-0.1));
#3673 = VECTOR('',#3674,1.);
#3674 = DIRECTION('',(1.,-0.));
#3675 = ( GEOMETRIC_REPRESENTATION_CONTEXT(2) 
PARAMETRIC_REPRESENTATION_CONTEXT() REPRESENTATION_CONTEXT('2D SPACE',''
  ) );
#3676 = FACE_BOUND('',#3677,.F.);
#3677 = EDGE_LOOP('',(#3678));
#3678 = ORIENTED_EDGE('',*,*,#3679,.T.);
#3679 = EDGE_CURVE('',#3680,#3680,#3682,.T.);
#3680 = VERTEX_POINT('',#3681);
#3681 = CARTESIAN_POINT('',(63.683388,-59.859926,0.));
#3682 = SURFACE_CURVE('',#3683,(#3688,#3699),.PCURVE_S1.);
#3683 = CIRCLE('',#3684,1.999996);
#3684 = AXIS2_PLACEMENT_3D('',#3685,#3686,#3687);
#3685 = CARTESIAN_POINT('',(61.683392,-59.859926,0.));
#3686 = DIRECTION('',(0.,0.,-1.));
#3687 = DIRECTION('',(1.,0.,0.));
#3688 = PCURVE('',#210,#3689);
#3689 = DEFINITIONAL_REPRESENTATION('',(#3690),#3698);
#3690 = ( BOUNDED_CURVE() B_SPLINE_CURVE(2,(#3691,#3692,#3693,#3694,
#3695,#3696,#3697),.UNSPECIFIED.,.T.,.F.) B_SPLINE_CURVE_WITH_KNOTS((1,2
    ,2,2,2,1),(-2.094395102393,0.,2.094395102393,4.188790204786,
6.28318530718,8.377580409573),.UNSPECIFIED.) CURVE() 
GEOMETRIC_REPRESENTATION_ITEM() RATIONAL_B_SPLINE_CURVE((1.,0.5,1.,0.5,
1.,0.5,1.)) REPRESENTATION_ITEM('') );
#3691 = CARTESIAN_POINT('',(63.683388,13.190074));
#3692 = CARTESIAN_POINT('',(63.683388,9.725979313065));
#3693 = CARTESIAN_POINT('',(60.683394,11.458026656533));
#3694 = CARTESIAN_POINT('',(57.6834,13.190074));
#3695 = CARTESIAN_POINT('',(60.683394,14.922121343467));
#3696 = CARTESIAN_POINT('',(63.683388,16.654168686935));
#3697 = CARTESIAN_POINT('',(63.683388,13.190074));
#3698 = ( GEOMETRIC_REPRESENTATION_CONTEXT(2) 
PARAMETRIC_REPRESENTATION_CONTEXT() REPRESENTATION_CONTEXT('2D SPACE',''
  ) );
#3699 = PCURVE('',#1054,#3700);
#3700 = DEFINITIONAL_REPRESENTATION('',(#3701),#3705);
#3701 = LINE('',#3702,#3703);
#3702 = CARTESIAN_POINT('',(-6.28318530718,-0.1));
#3703 = VECTOR('',#3704,1.);
#3704 = DIRECTION('',(1.,-0.));
#3705 = ( GEOMETRIC_REPRESENTATION_CONTEXT(2) 
PARAMETRIC_REPRESENTATION_CONTEXT() REPRESENTATION_CONTEXT('2D SPACE',''
  ) );
#3706 = FACE_BOUND('',#3707,.F.);
#3707 = EDGE_LOOP('',(#3708));
#3708 = ORIENTED_EDGE('',*,*,#3709,.T.);
#3709 = EDGE_CURVE('',#3710,#3710,#3712,.T.);
#3710 = VERTEX_POINT('',#3711);
#3711 = CARTESIAN_POINT('',(58.4244196,-57.319926,0.));
#3712 = SURFACE_CURVE('',#3713,(#3718,#3729),.PCURVE_S1.);
#3713 = CIRCLE('',#3714,0.5500116);
#3714 = AXIS2_PLACEMENT_3D('',#3715,#3716,#3717);
#3715 = CARTESIAN_POINT('',(57.874408,-57.319926,0.));
#3716 = DIRECTION('',(0.,0.,-1.));
#3717 = DIRECTION('',(1.,0.,0.));
#3718 = PCURVE('',#210,#3719);
#3719 = DEFINITIONAL_REPRESENTATION('',(#3720),#3728);
#3720 = ( BOUNDED_CURVE() B_SPLINE_CURVE(2,(#3721,#3722,#3723,#3724,
#3725,#3726,#3727),.UNSPECIFIED.,.T.,.F.) B_SPLINE_CURVE_WITH_KNOTS((1,2
    ,2,2,2,1),(-2.094395102393,0.,2.094395102393,4.188790204786,
6.28318530718,8.377580409573),.UNSPECIFIED.) CURVE() 
GEOMETRIC_REPRESENTATION_ITEM() RATIONAL_B_SPLINE_CURVE((1.,0.5,1.,0.5,
1.,0.5,1.)) REPRESENTATION_ITEM('') );
#3721 = CARTESIAN_POINT('',(58.4244196,15.730074));
#3722 = CARTESIAN_POINT('',(58.4244196,14.777425964048));
#3723 = CARTESIAN_POINT('',(57.5994022,15.253749982024));
#3724 = CARTESIAN_POINT('',(56.7743848,15.730074));
#3725 = CARTESIAN_POINT('',(57.5994022,16.206398017976));
#3726 = CARTESIAN_POINT('',(58.4244196,16.682722035952));
#3727 = CARTESIAN_POINT('',(58.4244196,15.730074));
#3728 = ( GEOMETRIC_REPRESENTATION_CONTEXT(2) 
PARAMETRIC_REPRESENTATION_CONTEXT() REPRESENTATION_CONTEXT('2D SPACE',''
  ) );
#3729 = PCURVE('',#1089,#3730);
#3730 = DEFINITIONAL_REPRESENTATION('',(#3731),#3735);
#3731 = LINE('',#3732,#3733);
#3732 = CARTESIAN_POINT('',(-6.28318530718,-0.1));
#3733 = VECTOR('',#3734,1.);
#3734 = DIRECTION('',(1.,-0.));
#3735 = ( GEOMETRIC_REPRESENTATION_CONTEXT(2) 
PARAMETRIC_REPRESENTATION_CONTEXT() REPRESENTATION_CONTEXT('2D SPACE',''
  ) );
#3736 = FACE_BOUND('',#3737,.F.);
#3737 = EDGE_LOOP('',(#3738));
#3738 = ORIENTED_EDGE('',*,*,#3739,.T.);
#3739 = EDGE_CURVE('',#3740,#3740,#3742,.T.);
#3740 = VERTEX_POINT('',#3741);
#3741 = CARTESIAN_POINT('',(82.0999628,-69.550026,0.));
#3742 = SURFACE_CURVE('',#3743,(#3748,#3759),.PCURVE_S1.);
#3743 = CIRCLE('',#3744,1.5999968);
#3744 = AXIS2_PLACEMENT_3D('',#3745,#3746,#3747);
#3745 = CARTESIAN_POINT('',(80.499966,-69.550026,0.));
#3746 = DIRECTION('',(0.,0.,-1.));
#3747 = DIRECTION('',(1.,0.,0.));
#3748 = PCURVE('',#210,#3749);
#3749 = DEFINITIONAL_REPRESENTATION('',(#3750),#3758);
#3750 = ( BOUNDED_CURVE() B_SPLINE_CURVE(2,(#3751,#3752,#3753,#3754,
#3755,#3756,#3757),.UNSPECIFIED.,.T.,.F.) B_SPLINE_CURVE_WITH_KNOTS((1,2
    ,2,2,2,1),(-2.094395102393,0.,2.094395102393,4.188790204786,
6.28318530718,8.377580409573),.UNSPECIFIED.) CURVE() 
GEOMETRIC_REPRESENTATION_ITEM() RATIONAL_B_SPLINE_CURVE((1.,0.5,1.,0.5,
1.,0.5,1.)) REPRESENTATION_ITEM('') );
#3751 = CARTESIAN_POINT('',(82.0999628,3.499974));
#3752 = CARTESIAN_POINT('',(82.0999628,0.728698250452));
#3753 = CARTESIAN_POINT('',(79.6999676,2.114336125226));
#3754 = CARTESIAN_POINT('',(77.2999724,3.499974));
#3755 = CARTESIAN_POINT('',(79.6999676,4.885611874774));
#3756 = CARTESIAN_POINT('',(82.0999628,6.271249749548));
#3757 = CARTESIAN_POINT('',(82.0999628,3.499974));
#3758 = ( GEOMETRIC_REPRESENTATION_CONTEXT(2) 
PARAMETRIC_REPRESENTATION_CONTEXT() REPRESENTATION_CONTEXT('2D SPACE',''
  ) );
#3759 = PCURVE('',#1124,#3760);
#3760 = DEFINITIONAL_REPRESENTATION('',(#3761),#3765);
#3761 = LINE('',#3762,#3763);
#3762 = CARTESIAN_POINT('',(-6.28318530718,-0.1));
#3763 = VECTOR('',#3764,1.);
#3764 = DIRECTION('',(1.,-0.));
#3765 = ( GEOMETRIC_REPRESENTATION_CONTEXT(2) 
PARAMETRIC_REPRESENTATION_CONTEXT() REPRESENTATION_CONTEXT('2D SPACE',''
  ) );
#3766 = FACE_BOUND('',#3767,.F.);
#3767 = EDGE_LOOP('',(#3768));
#3768 = ORIENTED_EDGE('',*,*,#3769,.T.);
#3769 = EDGE_CURVE('',#3770,#3770,#3772,.T.);
#3770 = VERTEX_POINT('',#3771);
#3771 = CARTESIAN_POINT('',(67.614292,-59.859926,0.));
#3772 = SURFACE_CURVE('',#3773,(#3778,#3789),.PCURVE_S1.);
#3773 = CIRCLE('',#3774,0.8509);
#3774 = AXIS2_PLACEMENT_3D('',#3775,#3776,#3777);
#3775 = CARTESIAN_POINT('',(66.763392,-59.859926,0.));
#3776 = DIRECTION('',(0.,0.,-1.));
#3777 = DIRECTION('',(1.,0.,0.));
#3778 = PCURVE('',#210,#3779);
#3779 = DEFINITIONAL_REPRESENTATION('',(#3780),#3788);
#3780 = ( BOUNDED_CURVE() B_SPLINE_CURVE(2,(#3781,#3782,#3783,#3784,
#3785,#3786,#3787),.UNSPECIFIED.,.T.,.F.) B_SPLINE_CURVE_WITH_KNOTS((1,2
    ,2,2,2,1),(-2.094395102393,0.,2.094395102393,4.188790204786,
6.28318530718,8.377580409573),.UNSPECIFIED.) CURVE() 
GEOMETRIC_REPRESENTATION_ITEM() RATIONAL_B_SPLINE_CURVE((1.,0.5,1.,0.5,
1.,0.5,1.)) REPRESENTATION_ITEM('') );
#3781 = CARTESIAN_POINT('',(67.614292,13.190074));
#3782 = CARTESIAN_POINT('',(67.614292,11.71627196784));
#3783 = CARTESIAN_POINT('',(66.337942,12.45317298392));
#3784 = CARTESIAN_POINT('',(65.061592,13.190074));
#3785 = CARTESIAN_POINT('',(66.337942,13.92697501608));
#3786 = CARTESIAN_POINT('',(67.614292,14.66387603216));
#3787 = CARTESIAN_POINT('',(67.614292,13.190074));
#3788 = ( GEOMETRIC_REPRESENTATION_CONTEXT(2) 
PARAMETRIC_REPRESENTATION_CONTEXT() REPRESENTATION_CONTEXT('2D SPACE',''
  ) );
#3789 = PCURVE('',#1159,#3790);
#3790 = DEFINITIONAL_REPRESENTATION('',(#3791),#3795);
#3791 = LINE('',#3792,#3793);
#3792 = CARTESIAN_POINT('',(-6.28318530718,-0.1));
#3793 = VECTOR('',#3794,1.);
#3794 = DIRECTION('',(1.,-0.));
#3795 = ( GEOMETRIC_REPRESENTATION_CONTEXT(2) 
PARAMETRIC_REPRESENTATION_CONTEXT() REPRESENTATION_CONTEXT('2D SPACE',''
  ) );
#3796 = FACE_BOUND('',#3797,.F.);
#3797 = EDGE_LOOP('',(#3798));
#3798 = ORIENTED_EDGE('',*,*,#3799,.T.);
#3799 = EDGE_CURVE('',#3800,#3800,#3802,.T.);
#3800 = VERTEX_POINT('',#3801);
#3801 = CARTESIAN_POINT('',(64.7744196,-54.779926,0.));
#3802 = SURFACE_CURVE('',#3803,(#3808,#3819),.PCURVE_S1.);
#3803 = CIRCLE('',#3804,0.5500116);
#3804 = AXIS2_PLACEMENT_3D('',#3805,#3806,#3807);
#3805 = CARTESIAN_POINT('',(64.224408,-54.779926,0.));
#3806 = DIRECTION('',(0.,0.,-1.));
#3807 = DIRECTION('',(1.,0.,0.));
#3808 = PCURVE('',#210,#3809);
#3809 = DEFINITIONAL_REPRESENTATION('',(#3810),#3818);
#3810 = ( BOUNDED_CURVE() B_SPLINE_CURVE(2,(#3811,#3812,#3813,#3814,
#3815,#3816,#3817),.UNSPECIFIED.,.T.,.F.) B_SPLINE_CURVE_WITH_KNOTS((1,2
    ,2,2,2,1),(-2.094395102393,0.,2.094395102393,4.188790204786,
6.28318530718,8.377580409573),.UNSPECIFIED.) CURVE() 
GEOMETRIC_REPRESENTATION_ITEM() RATIONAL_B_SPLINE_CURVE((1.,0.5,1.,0.5,
1.,0.5,1.)) REPRESENTATION_ITEM('') );
#3811 = CARTESIAN_POINT('',(64.7744196,18.270074));
#3812 = CARTESIAN_POINT('',(64.7744196,17.317425964048));
#3813 = CARTESIAN_POINT('',(63.9494022,17.793749982024));
#3814 = CARTESIAN_POINT('',(63.1243848,18.270074));
#3815 = CARTESIAN_POINT('',(63.9494022,18.746398017976));
#3816 = CARTESIAN_POINT('',(64.7744196,19.222722035952));
#3817 = CARTESIAN_POINT('',(64.7744196,18.270074));
#3818 = ( GEOMETRIC_REPRESENTATION_CONTEXT(2) 
PARAMETRIC_REPRESENTATION_CONTEXT() REPRESENTATION_CONTEXT('2D SPACE',''
  ) );
#3819 = PCURVE('',#1194,#3820);
#3820 = DEFINITIONAL_REPRESENTATION('',(#3821),#3825);
#3821 = LINE('',#3822,#3823);
#3822 = CARTESIAN_POINT('',(-6.28318530718,-0.1));
#3823 = VECTOR('',#3824,1.);
#3824 = DIRECTION('',(1.,-0.));
#3825 = ( GEOMETRIC_REPRESENTATION_CONTEXT(2) 
PARAMETRIC_REPRESENTATION_CONTEXT() REPRESENTATION_CONTEXT('2D SPACE',''
  ) );
#3826 = FACE_BOUND('',#3827,.F.);
#3827 = EDGE_LOOP('',(#3828));
#3828 = ORIENTED_EDGE('',*,*,#3829,.T.);
#3829 = EDGE_CURVE('',#3830,#3830,#3832,.T.);
#3830 = VERTEX_POINT('',#3831);
#3831 = CARTESIAN_POINT('',(44.63288,-40.809926,0.));
#3832 = SURFACE_CURVE('',#3833,(#3838,#3849),.PCURVE_S1.);
#3833 = CIRCLE('',#3834,1.999996);
#3834 = AXIS2_PLACEMENT_3D('',#3835,#3836,#3837);
#3835 = CARTESIAN_POINT('',(42.632884,-40.809926,0.));
#3836 = DIRECTION('',(0.,0.,-1.));
#3837 = DIRECTION('',(1.,0.,0.));
#3838 = PCURVE('',#210,#3839);
#3839 = DEFINITIONAL_REPRESENTATION('',(#3840),#3848);
#3840 = ( BOUNDED_CURVE() B_SPLINE_CURVE(2,(#3841,#3842,#3843,#3844,
#3845,#3846,#3847),.UNSPECIFIED.,.T.,.F.) B_SPLINE_CURVE_WITH_KNOTS((1,2
    ,2,2,2,1),(-2.094395102393,0.,2.094395102393,4.188790204786,
6.28318530718,8.377580409573),.UNSPECIFIED.) CURVE() 
GEOMETRIC_REPRESENTATION_ITEM() RATIONAL_B_SPLINE_CURVE((1.,0.5,1.,0.5,
1.,0.5,1.)) REPRESENTATION_ITEM('') );
#3841 = CARTESIAN_POINT('',(44.63288,32.240074));
#3842 = CARTESIAN_POINT('',(44.63288,28.775979313065));
#3843 = CARTESIAN_POINT('',(41.632886,30.508026656533));
#3844 = CARTESIAN_POINT('',(38.632892,32.240074));
#3845 = CARTESIAN_POINT('',(41.632886,33.972121343467));
#3846 = CARTESIAN_POINT('',(44.63288,35.704168686935));
#3847 = CARTESIAN_POINT('',(44.63288,32.240074));
#3848 = ( GEOMETRIC_REPRESENTATION_CONTEXT(2) 
PARAMETRIC_REPRESENTATION_CONTEXT() REPRESENTATION_CONTEXT('2D SPACE',''
  ) );
#3849 = PCURVE('',#1229,#3850);
#3850 = DEFINITIONAL_REPRESENTATION('',(#3851),#3855);
#3851 = LINE('',#3852,#3853);
#3852 = CARTESIAN_POINT('',(-6.28318530718,-0.1));
#3853 = VECTOR('',#3854,1.);
#3854 = DIRECTION('',(1.,-0.));
#3855 = ( GEOMETRIC_REPRESENTATION_CONTEXT(2) 
PARAMETRIC_REPRESENTATION_CONTEXT() REPRESENTATION_CONTEXT('2D SPACE',''
  ) );
#3856 = FACE_BOUND('',#3857,.F.);
#3857 = EDGE_LOOP('',(#3858));
#3858 = ORIENTED_EDGE('',*,*,#3859,.T.);
#3859 = EDGE_CURVE('',#3860,#3860,#3862,.T.);
#3860 = VERTEX_POINT('',#3861);
#3861 = CARTESIAN_POINT('',(48.563784,-40.809926,0.));
#3862 = SURFACE_CURVE('',#3863,(#3868,#3879),.PCURVE_S1.);
#3863 = CIRCLE('',#3864,0.8509);
#3864 = AXIS2_PLACEMENT_3D('',#3865,#3866,#3867);
#3865 = CARTESIAN_POINT('',(47.712884,-40.809926,0.));
#3866 = DIRECTION('',(0.,0.,-1.));
#3867 = DIRECTION('',(1.,0.,0.));
#3868 = PCURVE('',#210,#3869);
#3869 = DEFINITIONAL_REPRESENTATION('',(#3870),#3878);
#3870 = ( BOUNDED_CURVE() B_SPLINE_CURVE(2,(#3871,#3872,#3873,#3874,
#3875,#3876,#3877),.UNSPECIFIED.,.T.,.F.) B_SPLINE_CURVE_WITH_KNOTS((1,2
    ,2,2,2,1),(-2.094395102393,0.,2.094395102393,4.188790204786,
6.28318530718,8.377580409573),.UNSPECIFIED.) CURVE() 
GEOMETRIC_REPRESENTATION_ITEM() RATIONAL_B_SPLINE_CURVE((1.,0.5,1.,0.5,
1.,0.5,1.)) REPRESENTATION_ITEM('') );
#3871 = CARTESIAN_POINT('',(48.563784,32.240074));
#3872 = CARTESIAN_POINT('',(48.563784,30.76627196784));
#3873 = CARTESIAN_POINT('',(47.287434,31.50317298392));
#3874 = CARTESIAN_POINT('',(46.011084,32.240074));
#3875 = CARTESIAN_POINT('',(47.287434,32.97697501608));
#3876 = CARTESIAN_POINT('',(48.563784,33.71387603216));
#3877 = CARTESIAN_POINT('',(48.563784,32.240074));
#3878 = ( GEOMETRIC_REPRESENTATION_CONTEXT(2) 
PARAMETRIC_REPRESENTATION_CONTEXT() REPRESENTATION_CONTEXT('2D SPACE',''
  ) );
#3879 = PCURVE('',#1264,#3880);
#3880 = DEFINITIONAL_REPRESENTATION('',(#3881),#3885);
#3881 = LINE('',#3882,#3883);
#3882 = CARTESIAN_POINT('',(-6.28318530718,-0.1));
#3883 = VECTOR('',#3884,1.);
#3884 = DIRECTION('',(1.,-0.));
#3885 = ( GEOMETRIC_REPRESENTATION_CONTEXT(2) 
PARAMETRIC_REPRESENTATION_CONTEXT() REPRESENTATION_CONTEXT('2D SPACE',''
  ) );
#3886 = FACE_BOUND('',#3887,.F.);
#3887 = EDGE_LOOP('',(#3888));
#3888 = ORIENTED_EDGE('',*,*,#3889,.T.);
#3889 = EDGE_CURVE('',#3890,#3890,#3892,.T.);
#3890 = VERTEX_POINT('',#3891);
#3891 = CARTESIAN_POINT('',(57.454292,-40.809926,0.));
#3892 = SURFACE_CURVE('',#3893,(#3898,#3909),.PCURVE_S1.);
#3893 = CIRCLE('',#3894,0.8509);
#3894 = AXIS2_PLACEMENT_3D('',#3895,#3896,#3897);
#3895 = CARTESIAN_POINT('',(56.603392,-40.809926,0.));
#3896 = DIRECTION('',(0.,0.,-1.));
#3897 = DIRECTION('',(1.,0.,0.));
#3898 = PCURVE('',#210,#3899);
#3899 = DEFINITIONAL_REPRESENTATION('',(#3900),#3908);
#3900 = ( BOUNDED_CURVE() B_SPLINE_CURVE(2,(#3901,#3902,#3903,#3904,
#3905,#3906,#3907),.UNSPECIFIED.,.T.,.F.) B_SPLINE_CURVE_WITH_KNOTS((1,2
    ,2,2,2,1),(-2.094395102393,0.,2.094395102393,4.188790204786,
6.28318530718,8.377580409573),.UNSPECIFIED.) CURVE() 
GEOMETRIC_REPRESENTATION_ITEM() RATIONAL_B_SPLINE_CURVE((1.,0.5,1.,0.5,
1.,0.5,1.)) REPRESENTATION_ITEM('') );
#3901 = CARTESIAN_POINT('',(57.454292,32.240074));
#3902 = CARTESIAN_POINT('',(57.454292,30.76627196784));
#3903 = CARTESIAN_POINT('',(56.177942,31.50317298392));
#3904 = CARTESIAN_POINT('',(54.901592,32.240074));
#3905 = CARTESIAN_POINT('',(56.177942,32.97697501608));
#3906 = CARTESIAN_POINT('',(57.454292,33.71387603216));
#3907 = CARTESIAN_POINT('',(57.454292,32.240074));
#3908 = ( GEOMETRIC_REPRESENTATION_CONTEXT(2) 
PARAMETRIC_REPRESENTATION_CONTEXT() REPRESENTATION_CONTEXT('2D SPACE',''
  ) );
#3909 = PCURVE('',#1299,#3910);
#3910 = DEFINITIONAL_REPRESENTATION('',(#3911),#3915);
#3911 = LINE('',#3912,#3913);
#3912 = CARTESIAN_POINT('',(-6.28318530718,-0.1));
#3913 = VECTOR('',#3914,1.);
#3914 = DIRECTION('',(1.,-0.));
#3915 = ( GEOMETRIC_REPRESENTATION_CONTEXT(2) 
PARAMETRIC_REPRESENTATION_CONTEXT() REPRESENTATION_CONTEXT('2D SPACE',''
  ) );
#3916 = FACE_BOUND('',#3917,.F.);
#3917 = EDGE_LOOP('',(#3918));
#3918 = ORIENTED_EDGE('',*,*,#3919,.T.);
#3919 = EDGE_CURVE('',#3920,#3920,#3922,.T.);
#3920 = VERTEX_POINT('',#3921);
#3921 = CARTESIAN_POINT('',(63.683388,-40.809926,0.));
#3922 = SURFACE_CURVE('',#3923,(#3928,#3939),.PCURVE_S1.);
#3923 = CIRCLE('',#3924,1.999996);
#3924 = AXIS2_PLACEMENT_3D('',#3925,#3926,#3927);
#3925 = CARTESIAN_POINT('',(61.683392,-40.809926,0.));
#3926 = DIRECTION('',(0.,0.,-1.));
#3927 = DIRECTION('',(1.,0.,0.));
#3928 = PCURVE('',#210,#3929);
#3929 = DEFINITIONAL_REPRESENTATION('',(#3930),#3938);
#3930 = ( BOUNDED_CURVE() B_SPLINE_CURVE(2,(#3931,#3932,#3933,#3934,
#3935,#3936,#3937),.UNSPECIFIED.,.T.,.F.) B_SPLINE_CURVE_WITH_KNOTS((1,2
    ,2,2,2,1),(-2.094395102393,0.,2.094395102393,4.188790204786,
6.28318530718,8.377580409573),.UNSPECIFIED.) CURVE() 
GEOMETRIC_REPRESENTATION_ITEM() RATIONAL_B_SPLINE_CURVE((1.,0.5,1.,0.5,
1.,0.5,1.)) REPRESENTATION_ITEM('') );
#3931 = CARTESIAN_POINT('',(63.683388,32.240074));
#3932 = CARTESIAN_POINT('',(63.683388,28.775979313065));
#3933 = CARTESIAN_POINT('',(60.683394,30.508026656533));
#3934 = CARTESIAN_POINT('',(57.6834,32.240074));
#3935 = CARTESIAN_POINT('',(60.683394,33.972121343467));
#3936 = CARTESIAN_POINT('',(63.683388,35.704168686935));
#3937 = CARTESIAN_POINT('',(63.683388,32.240074));
#3938 = ( GEOMETRIC_REPRESENTATION_CONTEXT(2) 
PARAMETRIC_REPRESENTATION_CONTEXT() REPRESENTATION_CONTEXT('2D SPACE',''
  ) );
#3939 = PCURVE('',#1334,#3940);
#3940 = DEFINITIONAL_REPRESENTATION('',(#3941),#3945);
#3941 = LINE('',#3942,#3943);
#3942 = CARTESIAN_POINT('',(-6.28318530718,-0.1));
#3943 = VECTOR('',#3944,1.);
#3944 = DIRECTION('',(1.,-0.));
#3945 = ( GEOMETRIC_REPRESENTATION_CONTEXT(2) 
PARAMETRIC_REPRESENTATION_CONTEXT() REPRESENTATION_CONTEXT('2D SPACE',''
  ) );
#3946 = FACE_BOUND('',#3947,.F.);
#3947 = EDGE_LOOP('',(#3948));
#3948 = ORIENTED_EDGE('',*,*,#3949,.T.);
#3949 = EDGE_CURVE('',#3950,#3950,#3952,.T.);
#3950 = VERTEX_POINT('',#3951);
#3951 = CARTESIAN_POINT('',(58.4244196,-38.269926,0.));
#3952 = SURFACE_CURVE('',#3953,(#3958,#3969),.PCURVE_S1.);
#3953 = CIRCLE('',#3954,0.5500116);
#3954 = AXIS2_PLACEMENT_3D('',#3955,#3956,#3957);
#3955 = CARTESIAN_POINT('',(57.874408,-38.269926,0.));
#3956 = DIRECTION('',(0.,0.,-1.));
#3957 = DIRECTION('',(1.,0.,0.));
#3958 = PCURVE('',#210,#3959);
#3959 = DEFINITIONAL_REPRESENTATION('',(#3960),#3968);
#3960 = ( BOUNDED_CURVE() B_SPLINE_CURVE(2,(#3961,#3962,#3963,#3964,
#3965,#3966,#3967),.UNSPECIFIED.,.T.,.F.) B_SPLINE_CURVE_WITH_KNOTS((1,2
    ,2,2,2,1),(-2.094395102393,0.,2.094395102393,4.188790204786,
6.28318530718,8.377580409573),.UNSPECIFIED.) CURVE() 
GEOMETRIC_REPRESENTATION_ITEM() RATIONAL_B_SPLINE_CURVE((1.,0.5,1.,0.5,
1.,0.5,1.)) REPRESENTATION_ITEM('') );
#3961 = CARTESIAN_POINT('',(58.4244196,34.780074));
#3962 = CARTESIAN_POINT('',(58.4244196,33.827425964048));
#3963 = CARTESIAN_POINT('',(57.5994022,34.303749982024));
#3964 = CARTESIAN_POINT('',(56.7743848,34.780074));
#3965 = CARTESIAN_POINT('',(57.5994022,35.256398017976));
#3966 = CARTESIAN_POINT('',(58.4244196,35.732722035952));
#3967 = CARTESIAN_POINT('',(58.4244196,34.780074));
#3968 = ( GEOMETRIC_REPRESENTATION_CONTEXT(2) 
PARAMETRIC_REPRESENTATION_CONTEXT() REPRESENTATION_CONTEXT('2D SPACE',''
  ) );
#3969 = PCURVE('',#1369,#3970);
#3970 = DEFINITIONAL_REPRESENTATION('',(#3971),#3975);
#3971 = LINE('',#3972,#3973);
#3972 = CARTESIAN_POINT('',(-6.28318530718,-0.1));
#3973 = VECTOR('',#3974,1.);
#3974 = DIRECTION('',(1.,-0.));
#3975 = ( GEOMETRIC_REPRESENTATION_CONTEXT(2) 
PARAMETRIC_REPRESENTATION_CONTEXT() REPRESENTATION_CONTEXT('2D SPACE',''
  ) );
#3976 = FACE_BOUND('',#3977,.F.);
#3977 = EDGE_LOOP('',(#3978));
#3978 = ORIENTED_EDGE('',*,*,#3979,.T.);
#3979 = EDGE_CURVE('',#3980,#3980,#3982,.T.);
#3980 = VERTEX_POINT('',#3981);
#3981 = CARTESIAN_POINT('',(67.614292,-40.809926,0.));
#3982 = SURFACE_CURVE('',#3983,(#3988,#3999),.PCURVE_S1.);
#3983 = CIRCLE('',#3984,0.8509);
#3984 = AXIS2_PLACEMENT_3D('',#3985,#3986,#3987);
#3985 = CARTESIAN_POINT('',(66.763392,-40.809926,0.));
#3986 = DIRECTION('',(0.,0.,-1.));
#3987 = DIRECTION('',(1.,0.,0.));
#3988 = PCURVE('',#210,#3989);
#3989 = DEFINITIONAL_REPRESENTATION('',(#3990),#3998);
#3990 = ( BOUNDED_CURVE() B_SPLINE_CURVE(2,(#3991,#3992,#3993,#3994,
#3995,#3996,#3997),.UNSPECIFIED.,.T.,.F.) B_SPLINE_CURVE_WITH_KNOTS((1,2
    ,2,2,2,1),(-2.094395102393,0.,2.094395102393,4.188790204786,
6.28318530718,8.377580409573),.UNSPECIFIED.) CURVE() 
GEOMETRIC_REPRESENTATION_ITEM() RATIONAL_B_SPLINE_CURVE((1.,0.5,1.,0.5,
1.,0.5,1.)) REPRESENTATION_ITEM('') );
#3991 = CARTESIAN_POINT('',(67.614292,32.240074));
#3992 = CARTESIAN_POINT('',(67.614292,30.76627196784));
#3993 = CARTESIAN_POINT('',(66.337942,31.50317298392));
#3994 = CARTESIAN_POINT('',(65.061592,32.240074));
#3995 = CARTESIAN_POINT('',(66.337942,32.97697501608));
#3996 = CARTESIAN_POINT('',(67.614292,33.71387603216));
#3997 = CARTESIAN_POINT('',(67.614292,32.240074));
#3998 = ( GEOMETRIC_REPRESENTATION_CONTEXT(2) 
PARAMETRIC_REPRESENTATION_CONTEXT() REPRESENTATION_CONTEXT('2D SPACE',''
  ) );
#3999 = PCURVE('',#1404,#4000);
#4000 = DEFINITIONAL_REPRESENTATION('',(#4001),#4005);
#4001 = LINE('',#4002,#4003);
#4002 = CARTESIAN_POINT('',(-6.28318530718,-0.1));
#4003 = VECTOR('',#4004,1.);
#4004 = DIRECTION('',(1.,-0.));
#4005 = ( GEOMETRIC_REPRESENTATION_CONTEXT(2) 
PARAMETRIC_REPRESENTATION_CONTEXT() REPRESENTATION_CONTEXT('2D SPACE',''
  ) );
#4006 = FACE_BOUND('',#4007,.F.);
#4007 = EDGE_LOOP('',(#4008));
#4008 = ORIENTED_EDGE('',*,*,#4009,.T.);
#4009 = EDGE_CURVE('',#4010,#4010,#4012,.T.);
#4010 = VERTEX_POINT('',#4011);
#4011 = CARTESIAN_POINT('',(13.6840976,-21.249132,0.));
#4012 = SURFACE_CURVE('',#4013,(#4018,#4029),.PCURVE_S1.);
#4013 = CIRCLE('',#4014,0.5500116);
#4014 = AXIS2_PLACEMENT_3D('',#4015,#4016,#4017);
#4015 = CARTESIAN_POINT('',(13.134086,-21.249132,0.));
#4016 = DIRECTION('',(0.,0.,-1.));
#4017 = DIRECTION('',(1.,0.,0.));
#4018 = PCURVE('',#210,#4019);
#4019 = DEFINITIONAL_REPRESENTATION('',(#4020),#4028);
#4020 = ( BOUNDED_CURVE() B_SPLINE_CURVE(2,(#4021,#4022,#4023,#4024,
#4025,#4026,#4027),.UNSPECIFIED.,.T.,.F.) B_SPLINE_CURVE_WITH_KNOTS((1,2
    ,2,2,2,1),(-2.094395102393,0.,2.094395102393,4.188790204786,
6.28318530718,8.377580409573),.UNSPECIFIED.) CURVE() 
GEOMETRIC_REPRESENTATION_ITEM() RATIONAL_B_SPLINE_CURVE((1.,0.5,1.,0.5,
1.,0.5,1.)) REPRESENTATION_ITEM('') );
#4021 = CARTESIAN_POINT('',(13.6840976,51.800868));
#4022 = CARTESIAN_POINT('',(13.6840976,50.848219964048));
#4023 = CARTESIAN_POINT('',(12.8590802,51.324543982024));
#4024 = CARTESIAN_POINT('',(12.0340628,51.800868));
#4025 = CARTESIAN_POINT('',(12.8590802,52.277192017976));
#4026 = CARTESIAN_POINT('',(13.6840976,52.753516035952));
#4027 = CARTESIAN_POINT('',(13.6840976,51.800868));
#4028 = ( GEOMETRIC_REPRESENTATION_CONTEXT(2) 
PARAMETRIC_REPRESENTATION_CONTEXT() REPRESENTATION_CONTEXT('2D SPACE',''
  ) );
#4029 = PCURVE('',#1439,#4030);
#4030 = DEFINITIONAL_REPRESENTATION('',(#4031),#4035);
#4031 = LINE('',#4032,#4033);
#4032 = CARTESIAN_POINT('',(-6.28318530718,-0.1));
#4033 = VECTOR('',#4034,1.);
#4034 = DIRECTION('',(1.,-0.));
#4035 = ( GEOMETRIC_REPRESENTATION_CONTEXT(2) 
PARAMETRIC_REPRESENTATION_CONTEXT() REPRESENTATION_CONTEXT('2D SPACE',''
  ) );
#4036 = FACE_BOUND('',#4037,.F.);
#4037 = EDGE_LOOP('',(#4038));
#4038 = ORIENTED_EDGE('',*,*,#4039,.T.);
#4039 = EDGE_CURVE('',#4040,#4040,#4042,.T.);
#4040 = VERTEX_POINT('',#4041);
#4041 = CARTESIAN_POINT('',(16.1859976,-21.249132,0.));
#4042 = SURFACE_CURVE('',#4043,(#4048,#4059),.PCURVE_S1.);
#4043 = CIRCLE('',#4044,0.5500116);
#4044 = AXIS2_PLACEMENT_3D('',#4045,#4046,#4047);
#4045 = CARTESIAN_POINT('',(15.635986,-21.249132,0.));
#4046 = DIRECTION('',(0.,0.,-1.));
#4047 = DIRECTION('',(1.,0.,0.));
#4048 = PCURVE('',#210,#4049);
#4049 = DEFINITIONAL_REPRESENTATION('',(#4050),#4058);
#4050 = ( BOUNDED_CURVE() B_SPLINE_CURVE(2,(#4051,#4052,#4053,#4054,
#4055,#4056,#4057),.UNSPECIFIED.,.T.,.F.) B_SPLINE_CURVE_WITH_KNOTS((1,2
    ,2,2,2,1),(-2.094395102393,0.,2.094395102393,4.188790204786,
6.28318530718,8.377580409573),.UNSPECIFIED.) CURVE() 
GEOMETRIC_REPRESENTATION_ITEM() RATIONAL_B_SPLINE_CURVE((1.,0.5,1.,0.5,
1.,0.5,1.)) REPRESENTATION_ITEM('') );
#4051 = CARTESIAN_POINT('',(16.1859976,51.800868));
#4052 = CARTESIAN_POINT('',(16.1859976,50.848219964048));
#4053 = CARTESIAN_POINT('',(15.3609802,51.324543982024));
#4054 = CARTESIAN_POINT('',(14.5359628,51.800868));
#4055 = CARTESIAN_POINT('',(15.3609802,52.277192017976));
#4056 = CARTESIAN_POINT('',(16.1859976,52.753516035952));
#4057 = CARTESIAN_POINT('',(16.1859976,51.800868));
#4058 = ( GEOMETRIC_REPRESENTATION_CONTEXT(2) 
PARAMETRIC_REPRESENTATION_CONTEXT() REPRESENTATION_CONTEXT('2D SPACE',''
  ) );
#4059 = PCURVE('',#1474,#4060);
#4060 = DEFINITIONAL_REPRESENTATION('',(#4061),#4065);
#4061 = LINE('',#4062,#4063);
#4062 = CARTESIAN_POINT('',(-6.28318530718,-0.1));
#4063 = VECTOR('',#4064,1.);
#4064 = DIRECTION('',(1.,-0.));
#4065 = ( GEOMETRIC_REPRESENTATION_CONTEXT(2) 
PARAMETRIC_REPRESENTATION_CONTEXT() REPRESENTATION_CONTEXT('2D SPACE',''
  ) );
#4066 = FACE_BOUND('',#4067,.F.);
#4067 = EDGE_LOOP('',(#4068));
#4068 = ORIENTED_EDGE('',*,*,#4069,.T.);
#4069 = EDGE_CURVE('',#4070,#4070,#4072,.T.);
#4070 = VERTEX_POINT('',#4071);
#4071 = CARTESIAN_POINT('',(18.6853576,-21.249132,0.));
#4072 = SURFACE_CURVE('',#4073,(#4078,#4089),.PCURVE_S1.);
#4073 = CIRCLE('',#4074,0.5500116);
#4074 = AXIS2_PLACEMENT_3D('',#4075,#4076,#4077);
#4075 = CARTESIAN_POINT('',(18.135346,-21.249132,0.));
#4076 = DIRECTION('',(0.,0.,-1.));
#4077 = DIRECTION('',(1.,0.,0.));
#4078 = PCURVE('',#210,#4079);
#4079 = DEFINITIONAL_REPRESENTATION('',(#4080),#4088);
#4080 = ( BOUNDED_CURVE() B_SPLINE_CURVE(2,(#4081,#4082,#4083,#4084,
#4085,#4086,#4087),.UNSPECIFIED.,.T.,.F.) B_SPLINE_CURVE_WITH_KNOTS((1,2
    ,2,2,2,1),(-2.094395102393,0.,2.094395102393,4.188790204786,
6.28318530718,8.377580409573),.UNSPECIFIED.) CURVE() 
GEOMETRIC_REPRESENTATION_ITEM() RATIONAL_B_SPLINE_CURVE((1.,0.5,1.,0.5,
1.,0.5,1.)) REPRESENTATION_ITEM('') );
#4081 = CARTESIAN_POINT('',(18.6853576,51.800868));
#4082 = CARTESIAN_POINT('',(18.6853576,50.848219964048));
#4083 = CARTESIAN_POINT('',(17.8603402,51.324543982024));
#4084 = CARTESIAN_POINT('',(17.0353228,51.800868));
#4085 = CARTESIAN_POINT('',(17.8603402,52.277192017976));
#4086 = CARTESIAN_POINT('',(18.6853576,52.753516035952));
#4087 = CARTESIAN_POINT('',(18.6853576,51.800868));
#4088 = ( GEOMETRIC_REPRESENTATION_CONTEXT(2) 
PARAMETRIC_REPRESENTATION_CONTEXT() REPRESENTATION_CONTEXT('2D SPACE',''
  ) );
#4089 = PCURVE('',#1509,#4090);
#4090 = DEFINITIONAL_REPRESENTATION('',(#4091),#4095);
#4091 = LINE('',#4092,#4093);
#4092 = CARTESIAN_POINT('',(-6.28318530718,-0.1));
#4093 = VECTOR('',#4094,1.);
#4094 = DIRECTION('',(1.,-0.));
#4095 = ( GEOMETRIC_REPRESENTATION_CONTEXT(2) 
PARAMETRIC_REPRESENTATION_CONTEXT() REPRESENTATION_CONTEXT('2D SPACE',''
  ) );
#4096 = FACE_BOUND('',#4097,.F.);
#4097 = EDGE_LOOP('',(#4098));
#4098 = ORIENTED_EDGE('',*,*,#4099,.T.);
#4099 = EDGE_CURVE('',#4100,#4100,#4102,.T.);
#4100 = VERTEX_POINT('',#4101);
#4101 = CARTESIAN_POINT('',(26.6759436,-35.729926,0.));
#4102 = SURFACE_CURVE('',#4103,(#4108,#4119),.PCURVE_S1.);
#4103 = CIRCLE('',#4104,0.5500116);
#4104 = AXIS2_PLACEMENT_3D('',#4105,#4106,#4107);
#4105 = CARTESIAN_POINT('',(26.125932,-35.729926,0.));
#4106 = DIRECTION('',(0.,0.,-1.));
#4107 = DIRECTION('',(1.,0.,0.));
#4108 = PCURVE('',#210,#4109);
#4109 = DEFINITIONAL_REPRESENTATION('',(#4110),#4118);
#4110 = ( BOUNDED_CURVE() B_SPLINE_CURVE(2,(#4111,#4112,#4113,#4114,
#4115,#4116,#4117),.UNSPECIFIED.,.T.,.F.) B_SPLINE_CURVE_WITH_KNOTS((1,2
    ,2,2,2,1),(-2.094395102393,0.,2.094395102393,4.188790204786,
6.28318530718,8.377580409573),.UNSPECIFIED.) CURVE() 
GEOMETRIC_REPRESENTATION_ITEM() RATIONAL_B_SPLINE_CURVE((1.,0.5,1.,0.5,
1.,0.5,1.)) REPRESENTATION_ITEM('') );
#4111 = CARTESIAN_POINT('',(26.6759436,37.320074));
#4112 = CARTESIAN_POINT('',(26.6759436,36.367425964048));
#4113 = CARTESIAN_POINT('',(25.8509262,36.843749982024));
#4114 = CARTESIAN_POINT('',(25.0259088,37.320074));
#4115 = CARTESIAN_POINT('',(25.8509262,37.796398017976));
#4116 = CARTESIAN_POINT('',(26.6759436,38.272722035952));
#4117 = CARTESIAN_POINT('',(26.6759436,37.320074));
#4118 = ( GEOMETRIC_REPRESENTATION_CONTEXT(2) 
PARAMETRIC_REPRESENTATION_CONTEXT() REPRESENTATION_CONTEXT('2D SPACE',''
  ) );
#4119 = PCURVE('',#1544,#4120);
#4120 = DEFINITIONAL_REPRESENTATION('',(#4121),#4125);
#4121 = LINE('',#4122,#4123);
#4122 = CARTESIAN_POINT('',(-6.28318530718,-0.1));
#4123 = VECTOR('',#4124,1.);
#4124 = DIRECTION('',(1.,-0.));
#4125 = ( GEOMETRIC_REPRESENTATION_CONTEXT(2) 
PARAMETRIC_REPRESENTATION_CONTEXT() REPRESENTATION_CONTEXT('2D SPACE',''
  ) );
#4126 = FACE_BOUND('',#4127,.F.);
#4127 = EDGE_LOOP('',(#4128));
#4128 = ORIENTED_EDGE('',*,*,#4129,.T.);
#4129 = EDGE_CURVE('',#4130,#4130,#4132,.T.);
#4130 = VERTEX_POINT('',#4131);
#4131 = CARTESIAN_POINT('',(25.498679,-21.614892,0.));
#4132 = SURFACE_CURVE('',#4133,(#4138,#4149),.PCURVE_S1.);
#4133 = CIRCLE('',#4134,0.499999);
#4134 = AXIS2_PLACEMENT_3D('',#4135,#4136,#4137);
#4135 = CARTESIAN_POINT('',(24.99868,-21.614892,0.));
#4136 = DIRECTION('',(0.,0.,-1.));
#4137 = DIRECTION('',(1.,0.,0.));
#4138 = PCURVE('',#210,#4139);
#4139 = DEFINITIONAL_REPRESENTATION('',(#4140),#4148);
#4140 = ( BOUNDED_CURVE() B_SPLINE_CURVE(2,(#4141,#4142,#4143,#4144,
#4145,#4146,#4147),.UNSPECIFIED.,.T.,.F.) B_SPLINE_CURVE_WITH_KNOTS((1,2
    ,2,2,2,1),(-2.094395102393,0.,2.094395102393,4.188790204786,
6.28318530718,8.377580409573),.UNSPECIFIED.) CURVE() 
GEOMETRIC_REPRESENTATION_ITEM() RATIONAL_B_SPLINE_CURVE((1.,0.5,1.,0.5,
1.,0.5,1.)) REPRESENTATION_ITEM('') );
#4141 = CARTESIAN_POINT('',(25.498679,51.435108));
#4142 = CARTESIAN_POINT('',(25.498679,50.569084328266));
#4143 = CARTESIAN_POINT('',(24.7486805,51.002096164133));
#4144 = CARTESIAN_POINT('',(23.998682,51.435108));
#4145 = CARTESIAN_POINT('',(24.7486805,51.868119835867));
#4146 = CARTESIAN_POINT('',(25.498679,52.301131671734));
#4147 = CARTESIAN_POINT('',(25.498679,51.435108));
#4148 = ( GEOMETRIC_REPRESENTATION_CONTEXT(2) 
PARAMETRIC_REPRESENTATION_CONTEXT() REPRESENTATION_CONTEXT('2D SPACE',''
  ) );
#4149 = PCURVE('',#1579,#4150);
#4150 = DEFINITIONAL_REPRESENTATION('',(#4151),#4155);
#4151 = LINE('',#4152,#4153);
#4152 = CARTESIAN_POINT('',(-6.28318530718,-0.1));
#4153 = VECTOR('',#4154,1.);
#4154 = DIRECTION('',(1.,-0.));
#4155 = ( GEOMETRIC_REPRESENTATION_CONTEXT(2) 
PARAMETRIC_REPRESENTATION_CONTEXT() REPRESENTATION_CONTEXT('2D SPACE',''
  ) );
#4156 = FACE_BOUND('',#4157,.F.);
#4157 = EDGE_LOOP('',(#4158));
#4158 = ORIENTED_EDGE('',*,*,#4159,.T.);
#4159 = EDGE_CURVE('',#4160,#4160,#4162,.T.);
#4160 = VERTEX_POINT('',#4161);
#4161 = CARTESIAN_POINT('',(25.498679,-19.074892,0.));
#4162 = SURFACE_CURVE('',#4163,(#4168,#4179),.PCURVE_S1.);
#4163 = CIRCLE('',#4164,0.499999);
#4164 = AXIS2_PLACEMENT_3D('',#4165,#4166,#4167);
#4165 = CARTESIAN_POINT('',(24.99868,-19.074892,0.));
#4166 = DIRECTION('',(0.,0.,-1.));
#4167 = DIRECTION('',(1.,0.,0.));
#4168 = PCURVE('',#210,#4169);
#4169 = DEFINITIONAL_REPRESENTATION('',(#4170),#4178);
#4170 = ( BOUNDED_CURVE() B_SPLINE_CURVE(2,(#4171,#4172,#4173,#4174,
#4175,#4176,#4177),.UNSPECIFIED.,.T.,.F.) B_SPLINE_CURVE_WITH_KNOTS((1,2
    ,2,2,2,1),(-2.094395102393,0.,2.094395102393,4.188790204786,
6.28318530718,8.377580409573),.UNSPECIFIED.) CURVE() 
GEOMETRIC_REPRESENTATION_ITEM() RATIONAL_B_SPLINE_CURVE((1.,0.5,1.,0.5,
1.,0.5,1.)) REPRESENTATION_ITEM('') );
#4171 = CARTESIAN_POINT('',(25.498679,53.975108));
#4172 = CARTESIAN_POINT('',(25.498679,53.109084328266));
#4173 = CARTESIAN_POINT('',(24.7486805,53.542096164133));
#4174 = CARTESIAN_POINT('',(23.998682,53.975108));
#4175 = CARTESIAN_POINT('',(24.7486805,54.408119835867));
#4176 = CARTESIAN_POINT('',(25.498679,54.841131671734));
#4177 = CARTESIAN_POINT('',(25.498679,53.975108));
#4178 = ( GEOMETRIC_REPRESENTATION_CONTEXT(2) 
PARAMETRIC_REPRESENTATION_CONTEXT() REPRESENTATION_CONTEXT('2D SPACE',''
  ) );
#4179 = PCURVE('',#1614,#4180);
#4180 = DEFINITIONAL_REPRESENTATION('',(#4181),#4185);
#4181 = LINE('',#4182,#4183);
#4182 = CARTESIAN_POINT('',(-6.28318530718,-0.1));
#4183 = VECTOR('',#4184,1.);
#4184 = DIRECTION('',(1.,-0.));
#4185 = ( GEOMETRIC_REPRESENTATION_CONTEXT(2) 
PARAMETRIC_REPRESENTATION_CONTEXT() REPRESENTATION_CONTEXT('2D SPACE',''
  ) );
#4186 = FACE_BOUND('',#4187,.F.);
#4187 = EDGE_LOOP('',(#4188));
#4188 = ORIENTED_EDGE('',*,*,#4189,.T.);
#4189 = EDGE_CURVE('',#4190,#4190,#4192,.T.);
#4190 = VERTEX_POINT('',#4191);
#4191 = CARTESIAN_POINT('',(28.920313,-22.704552,0.));
#4192 = SURFACE_CURVE('',#4193,(#4198,#4209),.PCURVE_S1.);
#4193 = CIRCLE('',#4194,0.499999);
#4194 = AXIS2_PLACEMENT_3D('',#4195,#4196,#4197);
#4195 = CARTESIAN_POINT('',(28.420314,-22.704552,0.));
#4196 = DIRECTION('',(0.,0.,-1.));
#4197 = DIRECTION('',(1.,0.,0.));
#4198 = PCURVE('',#210,#4199);
#4199 = DEFINITIONAL_REPRESENTATION('',(#4200),#4208);
#4200 = ( BOUNDED_CURVE() B_SPLINE_CURVE(2,(#4201,#4202,#4203,#4204,
#4205,#4206,#4207),.UNSPECIFIED.,.T.,.F.) B_SPLINE_CURVE_WITH_KNOTS((1,2
    ,2,2,2,1),(-2.094395102393,0.,2.094395102393,4.188790204786,
6.28318530718,8.377580409573),.UNSPECIFIED.) CURVE() 
GEOMETRIC_REPRESENTATION_ITEM() RATIONAL_B_SPLINE_CURVE((1.,0.5,1.,0.5,
1.,0.5,1.)) REPRESENTATION_ITEM('') );
#4201 = CARTESIAN_POINT('',(28.920313,50.345448));
#4202 = CARTESIAN_POINT('',(28.920313,49.479424328266));
#4203 = CARTESIAN_POINT('',(28.1703145,49.912436164133));
#4204 = CARTESIAN_POINT('',(27.420316,50.345448));
#4205 = CARTESIAN_POINT('',(28.1703145,50.778459835867));
#4206 = CARTESIAN_POINT('',(28.920313,51.211471671734));
#4207 = CARTESIAN_POINT('',(28.920313,50.345448));
#4208 = ( GEOMETRIC_REPRESENTATION_CONTEXT(2) 
PARAMETRIC_REPRESENTATION_CONTEXT() REPRESENTATION_CONTEXT('2D SPACE',''
  ) );
#4209 = PCURVE('',#1649,#4210);
#4210 = DEFINITIONAL_REPRESENTATION('',(#4211),#4215);
#4211 = LINE('',#4212,#4213);
#4212 = CARTESIAN_POINT('',(-6.28318530718,-0.1));
#4213 = VECTOR('',#4214,1.);
#4214 = DIRECTION('',(1.,-0.));
#4215 = ( GEOMETRIC_REPRESENTATION_CONTEXT(2) 
PARAMETRIC_REPRESENTATION_CONTEXT() REPRESENTATION_CONTEXT('2D SPACE',''
  ) );
#4216 = FACE_BOUND('',#4217,.F.);
#4217 = EDGE_LOOP('',(#4218));
#4218 = ORIENTED_EDGE('',*,*,#4219,.T.);
#4219 = EDGE_CURVE('',#4220,#4220,#4222,.T.);
#4220 = VERTEX_POINT('',#4221);
#4221 = CARTESIAN_POINT('',(31.460313,-22.704552,0.));
#4222 = SURFACE_CURVE('',#4223,(#4228,#4239),.PCURVE_S1.);
#4223 = CIRCLE('',#4224,0.499999);
#4224 = AXIS2_PLACEMENT_3D('',#4225,#4226,#4227);
#4225 = CARTESIAN_POINT('',(30.960314,-22.704552,0.));
#4226 = DIRECTION('',(0.,0.,-1.));
#4227 = DIRECTION('',(1.,0.,0.));
#4228 = PCURVE('',#210,#4229);
#4229 = DEFINITIONAL_REPRESENTATION('',(#4230),#4238);
#4230 = ( BOUNDED_CURVE() B_SPLINE_CURVE(2,(#4231,#4232,#4233,#4234,
#4235,#4236,#4237),.UNSPECIFIED.,.T.,.F.) B_SPLINE_CURVE_WITH_KNOTS((1,2
    ,2,2,2,1),(-2.094395102393,0.,2.094395102393,4.188790204786,
6.28318530718,8.377580409573),.UNSPECIFIED.) CURVE() 
GEOMETRIC_REPRESENTATION_ITEM() RATIONAL_B_SPLINE_CURVE((1.,0.5,1.,0.5,
1.,0.5,1.)) REPRESENTATION_ITEM('') );
#4231 = CARTESIAN_POINT('',(31.460313,50.345448));
#4232 = CARTESIAN_POINT('',(31.460313,49.479424328266));
#4233 = CARTESIAN_POINT('',(30.7103145,49.912436164133));
#4234 = CARTESIAN_POINT('',(29.960316,50.345448));
#4235 = CARTESIAN_POINT('',(30.7103145,50.778459835867));
#4236 = CARTESIAN_POINT('',(31.460313,51.211471671734));
#4237 = CARTESIAN_POINT('',(31.460313,50.345448));
#4238 = ( GEOMETRIC_REPRESENTATION_CONTEXT(2) 
PARAMETRIC_REPRESENTATION_CONTEXT() REPRESENTATION_CONTEXT('2D SPACE',''
  ) );
#4239 = PCURVE('',#1684,#4240);
#4240 = DEFINITIONAL_REPRESENTATION('',(#4241),#4245);
#4241 = LINE('',#4242,#4243);
#4242 = CARTESIAN_POINT('',(-6.28318530718,-0.1));
#4243 = VECTOR('',#4244,1.);
#4244 = DIRECTION('',(1.,-0.));
#4245 = ( GEOMETRIC_REPRESENTATION_CONTEXT(2) 
PARAMETRIC_REPRESENTATION_CONTEXT() REPRESENTATION_CONTEXT('2D SPACE',''
  ) );
#4246 = FACE_BOUND('',#4247,.F.);
#4247 = EDGE_LOOP('',(#4248));
#4248 = ORIENTED_EDGE('',*,*,#4249,.T.);
#4249 = EDGE_CURVE('',#4250,#4250,#4252,.T.);
#4250 = VERTEX_POINT('',#4251);
#4251 = CARTESIAN_POINT('',(34.000313,-22.704552,0.));
#4252 = SURFACE_CURVE('',#4253,(#4258,#4269),.PCURVE_S1.);
#4253 = CIRCLE('',#4254,0.499999);
#4254 = AXIS2_PLACEMENT_3D('',#4255,#4256,#4257);
#4255 = CARTESIAN_POINT('',(33.500314,-22.704552,0.));
#4256 = DIRECTION('',(0.,0.,-1.));
#4257 = DIRECTION('',(1.,0.,0.));
#4258 = PCURVE('',#210,#4259);
#4259 = DEFINITIONAL_REPRESENTATION('',(#4260),#4268);
#4260 = ( BOUNDED_CURVE() B_SPLINE_CURVE(2,(#4261,#4262,#4263,#4264,
#4265,#4266,#4267),.UNSPECIFIED.,.T.,.F.) B_SPLINE_CURVE_WITH_KNOTS((1,2
    ,2,2,2,1),(-2.094395102393,0.,2.094395102393,4.188790204786,
6.28318530718,8.377580409573),.UNSPECIFIED.) CURVE() 
GEOMETRIC_REPRESENTATION_ITEM() RATIONAL_B_SPLINE_CURVE((1.,0.5,1.,0.5,
1.,0.5,1.)) REPRESENTATION_ITEM('') );
#4261 = CARTESIAN_POINT('',(34.000313,50.345448));
#4262 = CARTESIAN_POINT('',(34.000313,49.479424328266));
#4263 = CARTESIAN_POINT('',(33.2503145,49.912436164133));
#4264 = CARTESIAN_POINT('',(32.500316,50.345448));
#4265 = CARTESIAN_POINT('',(33.2503145,50.778459835867));
#4266 = CARTESIAN_POINT('',(34.000313,51.211471671734));
#4267 = CARTESIAN_POINT('',(34.000313,50.345448));
#4268 = ( GEOMETRIC_REPRESENTATION_CONTEXT(2) 
PARAMETRIC_REPRESENTATION_CONTEXT() REPRESENTATION_CONTEXT('2D SPACE',''
  ) );
#4269 = PCURVE('',#1719,#4270);
#4270 = DEFINITIONAL_REPRESENTATION('',(#4271),#4275);
#4271 = LINE('',#4272,#4273);
#4272 = CARTESIAN_POINT('',(-6.28318530718,-0.1));
#4273 = VECTOR('',#4274,1.);
#4274 = DIRECTION('',(1.,-0.));
#4275 = ( GEOMETRIC_REPRESENTATION_CONTEXT(2) 
PARAMETRIC_REPRESENTATION_CONTEXT() REPRESENTATION_CONTEXT('2D SPACE',''
  ) );
#4276 = FACE_BOUND('',#4277,.F.);
#4277 = EDGE_LOOP('',(#4278));
#4278 = ORIENTED_EDGE('',*,*,#4279,.T.);
#4279 = EDGE_CURVE('',#4280,#4280,#4282,.T.);
#4280 = VERTEX_POINT('',#4281);
#4281 = CARTESIAN_POINT('',(36.540313,-22.704552,0.));
#4282 = SURFACE_CURVE('',#4283,(#4288,#4299),.PCURVE_S1.);
#4283 = CIRCLE('',#4284,0.499999);
#4284 = AXIS2_PLACEMENT_3D('',#4285,#4286,#4287);
#4285 = CARTESIAN_POINT('',(36.040314,-22.704552,0.));
#4286 = DIRECTION('',(0.,0.,-1.));
#4287 = DIRECTION('',(1.,0.,0.));
#4288 = PCURVE('',#210,#4289);
#4289 = DEFINITIONAL_REPRESENTATION('',(#4290),#4298);
#4290 = ( BOUNDED_CURVE() B_SPLINE_CURVE(2,(#4291,#4292,#4293,#4294,
#4295,#4296,#4297),.UNSPECIFIED.,.T.,.F.) B_SPLINE_CURVE_WITH_KNOTS((1,2
    ,2,2,2,1),(-2.094395102393,0.,2.094395102393,4.188790204786,
6.28318530718,8.377580409573),.UNSPECIFIED.) CURVE() 
GEOMETRIC_REPRESENTATION_ITEM() RATIONAL_B_SPLINE_CURVE((1.,0.5,1.,0.5,
1.,0.5,1.)) REPRESENTATION_ITEM('') );
#4291 = CARTESIAN_POINT('',(36.540313,50.345448));
#4292 = CARTESIAN_POINT('',(36.540313,49.479424328266));
#4293 = CARTESIAN_POINT('',(35.7903145,49.912436164133));
#4294 = CARTESIAN_POINT('',(35.040316,50.345448));
#4295 = CARTESIAN_POINT('',(35.7903145,50.778459835867));
#4296 = CARTESIAN_POINT('',(36.540313,51.211471671734));
#4297 = CARTESIAN_POINT('',(36.540313,50.345448));
#4298 = ( GEOMETRIC_REPRESENTATION_CONTEXT(2) 
PARAMETRIC_REPRESENTATION_CONTEXT() REPRESENTATION_CONTEXT('2D SPACE',''
  ) );
#4299 = PCURVE('',#1754,#4300);
#4300 = DEFINITIONAL_REPRESENTATION('',(#4301),#4305);
#4301 = LINE('',#4302,#4303);
#4302 = CARTESIAN_POINT('',(-6.28318530718,-0.1));
#4303 = VECTOR('',#4304,1.);
#4304 = DIRECTION('',(1.,-0.));
#4305 = ( GEOMETRIC_REPRESENTATION_CONTEXT(2) 
PARAMETRIC_REPRESENTATION_CONTEXT() REPRESENTATION_CONTEXT('2D SPACE',''
  ) );
#4306 = FACE_BOUND('',#4307,.F.);
#4307 = EDGE_LOOP('',(#4308));
#4308 = ORIENTED_EDGE('',*,*,#4309,.T.);
#4309 = EDGE_CURVE('',#4310,#4310,#4312,.T.);
#4310 = VERTEX_POINT('',#4311);
#4311 = CARTESIAN_POINT('',(39.080313,-22.704552,0.));
#4312 = SURFACE_CURVE('',#4313,(#4318,#4329),.PCURVE_S1.);
#4313 = CIRCLE('',#4314,0.499999);
#4314 = AXIS2_PLACEMENT_3D('',#4315,#4316,#4317);
#4315 = CARTESIAN_POINT('',(38.580314,-22.704552,0.));
#4316 = DIRECTION('',(0.,0.,-1.));
#4317 = DIRECTION('',(1.,0.,0.));
#4318 = PCURVE('',#210,#4319);
#4319 = DEFINITIONAL_REPRESENTATION('',(#4320),#4328);
#4320 = ( BOUNDED_CURVE() B_SPLINE_CURVE(2,(#4321,#4322,#4323,#4324,
#4325,#4326,#4327),.UNSPECIFIED.,.T.,.F.) B_SPLINE_CURVE_WITH_KNOTS((1,2
    ,2,2,2,1),(-2.094395102393,0.,2.094395102393,4.188790204786,
6.28318530718,8.377580409573),.UNSPECIFIED.) CURVE() 
GEOMETRIC_REPRESENTATION_ITEM() RATIONAL_B_SPLINE_CURVE((1.,0.5,1.,0.5,
1.,0.5,1.)) REPRESENTATION_ITEM('') );
#4321 = CARTESIAN_POINT('',(39.080313,50.345448));
#4322 = CARTESIAN_POINT('',(39.080313,49.479424328266));
#4323 = CARTESIAN_POINT('',(38.3303145,49.912436164133));
#4324 = CARTESIAN_POINT('',(37.580316,50.345448));
#4325 = CARTESIAN_POINT('',(38.3303145,50.778459835867));
#4326 = CARTESIAN_POINT('',(39.080313,51.211471671734));
#4327 = CARTESIAN_POINT('',(39.080313,50.345448));
#4328 = ( GEOMETRIC_REPRESENTATION_CONTEXT(2) 
PARAMETRIC_REPRESENTATION_CONTEXT() REPRESENTATION_CONTEXT('2D SPACE',''
  ) );
#4329 = PCURVE('',#1789,#4330);
#4330 = DEFINITIONAL_REPRESENTATION('',(#4331),#4335);
#4331 = LINE('',#4332,#4333);
#4332 = CARTESIAN_POINT('',(-6.28318530718,-0.1));
#4333 = VECTOR('',#4334,1.);
#4334 = DIRECTION('',(1.,-0.));
#4335 = ( GEOMETRIC_REPRESENTATION_CONTEXT(2) 
PARAMETRIC_REPRESENTATION_CONTEXT() REPRESENTATION_CONTEXT('2D SPACE',''
  ) );
#4336 = FACE_BOUND('',#4337,.F.);
#4337 = EDGE_LOOP('',(#4338));
#4338 = ORIENTED_EDGE('',*,*,#4339,.T.);
#4339 = EDGE_CURVE('',#4340,#4340,#4342,.T.);
#4340 = VERTEX_POINT('',#4341);
#4341 = CARTESIAN_POINT('',(42.498899,-21.614892,0.));
#4342 = SURFACE_CURVE('',#4343,(#4348,#4359),.PCURVE_S1.);
#4343 = CIRCLE('',#4344,0.499999);
#4344 = AXIS2_PLACEMENT_3D('',#4345,#4346,#4347);
#4345 = CARTESIAN_POINT('',(41.9989,-21.614892,0.));
#4346 = DIRECTION('',(0.,0.,-1.));
#4347 = DIRECTION('',(1.,0.,0.));
#4348 = PCURVE('',#210,#4349);
#4349 = DEFINITIONAL_REPRESENTATION('',(#4350),#4358);
#4350 = ( BOUNDED_CURVE() B_SPLINE_CURVE(2,(#4351,#4352,#4353,#4354,
#4355,#4356,#4357),.UNSPECIFIED.,.T.,.F.) B_SPLINE_CURVE_WITH_KNOTS((1,2
    ,2,2,2,1),(-2.094395102393,0.,2.094395102393,4.188790204786,
6.28318530718,8.377580409573),.UNSPECIFIED.) CURVE() 
GEOMETRIC_REPRESENTATION_ITEM() RATIONAL_B_SPLINE_CURVE((1.,0.5,1.,0.5,
1.,0.5,1.)) REPRESENTATION_ITEM('') );
#4351 = CARTESIAN_POINT('',(42.498899,51.435108));
#4352 = CARTESIAN_POINT('',(42.498899,50.569084328266));
#4353 = CARTESIAN_POINT('',(41.7489005,51.002096164133));
#4354 = CARTESIAN_POINT('',(40.998902,51.435108));
#4355 = CARTESIAN_POINT('',(41.7489005,51.868119835867));
#4356 = CARTESIAN_POINT('',(42.498899,52.301131671734));
#4357 = CARTESIAN_POINT('',(42.498899,51.435108));
#4358 = ( GEOMETRIC_REPRESENTATION_CONTEXT(2) 
PARAMETRIC_REPRESENTATION_CONTEXT() REPRESENTATION_CONTEXT('2D SPACE',''
  ) );
#4359 = PCURVE('',#1824,#4360);
#4360 = DEFINITIONAL_REPRESENTATION('',(#4361),#4365);
#4361 = LINE('',#4362,#4363);
#4362 = CARTESIAN_POINT('',(-6.28318530718,-0.1));
#4363 = VECTOR('',#4364,1.);
#4364 = DIRECTION('',(1.,-0.));
#4365 = ( GEOMETRIC_REPRESENTATION_CONTEXT(2) 
PARAMETRIC_REPRESENTATION_CONTEXT() REPRESENTATION_CONTEXT('2D SPACE',''
  ) );
#4366 = FACE_BOUND('',#4367,.F.);
#4367 = EDGE_LOOP('',(#4368));
#4368 = ORIENTED_EDGE('',*,*,#4369,.T.);
#4369 = EDGE_CURVE('',#4370,#4370,#4372,.T.);
#4370 = VERTEX_POINT('',#4371);
#4371 = CARTESIAN_POINT('',(42.498899,-19.074892,0.));
#4372 = SURFACE_CURVE('',#4373,(#4378,#4389),.PCURVE_S1.);
#4373 = CIRCLE('',#4374,0.499999);
#4374 = AXIS2_PLACEMENT_3D('',#4375,#4376,#4377);
#4375 = CARTESIAN_POINT('',(41.9989,-19.074892,0.));
#4376 = DIRECTION('',(0.,0.,-1.));
#4377 = DIRECTION('',(1.,0.,0.));
#4378 = PCURVE('',#210,#4379);
#4379 = DEFINITIONAL_REPRESENTATION('',(#4380),#4388);
#4380 = ( BOUNDED_CURVE() B_SPLINE_CURVE(2,(#4381,#4382,#4383,#4384,
#4385,#4386,#4387),.UNSPECIFIED.,.T.,.F.) B_SPLINE_CURVE_WITH_KNOTS((1,2
    ,2,2,2,1),(-2.094395102393,0.,2.094395102393,4.188790204786,
6.28318530718,8.377580409573),.UNSPECIFIED.) CURVE() 
GEOMETRIC_REPRESENTATION_ITEM() RATIONAL_B_SPLINE_CURVE((1.,0.5,1.,0.5,
1.,0.5,1.)) REPRESENTATION_ITEM('') );
#4381 = CARTESIAN_POINT('',(42.498899,53.975108));
#4382 = CARTESIAN_POINT('',(42.498899,53.109084328266));
#4383 = CARTESIAN_POINT('',(41.7489005,53.542096164133));
#4384 = CARTESIAN_POINT('',(40.998902,53.975108));
#4385 = CARTESIAN_POINT('',(41.7489005,54.408119835867));
#4386 = CARTESIAN_POINT('',(42.498899,54.841131671734));
#4387 = CARTESIAN_POINT('',(42.498899,53.975108));
#4388 = ( GEOMETRIC_REPRESENTATION_CONTEXT(2) 
PARAMETRIC_REPRESENTATION_CONTEXT() REPRESENTATION_CONTEXT('2D SPACE',''
  ) );
#4389 = PCURVE('',#1859,#4390);
#4390 = DEFINITIONAL_REPRESENTATION('',(#4391),#4395);
#4391 = LINE('',#4392,#4393);
#4392 = CARTESIAN_POINT('',(-6.28318530718,-0.1));
#4393 = VECTOR('',#4394,1.);
#4394 = DIRECTION('',(1.,-0.));
#4395 = ( GEOMETRIC_REPRESENTATION_CONTEXT(2) 
PARAMETRIC_REPRESENTATION_CONTEXT() REPRESENTATION_CONTEXT('2D SPACE',''
  ) );
#4396 = FACE_BOUND('',#4397,.F.);
#4397 = EDGE_LOOP('',(#4398));
#4398 = ORIENTED_EDGE('',*,*,#4399,.T.);
#4399 = EDGE_CURVE('',#4400,#4400,#4402,.T.);
#4400 = VERTEX_POINT('',#4401);
#4401 = CARTESIAN_POINT('',(10.8843572,-13.751306,0.));
#4402 = SURFACE_CURVE('',#4403,(#4408,#4419),.PCURVE_S1.);
#4403 = CIRCLE('',#4404,0.7500112);
#4404 = AXIS2_PLACEMENT_3D('',#4405,#4406,#4407);
#4405 = CARTESIAN_POINT('',(10.134346,-13.751306,0.));
#4406 = DIRECTION('',(0.,0.,-1.));
#4407 = DIRECTION('',(1.,0.,0.));
#4408 = PCURVE('',#210,#4409);
#4409 = DEFINITIONAL_REPRESENTATION('',(#4410),#4418);
#4410 = ( BOUNDED_CURVE() B_SPLINE_CURVE(2,(#4411,#4412,#4413,#4414,
#4415,#4416,#4417),.UNSPECIFIED.,.T.,.F.) B_SPLINE_CURVE_WITH_KNOTS((1,2
    ,2,2,2,1),(-2.094395102393,0.,2.094395102393,4.188790204786,
6.28318530718,8.377580409573),.UNSPECIFIED.) CURVE() 
GEOMETRIC_REPRESENTATION_ITEM() RATIONAL_B_SPLINE_CURVE((1.,0.5,1.,0.5,
1.,0.5,1.)) REPRESENTATION_ITEM('') );
#4411 = CARTESIAN_POINT('',(10.8843572,59.298694));
#4412 = CARTESIAN_POINT('',(10.8843572,57.999636495354));
#4413 = CARTESIAN_POINT('',(9.7593404,58.649165247677));
#4414 = CARTESIAN_POINT('',(8.6343236,59.298694));
#4415 = CARTESIAN_POINT('',(9.7593404,59.948222752323));
#4416 = CARTESIAN_POINT('',(10.8843572,60.597751504646));
#4417 = CARTESIAN_POINT('',(10.8843572,59.298694));
#4418 = ( GEOMETRIC_REPRESENTATION_CONTEXT(2) 
PARAMETRIC_REPRESENTATION_CONTEXT() REPRESENTATION_CONTEXT('2D SPACE',''
  ) );
#4419 = PCURVE('',#1894,#4420);
#4420 = DEFINITIONAL_REPRESENTATION('',(#4421),#4425);
#4421 = LINE('',#4422,#4423);
#4422 = CARTESIAN_POINT('',(-6.28318530718,-0.1));
#4423 = VECTOR('',#4424,1.);
#4424 = DIRECTION('',(1.,-0.));
#4425 = ( GEOMETRIC_REPRESENTATION_CONTEXT(2) 
PARAMETRIC_REPRESENTATION_CONTEXT() REPRESENTATION_CONTEXT('2D SPACE',''
  ) );
#4426 = FACE_BOUND('',#4427,.F.);
#4427 = EDGE_LOOP('',(#4428));
#4428 = ORIENTED_EDGE('',*,*,#4429,.T.);
#4429 = EDGE_CURVE('',#4430,#4430,#4432,.T.);
#4430 = VERTEX_POINT('',#4431);
#4431 = CARTESIAN_POINT('',(21.8850972,-13.751306,0.));
#4432 = SURFACE_CURVE('',#4433,(#4438,#4449),.PCURVE_S1.);
#4433 = CIRCLE('',#4434,0.7500112);
#4434 = AXIS2_PLACEMENT_3D('',#4435,#4436,#4437);
#4435 = CARTESIAN_POINT('',(21.135086,-13.751306,0.));
#4436 = DIRECTION('',(0.,0.,-1.));
#4437 = DIRECTION('',(1.,0.,0.));
#4438 = PCURVE('',#210,#4439);
#4439 = DEFINITIONAL_REPRESENTATION('',(#4440),#4448);
#4440 = ( BOUNDED_CURVE() B_SPLINE_CURVE(2,(#4441,#4442,#4443,#4444,
#4445,#4446,#4447),.UNSPECIFIED.,.T.,.F.) B_SPLINE_CURVE_WITH_KNOTS((1,2
    ,2,2,2,1),(-2.094395102393,0.,2.094395102393,4.188790204786,
6.28318530718,8.377580409573),.UNSPECIFIED.) CURVE() 
GEOMETRIC_REPRESENTATION_ITEM() RATIONAL_B_SPLINE_CURVE((1.,0.5,1.,0.5,
1.,0.5,1.)) REPRESENTATION_ITEM('') );
#4441 = CARTESIAN_POINT('',(21.8850972,59.298694));
#4442 = CARTESIAN_POINT('',(21.8850972,57.999636495354));
#4443 = CARTESIAN_POINT('',(20.7600804,58.649165247677));
#4444 = CARTESIAN_POINT('',(19.6350636,59.298694));
#4445 = CARTESIAN_POINT('',(20.7600804,59.948222752323));
#4446 = CARTESIAN_POINT('',(21.8850972,60.597751504646));
#4447 = CARTESIAN_POINT('',(21.8850972,59.298694));
#4448 = ( GEOMETRIC_REPRESENTATION_CONTEXT(2) 
PARAMETRIC_REPRESENTATION_CONTEXT() REPRESENTATION_CONTEXT('2D SPACE',''
  ) );
#4449 = PCURVE('',#1929,#4450);
#4450 = DEFINITIONAL_REPRESENTATION('',(#4451),#4455);
#4451 = LINE('',#4452,#4453);
#4452 = CARTESIAN_POINT('',(-6.28318530718,-0.1));
#4453 = VECTOR('',#4454,1.);
#4454 = DIRECTION('',(1.,-0.));
#4455 = ( GEOMETRIC_REPRESENTATION_CONTEXT(2) 
PARAMETRIC_REPRESENTATION_CONTEXT() REPRESENTATION_CONTEXT('2D SPACE',''
  ) );
#4456 = FACE_BOUND('',#4457,.F.);
#4457 = EDGE_LOOP('',(#4458));
#4458 = ORIENTED_EDGE('',*,*,#4459,.T.);
#4459 = EDGE_CURVE('',#4460,#4460,#4462,.T.);
#4460 = VERTEX_POINT('',#4461);
#4461 = CARTESIAN_POINT('',(5.1001168,-3.50012,0.));
#4462 = SURFACE_CURVE('',#4463,(#4468,#4479),.PCURVE_S1.);
#4463 = CIRCLE('',#4464,1.5999968);
#4464 = AXIS2_PLACEMENT_3D('',#4465,#4466,#4467);
#4465 = CARTESIAN_POINT('',(3.50012,-3.50012,0.));
#4466 = DIRECTION('',(0.,0.,-1.));
#4467 = DIRECTION('',(1.,0.,0.));
#4468 = PCURVE('',#210,#4469);
#4469 = DEFINITIONAL_REPRESENTATION('',(#4470),#4478);
#4470 = ( BOUNDED_CURVE() B_SPLINE_CURVE(2,(#4471,#4472,#4473,#4474,
#4475,#4476,#4477),.UNSPECIFIED.,.T.,.F.) B_SPLINE_CURVE_WITH_KNOTS((1,2
    ,2,2,2,1),(-2.094395102393,0.,2.094395102393,4.188790204786,
6.28318530718,8.377580409573),.UNSPECIFIED.) CURVE() 
GEOMETRIC_REPRESENTATION_ITEM() RATIONAL_B_SPLINE_CURVE((1.,0.5,1.,0.5,
1.,0.5,1.)) REPRESENTATION_ITEM('') );
#4471 = CARTESIAN_POINT('',(5.1001168,69.54988));
#4472 = CARTESIAN_POINT('',(5.1001168,66.778604250452));
#4473 = CARTESIAN_POINT('',(2.7001216,68.164242125226));
#4474 = CARTESIAN_POINT('',(0.3001264,69.54988));
#4475 = CARTESIAN_POINT('',(2.7001216,70.935517874774));
#4476 = CARTESIAN_POINT('',(5.1001168,72.321155749548));
#4477 = CARTESIAN_POINT('',(5.1001168,69.54988));
#4478 = ( GEOMETRIC_REPRESENTATION_CONTEXT(2) 
PARAMETRIC_REPRESENTATION_CONTEXT() REPRESENTATION_CONTEXT('2D SPACE',''
  ) );
#4479 = PCURVE('',#1964,#4480);
#4480 = DEFINITIONAL_REPRESENTATION('',(#4481),#4485);
#4481 = LINE('',#4482,#4483);
#4482 = CARTESIAN_POINT('',(-6.28318530718,-0.1));
#4483 = VECTOR('',#4484,1.);
#4484 = DIRECTION('',(1.,-0.));
#4485 = ( GEOMETRIC_REPRESENTATION_CONTEXT(2) 
PARAMETRIC_REPRESENTATION_CONTEXT() REPRESENTATION_CONTEXT('2D SPACE',''
  ) );
#4486 = FACE_BOUND('',#4487,.F.);
#4487 = EDGE_LOOP('',(#4488));
#4488 = ORIENTED_EDGE('',*,*,#4489,.T.);
#4489 = EDGE_CURVE('',#4490,#4490,#4492,.T.);
#4490 = VERTEX_POINT('',#4491);
#4491 = CARTESIAN_POINT('',(13.6840976,-6.750812,0.));
#4492 = SURFACE_CURVE('',#4493,(#4498,#4509),.PCURVE_S1.);
#4493 = CIRCLE('',#4494,0.5500116);
#4494 = AXIS2_PLACEMENT_3D('',#4495,#4496,#4497);
#4495 = CARTESIAN_POINT('',(13.134086,-6.750812,0.));
#4496 = DIRECTION('',(0.,0.,-1.));
#4497 = DIRECTION('',(1.,0.,0.));
#4498 = PCURVE('',#210,#4499);
#4499 = DEFINITIONAL_REPRESENTATION('',(#4500),#4508);
#4500 = ( BOUNDED_CURVE() B_SPLINE_CURVE(2,(#4501,#4502,#4503,#4504,
#4505,#4506,#4507),.UNSPECIFIED.,.T.,.F.) B_SPLINE_CURVE_WITH_KNOTS((1,2
    ,2,2,2,1),(-2.094395102393,0.,2.094395102393,4.188790204786,
6.28318530718,8.377580409573),.UNSPECIFIED.) CURVE() 
GEOMETRIC_REPRESENTATION_ITEM() RATIONAL_B_SPLINE_CURVE((1.,0.5,1.,0.5,
1.,0.5,1.)) REPRESENTATION_ITEM('') );
#4501 = CARTESIAN_POINT('',(13.6840976,66.299188));
#4502 = CARTESIAN_POINT('',(13.6840976,65.346539964048));
#4503 = CARTESIAN_POINT('',(12.8590802,65.822863982024));
#4504 = CARTESIAN_POINT('',(12.0340628,66.299188));
#4505 = CARTESIAN_POINT('',(12.8590802,66.775512017976));
#4506 = CARTESIAN_POINT('',(13.6840976,67.251836035952));
#4507 = CARTESIAN_POINT('',(13.6840976,66.299188));
#4508 = ( GEOMETRIC_REPRESENTATION_CONTEXT(2) 
PARAMETRIC_REPRESENTATION_CONTEXT() REPRESENTATION_CONTEXT('2D SPACE',''
  ) );
#4509 = PCURVE('',#1999,#4510);
#4510 = DEFINITIONAL_REPRESENTATION('',(#4511),#4515);
#4511 = LINE('',#4512,#4513);
#4512 = CARTESIAN_POINT('',(-6.28318530718,-0.1));
#4513 = VECTOR('',#4514,1.);
#4514 = DIRECTION('',(1.,-0.));
#4515 = ( GEOMETRIC_REPRESENTATION_CONTEXT(2) 
PARAMETRIC_REPRESENTATION_CONTEXT() REPRESENTATION_CONTEXT('2D SPACE',''
  ) );
#4516 = FACE_BOUND('',#4517,.F.);
#4517 = EDGE_LOOP('',(#4518));
#4518 = ORIENTED_EDGE('',*,*,#4519,.T.);
#4519 = EDGE_CURVE('',#4520,#4520,#4522,.T.);
#4520 = VERTEX_POINT('',#4521);
#4521 = CARTESIAN_POINT('',(18.6853576,-6.750812,0.));
#4522 = SURFACE_CURVE('',#4523,(#4528,#4539),.PCURVE_S1.);
#4523 = CIRCLE('',#4524,0.5500116);
#4524 = AXIS2_PLACEMENT_3D('',#4525,#4526,#4527);
#4525 = CARTESIAN_POINT('',(18.135346,-6.750812,0.));
#4526 = DIRECTION('',(0.,0.,-1.));
#4527 = DIRECTION('',(1.,0.,0.));
#4528 = PCURVE('',#210,#4529);
#4529 = DEFINITIONAL_REPRESENTATION('',(#4530),#4538);
#4530 = ( BOUNDED_CURVE() B_SPLINE_CURVE(2,(#4531,#4532,#4533,#4534,
#4535,#4536,#4537),.UNSPECIFIED.,.T.,.F.) B_SPLINE_CURVE_WITH_KNOTS((1,2
    ,2,2,2,1),(-2.094395102393,0.,2.094395102393,4.188790204786,
6.28318530718,8.377580409573),.UNSPECIFIED.) CURVE() 
GEOMETRIC_REPRESENTATION_ITEM() RATIONAL_B_SPLINE_CURVE((1.,0.5,1.,0.5,
1.,0.5,1.)) REPRESENTATION_ITEM('') );
#4531 = CARTESIAN_POINT('',(18.6853576,66.299188));
#4532 = CARTESIAN_POINT('',(18.6853576,65.346539964048));
#4533 = CARTESIAN_POINT('',(17.8603402,65.822863982024));
#4534 = CARTESIAN_POINT('',(17.0353228,66.299188));
#4535 = CARTESIAN_POINT('',(17.8603402,66.775512017976));
#4536 = CARTESIAN_POINT('',(18.6853576,67.251836035952));
#4537 = CARTESIAN_POINT('',(18.6853576,66.299188));
#4538 = ( GEOMETRIC_REPRESENTATION_CONTEXT(2) 
PARAMETRIC_REPRESENTATION_CONTEXT() REPRESENTATION_CONTEXT('2D SPACE',''
  ) );
#4539 = PCURVE('',#2034,#4540);
#4540 = DEFINITIONAL_REPRESENTATION('',(#4541),#4545);
#4541 = LINE('',#4542,#4543);
#4542 = CARTESIAN_POINT('',(-6.28318530718,-0.1));
#4543 = VECTOR('',#4544,1.);
#4544 = DIRECTION('',(1.,-0.));
#4545 = ( GEOMETRIC_REPRESENTATION_CONTEXT(2) 
PARAMETRIC_REPRESENTATION_CONTEXT() REPRESENTATION_CONTEXT('2D SPACE',''
  ) );
#4546 = FACE_BOUND('',#4547,.F.);
#4547 = EDGE_LOOP('',(#4548));
#4548 = ORIENTED_EDGE('',*,*,#4549,.T.);
#4549 = EDGE_CURVE('',#4550,#4550,#4552,.T.);
#4550 = VERTEX_POINT('',#4551);
#4551 = CARTESIAN_POINT('',(25.498679,-16.534892,0.));
#4552 = SURFACE_CURVE('',#4553,(#4558,#4569),.PCURVE_S1.);
#4553 = CIRCLE('',#4554,0.499999);
#4554 = AXIS2_PLACEMENT_3D('',#4555,#4556,#4557);
#4555 = CARTESIAN_POINT('',(24.99868,-16.534892,0.));
#4556 = DIRECTION('',(0.,0.,-1.));
#4557 = DIRECTION('',(1.,0.,0.));
#4558 = PCURVE('',#210,#4559);
#4559 = DEFINITIONAL_REPRESENTATION('',(#4560),#4568);
#4560 = ( BOUNDED_CURVE() B_SPLINE_CURVE(2,(#4561,#4562,#4563,#4564,
#4565,#4566,#4567),.UNSPECIFIED.,.T.,.F.) B_SPLINE_CURVE_WITH_KNOTS((1,2
    ,2,2,2,1),(-2.094395102393,0.,2.094395102393,4.188790204786,
6.28318530718,8.377580409573),.UNSPECIFIED.) CURVE() 
GEOMETRIC_REPRESENTATION_ITEM() RATIONAL_B_SPLINE_CURVE((1.,0.5,1.,0.5,
1.,0.5,1.)) REPRESENTATION_ITEM('') );
#4561 = CARTESIAN_POINT('',(25.498679,56.515108));
#4562 = CARTESIAN_POINT('',(25.498679,55.649084328266));
#4563 = CARTESIAN_POINT('',(24.7486805,56.082096164133));
#4564 = CARTESIAN_POINT('',(23.998682,56.515108));
#4565 = CARTESIAN_POINT('',(24.7486805,56.948119835867));
#4566 = CARTESIAN_POINT('',(25.498679,57.381131671734));
#4567 = CARTESIAN_POINT('',(25.498679,56.515108));
#4568 = ( GEOMETRIC_REPRESENTATION_CONTEXT(2) 
PARAMETRIC_REPRESENTATION_CONTEXT() REPRESENTATION_CONTEXT('2D SPACE',''
  ) );
#4569 = PCURVE('',#2069,#4570);
#4570 = DEFINITIONAL_REPRESENTATION('',(#4571),#4575);
#4571 = LINE('',#4572,#4573);
#4572 = CARTESIAN_POINT('',(-6.28318530718,-0.1));
#4573 = VECTOR('',#4574,1.);
#4574 = DIRECTION('',(1.,-0.));
#4575 = ( GEOMETRIC_REPRESENTATION_CONTEXT(2) 
PARAMETRIC_REPRESENTATION_CONTEXT() REPRESENTATION_CONTEXT('2D SPACE',''
  ) );
#4576 = FACE_BOUND('',#4577,.F.);
#4577 = EDGE_LOOP('',(#4578));
#4578 = ORIENTED_EDGE('',*,*,#4579,.T.);
#4579 = EDGE_CURVE('',#4580,#4580,#4582,.T.);
#4580 = VERTEX_POINT('',#4581);
#4581 = CARTESIAN_POINT('',(25.498679,-13.994892,0.));
#4582 = SURFACE_CURVE('',#4583,(#4588,#4599),.PCURVE_S1.);
#4583 = CIRCLE('',#4584,0.499999);
#4584 = AXIS2_PLACEMENT_3D('',#4585,#4586,#4587);
#4585 = CARTESIAN_POINT('',(24.99868,-13.994892,0.));
#4586 = DIRECTION('',(0.,0.,-1.));
#4587 = DIRECTION('',(1.,0.,0.));
#4588 = PCURVE('',#210,#4589);
#4589 = DEFINITIONAL_REPRESENTATION('',(#4590),#4598);
#4590 = ( BOUNDED_CURVE() B_SPLINE_CURVE(2,(#4591,#4592,#4593,#4594,
#4595,#4596,#4597),.UNSPECIFIED.,.T.,.F.) B_SPLINE_CURVE_WITH_KNOTS((1,2
    ,2,2,2,1),(-2.094395102393,0.,2.094395102393,4.188790204786,
6.28318530718,8.377580409573),.UNSPECIFIED.) CURVE() 
GEOMETRIC_REPRESENTATION_ITEM() RATIONAL_B_SPLINE_CURVE((1.,0.5,1.,0.5,
1.,0.5,1.)) REPRESENTATION_ITEM('') );
#4591 = CARTESIAN_POINT('',(25.498679,59.055108));
#4592 = CARTESIAN_POINT('',(25.498679,58.189084328266));
#4593 = CARTESIAN_POINT('',(24.7486805,58.622096164133));
#4594 = CARTESIAN_POINT('',(23.998682,59.055108));
#4595 = CARTESIAN_POINT('',(24.7486805,59.488119835867));
#4596 = CARTESIAN_POINT('',(25.498679,59.921131671734));
#4597 = CARTESIAN_POINT('',(25.498679,59.055108));
#4598 = ( GEOMETRIC_REPRESENTATION_CONTEXT(2) 
PARAMETRIC_REPRESENTATION_CONTEXT() REPRESENTATION_CONTEXT('2D SPACE',''
  ) );
#4599 = PCURVE('',#2104,#4600);
#4600 = DEFINITIONAL_REPRESENTATION('',(#4601),#4605);
#4601 = LINE('',#4602,#4603);
#4602 = CARTESIAN_POINT('',(-6.28318530718,-0.1));
#4603 = VECTOR('',#4604,1.);
#4604 = DIRECTION('',(1.,-0.));
#4605 = ( GEOMETRIC_REPRESENTATION_CONTEXT(2) 
PARAMETRIC_REPRESENTATION_CONTEXT() REPRESENTATION_CONTEXT('2D SPACE',''
  ) );
#4606 = FACE_BOUND('',#4607,.F.);
#4607 = EDGE_LOOP('',(#4608));
#4608 = ORIENTED_EDGE('',*,*,#4609,.T.);
#4609 = EDGE_CURVE('',#4610,#4610,#4612,.T.);
#4610 = VERTEX_POINT('',#4611);
#4611 = CARTESIAN_POINT('',(25.498679,-11.454892,0.));
#4612 = SURFACE_CURVE('',#4613,(#4618,#4629),.PCURVE_S1.);
#4613 = CIRCLE('',#4614,0.499999);
#4614 = AXIS2_PLACEMENT_3D('',#4615,#4616,#4617);
#4615 = CARTESIAN_POINT('',(24.99868,-11.454892,0.));
#4616 = DIRECTION('',(0.,0.,-1.));
#4617 = DIRECTION('',(1.,0.,0.));
#4618 = PCURVE('',#210,#4619);
#4619 = DEFINITIONAL_REPRESENTATION('',(#4620),#4628);
#4620 = ( BOUNDED_CURVE() B_SPLINE_CURVE(2,(#4621,#4622,#4623,#4624,
#4625,#4626,#4627),.UNSPECIFIED.,.T.,.F.) B_SPLINE_CURVE_WITH_KNOTS((1,2
    ,2,2,2,1),(-2.094395102393,0.,2.094395102393,4.188790204786,
6.28318530718,8.377580409573),.UNSPECIFIED.) CURVE() 
GEOMETRIC_REPRESENTATION_ITEM() RATIONAL_B_SPLINE_CURVE((1.,0.5,1.,0.5,
1.,0.5,1.)) REPRESENTATION_ITEM('') );
#4621 = CARTESIAN_POINT('',(25.498679,61.595108));
#4622 = CARTESIAN_POINT('',(25.498679,60.729084328266));
#4623 = CARTESIAN_POINT('',(24.7486805,61.162096164133));
#4624 = CARTESIAN_POINT('',(23.998682,61.595108));
#4625 = CARTESIAN_POINT('',(24.7486805,62.028119835867));
#4626 = CARTESIAN_POINT('',(25.498679,62.461131671734));
#4627 = CARTESIAN_POINT('',(25.498679,61.595108));
#4628 = ( GEOMETRIC_REPRESENTATION_CONTEXT(2) 
PARAMETRIC_REPRESENTATION_CONTEXT() REPRESENTATION_CONTEXT('2D SPACE',''
  ) );
#4629 = PCURVE('',#2139,#4630);
#4630 = DEFINITIONAL_REPRESENTATION('',(#4631),#4635);
#4631 = LINE('',#4632,#4633);
#4632 = CARTESIAN_POINT('',(-6.28318530718,-0.1));
#4633 = VECTOR('',#4634,1.);
#4634 = DIRECTION('',(1.,-0.));
#4635 = ( GEOMETRIC_REPRESENTATION_CONTEXT(2) 
PARAMETRIC_REPRESENTATION_CONTEXT() REPRESENTATION_CONTEXT('2D SPACE',''
  ) );
#4636 = FACE_BOUND('',#4637,.F.);
#4637 = EDGE_LOOP('',(#4638));
#4638 = ORIENTED_EDGE('',*,*,#4639,.T.);
#4639 = EDGE_CURVE('',#4640,#4640,#4642,.T.);
#4640 = VERTEX_POINT('',#4641);
#4641 = CARTESIAN_POINT('',(42.498899,-16.534892,0.));
#4642 = SURFACE_CURVE('',#4643,(#4648,#4659),.PCURVE_S1.);
#4643 = CIRCLE('',#4644,0.499999);
#4644 = AXIS2_PLACEMENT_3D('',#4645,#4646,#4647);
#4645 = CARTESIAN_POINT('',(41.9989,-16.534892,0.));
#4646 = DIRECTION('',(0.,0.,-1.));
#4647 = DIRECTION('',(1.,0.,0.));
#4648 = PCURVE('',#210,#4649);
#4649 = DEFINITIONAL_REPRESENTATION('',(#4650),#4658);
#4650 = ( BOUNDED_CURVE() B_SPLINE_CURVE(2,(#4651,#4652,#4653,#4654,
#4655,#4656,#4657),.UNSPECIFIED.,.T.,.F.) B_SPLINE_CURVE_WITH_KNOTS((1,2
    ,2,2,2,1),(-2.094395102393,0.,2.094395102393,4.188790204786,
6.28318530718,8.377580409573),.UNSPECIFIED.) CURVE() 
GEOMETRIC_REPRESENTATION_ITEM() RATIONAL_B_SPLINE_CURVE((1.,0.5,1.,0.5,
1.,0.5,1.)) REPRESENTATION_ITEM('') );
#4651 = CARTESIAN_POINT('',(42.498899,56.515108));
#4652 = CARTESIAN_POINT('',(42.498899,55.649084328266));
#4653 = CARTESIAN_POINT('',(41.7489005,56.082096164133));
#4654 = CARTESIAN_POINT('',(40.998902,56.515108));
#4655 = CARTESIAN_POINT('',(41.7489005,56.948119835867));
#4656 = CARTESIAN_POINT('',(42.498899,57.381131671734));
#4657 = CARTESIAN_POINT('',(42.498899,56.515108));
#4658 = ( GEOMETRIC_REPRESENTATION_CONTEXT(2) 
PARAMETRIC_REPRESENTATION_CONTEXT() REPRESENTATION_CONTEXT('2D SPACE',''
  ) );
#4659 = PCURVE('',#2174,#4660);
#4660 = DEFINITIONAL_REPRESENTATION('',(#4661),#4665);
#4661 = LINE('',#4662,#4663);
#4662 = CARTESIAN_POINT('',(-6.28318530718,-0.1));
#4663 = VECTOR('',#4664,1.);
#4664 = DIRECTION('',(1.,-0.));
#4665 = ( GEOMETRIC_REPRESENTATION_CONTEXT(2) 
PARAMETRIC_REPRESENTATION_CONTEXT() REPRESENTATION_CONTEXT('2D SPACE',''
  ) );
#4666 = FACE_BOUND('',#4667,.F.);
#4667 = EDGE_LOOP('',(#4668));
#4668 = ORIENTED_EDGE('',*,*,#4669,.T.);
#4669 = EDGE_CURVE('',#4670,#4670,#4672,.T.);
#4670 = VERTEX_POINT('',#4671);
#4671 = CARTESIAN_POINT('',(42.498899,-13.994892,0.));
#4672 = SURFACE_CURVE('',#4673,(#4678,#4689),.PCURVE_S1.);
#4673 = CIRCLE('',#4674,0.499999);
#4674 = AXIS2_PLACEMENT_3D('',#4675,#4676,#4677);
#4675 = CARTESIAN_POINT('',(41.9989,-13.994892,0.));
#4676 = DIRECTION('',(0.,0.,-1.));
#4677 = DIRECTION('',(1.,0.,0.));
#4678 = PCURVE('',#210,#4679);
#4679 = DEFINITIONAL_REPRESENTATION('',(#4680),#4688);
#4680 = ( BOUNDED_CURVE() B_SPLINE_CURVE(2,(#4681,#4682,#4683,#4684,
#4685,#4686,#4687),.UNSPECIFIED.,.T.,.F.) B_SPLINE_CURVE_WITH_KNOTS((1,2
    ,2,2,2,1),(-2.094395102393,0.,2.094395102393,4.188790204786,
6.28318530718,8.377580409573),.UNSPECIFIED.) CURVE() 
GEOMETRIC_REPRESENTATION_ITEM() RATIONAL_B_SPLINE_CURVE((1.,0.5,1.,0.5,
1.,0.5,1.)) REPRESENTATION_ITEM('') );
#4681 = CARTESIAN_POINT('',(42.498899,59.055108));
#4682 = CARTESIAN_POINT('',(42.498899,58.189084328266));
#4683 = CARTESIAN_POINT('',(41.7489005,58.622096164133));
#4684 = CARTESIAN_POINT('',(40.998902,59.055108));
#4685 = CARTESIAN_POINT('',(41.7489005,59.488119835867));
#4686 = CARTESIAN_POINT('',(42.498899,59.921131671734));
#4687 = CARTESIAN_POINT('',(42.498899,59.055108));
#4688 = ( GEOMETRIC_REPRESENTATION_CONTEXT(2) 
PARAMETRIC_REPRESENTATION_CONTEXT() REPRESENTATION_CONTEXT('2D SPACE',''
  ) );
#4689 = PCURVE('',#2209,#4690);
#4690 = DEFINITIONAL_REPRESENTATION('',(#4691),#4695);
#4691 = LINE('',#4692,#4693);
#4692 = CARTESIAN_POINT('',(-6.28318530718,-0.1));
#4693 = VECTOR('',#4694,1.);
#4694 = DIRECTION('',(1.,-0.));
#4695 = ( GEOMETRIC_REPRESENTATION_CONTEXT(2) 
PARAMETRIC_REPRESENTATION_CONTEXT() REPRESENTATION_CONTEXT('2D SPACE',''
  ) );
#4696 = FACE_BOUND('',#4697,.F.);
#4697 = EDGE_LOOP('',(#4698));
#4698 = ORIENTED_EDGE('',*,*,#4699,.T.);
#4699 = EDGE_CURVE('',#4700,#4700,#4702,.T.);
#4700 = VERTEX_POINT('',#4701);
#4701 = CARTESIAN_POINT('',(42.498899,-11.454892,0.));
#4702 = SURFACE_CURVE('',#4703,(#4708,#4719),.PCURVE_S1.);
#4703 = CIRCLE('',#4704,0.499999);
#4704 = AXIS2_PLACEMENT_3D('',#4705,#4706,#4707);
#4705 = CARTESIAN_POINT('',(41.9989,-11.454892,0.));
#4706 = DIRECTION('',(0.,0.,-1.));
#4707 = DIRECTION('',(1.,0.,0.));
#4708 = PCURVE('',#210,#4709);
#4709 = DEFINITIONAL_REPRESENTATION('',(#4710),#4718);
#4710 = ( BOUNDED_CURVE() B_SPLINE_CURVE(2,(#4711,#4712,#4713,#4714,
#4715,#4716,#4717),.UNSPECIFIED.,.T.,.F.) B_SPLINE_CURVE_WITH_KNOTS((1,2
    ,2,2,2,1),(-2.094395102393,0.,2.094395102393,4.188790204786,
6.28318530718,8.377580409573),.UNSPECIFIED.) CURVE() 
GEOMETRIC_REPRESENTATION_ITEM() RATIONAL_B_SPLINE_CURVE((1.,0.5,1.,0.5,
1.,0.5,1.)) REPRESENTATION_ITEM('') );
#4711 = CARTESIAN_POINT('',(42.498899,61.595108));
#4712 = CARTESIAN_POINT('',(42.498899,60.729084328266));
#4713 = CARTESIAN_POINT('',(41.7489005,61.162096164133));
#4714 = CARTESIAN_POINT('',(40.998902,61.595108));
#4715 = CARTESIAN_POINT('',(41.7489005,62.028119835867));
#4716 = CARTESIAN_POINT('',(42.498899,62.461131671734));
#4717 = CARTESIAN_POINT('',(42.498899,61.595108));
#4718 = ( GEOMETRIC_REPRESENTATION_CONTEXT(2) 
PARAMETRIC_REPRESENTATION_CONTEXT() REPRESENTATION_CONTEXT('2D SPACE',''
  ) );
#4719 = PCURVE('',#2244,#4720);
#4720 = DEFINITIONAL_REPRESENTATION('',(#4721),#4725);
#4721 = LINE('',#4722,#4723);
#4722 = CARTESIAN_POINT('',(-6.28318530718,-0.1));
#4723 = VECTOR('',#4724,1.);
#4724 = DIRECTION('',(1.,-0.));
#4725 = ( GEOMETRIC_REPRESENTATION_CONTEXT(2) 
PARAMETRIC_REPRESENTATION_CONTEXT() REPRESENTATION_CONTEXT('2D SPACE',''
  ) );
#4726 = FACE_BOUND('',#4727,.F.);
#4727 = EDGE_LOOP('',(#4728));
#4728 = ORIENTED_EDGE('',*,*,#4729,.T.);
#4729 = EDGE_CURVE('',#4730,#4730,#4732,.T.);
#4730 = VERTEX_POINT('',#4731);
#4731 = CARTESIAN_POINT('',(25.498679,-8.914892,0.));
#4732 = SURFACE_CURVE('',#4733,(#4738,#4749),.PCURVE_S1.);
#4733 = CIRCLE('',#4734,0.499999);
#4734 = AXIS2_PLACEMENT_3D('',#4735,#4736,#4737);
#4735 = CARTESIAN_POINT('',(24.99868,-8.914892,0.));
#4736 = DIRECTION('',(0.,0.,-1.));
#4737 = DIRECTION('',(1.,0.,0.));
#4738 = PCURVE('',#210,#4739);
#4739 = DEFINITIONAL_REPRESENTATION('',(#4740),#4748);
#4740 = ( BOUNDED_CURVE() B_SPLINE_CURVE(2,(#4741,#4742,#4743,#4744,
#4745,#4746,#4747),.UNSPECIFIED.,.T.,.F.) B_SPLINE_CURVE_WITH_KNOTS((1,2
    ,2,2,2,1),(-2.094395102393,0.,2.094395102393,4.188790204786,
6.28318530718,8.377580409573),.UNSPECIFIED.) CURVE() 
GEOMETRIC_REPRESENTATION_ITEM() RATIONAL_B_SPLINE_CURVE((1.,0.5,1.,0.5,
1.,0.5,1.)) REPRESENTATION_ITEM('') );
#4741 = CARTESIAN_POINT('',(25.498679,64.135108));
#4742 = CARTESIAN_POINT('',(25.498679,63.269084328266));
#4743 = CARTESIAN_POINT('',(24.7486805,63.702096164133));
#4744 = CARTESIAN_POINT('',(23.998682,64.135108));
#4745 = CARTESIAN_POINT('',(24.7486805,64.568119835867));
#4746 = CARTESIAN_POINT('',(25.498679,65.001131671734));
#4747 = CARTESIAN_POINT('',(25.498679,64.135108));
#4748 = ( GEOMETRIC_REPRESENTATION_CONTEXT(2) 
PARAMETRIC_REPRESENTATION_CONTEXT() REPRESENTATION_CONTEXT('2D SPACE',''
  ) );
#4749 = PCURVE('',#2279,#4750);
#4750 = DEFINITIONAL_REPRESENTATION('',(#4751),#4755);
#4751 = LINE('',#4752,#4753);
#4752 = CARTESIAN_POINT('',(-6.28318530718,-0.1));
#4753 = VECTOR('',#4754,1.);
#4754 = DIRECTION('',(1.,-0.));
#4755 = ( GEOMETRIC_REPRESENTATION_CONTEXT(2) 
PARAMETRIC_REPRESENTATION_CONTEXT() REPRESENTATION_CONTEXT('2D SPACE',''
  ) );
#4756 = FACE_BOUND('',#4757,.F.);
#4757 = EDGE_LOOP('',(#4758));
#4758 = ORIENTED_EDGE('',*,*,#4759,.T.);
#4759 = EDGE_CURVE('',#4760,#4760,#4762,.T.);
#4760 = VERTEX_POINT('',#4761);
#4761 = CARTESIAN_POINT('',(25.498679,-6.374892,0.));
#4762 = SURFACE_CURVE('',#4763,(#4768,#4779),.PCURVE_S1.);
#4763 = CIRCLE('',#4764,0.499999);
#4764 = AXIS2_PLACEMENT_3D('',#4765,#4766,#4767);
#4765 = CARTESIAN_POINT('',(24.99868,-6.374892,0.));
#4766 = DIRECTION('',(0.,0.,-1.));
#4767 = DIRECTION('',(1.,0.,0.));
#4768 = PCURVE('',#210,#4769);
#4769 = DEFINITIONAL_REPRESENTATION('',(#4770),#4778);
#4770 = ( BOUNDED_CURVE() B_SPLINE_CURVE(2,(#4771,#4772,#4773,#4774,
#4775,#4776,#4777),.UNSPECIFIED.,.T.,.F.) B_SPLINE_CURVE_WITH_KNOTS((1,2
    ,2,2,2,1),(-2.094395102393,0.,2.094395102393,4.188790204786,
6.28318530718,8.377580409573),.UNSPECIFIED.) CURVE() 
GEOMETRIC_REPRESENTATION_ITEM() RATIONAL_B_SPLINE_CURVE((1.,0.5,1.,0.5,
1.,0.5,1.)) REPRESENTATION_ITEM('') );
#4771 = CARTESIAN_POINT('',(25.498679,66.675108));
#4772 = CARTESIAN_POINT('',(25.498679,65.809084328266));
#4773 = CARTESIAN_POINT('',(24.7486805,66.242096164133));
#4774 = CARTESIAN_POINT('',(23.998682,66.675108));
#4775 = CARTESIAN_POINT('',(24.7486805,67.108119835867));
#4776 = CARTESIAN_POINT('',(25.498679,67.541131671734));
#4777 = CARTESIAN_POINT('',(25.498679,66.675108));
#4778 = ( GEOMETRIC_REPRESENTATION_CONTEXT(2) 
PARAMETRIC_REPRESENTATION_CONTEXT() REPRESENTATION_CONTEXT('2D SPACE',''
  ) );
#4779 = PCURVE('',#2314,#4780);
#4780 = DEFINITIONAL_REPRESENTATION('',(#4781),#4785);
#4781 = LINE('',#4782,#4783);
#4782 = CARTESIAN_POINT('',(-6.28318530718,-0.1));
#4783 = VECTOR('',#4784,1.);
#4784 = DIRECTION('',(1.,-0.));
#4785 = ( GEOMETRIC_REPRESENTATION_CONTEXT(2) 
PARAMETRIC_REPRESENTATION_CONTEXT() REPRESENTATION_CONTEXT('2D SPACE',''
  ) );
#4786 = FACE_BOUND('',#4787,.F.);
#4787 = EDGE_LOOP('',(#4788));
#4788 = ORIENTED_EDGE('',*,*,#4789,.T.);
#4789 = EDGE_CURVE('',#4790,#4790,#4792,.T.);
#4790 = VERTEX_POINT('',#4791);
#4791 = CARTESIAN_POINT('',(25.498679,-3.834892,0.));
#4792 = SURFACE_CURVE('',#4793,(#4798,#4809),.PCURVE_S1.);
#4793 = CIRCLE('',#4794,0.499999);
#4794 = AXIS2_PLACEMENT_3D('',#4795,#4796,#4797);
#4795 = CARTESIAN_POINT('',(24.99868,-3.834892,0.));
#4796 = DIRECTION('',(0.,0.,-1.));
#4797 = DIRECTION('',(1.,0.,0.));
#4798 = PCURVE('',#210,#4799);
#4799 = DEFINITIONAL_REPRESENTATION('',(#4800),#4808);
#4800 = ( BOUNDED_CURVE() B_SPLINE_CURVE(2,(#4801,#4802,#4803,#4804,
#4805,#4806,#4807),.UNSPECIFIED.,.T.,.F.) B_SPLINE_CURVE_WITH_KNOTS((1,2
    ,2,2,2,1),(-2.094395102393,0.,2.094395102393,4.188790204786,
6.28318530718,8.377580409573),.UNSPECIFIED.) CURVE() 
GEOMETRIC_REPRESENTATION_ITEM() RATIONAL_B_SPLINE_CURVE((1.,0.5,1.,0.5,
1.,0.5,1.)) REPRESENTATION_ITEM('') );
#4801 = CARTESIAN_POINT('',(25.498679,69.215108));
#4802 = CARTESIAN_POINT('',(25.498679,68.349084328266));
#4803 = CARTESIAN_POINT('',(24.7486805,68.782096164133));
#4804 = CARTESIAN_POINT('',(23.998682,69.215108));
#4805 = CARTESIAN_POINT('',(24.7486805,69.648119835867));
#4806 = CARTESIAN_POINT('',(25.498679,70.081131671734));
#4807 = CARTESIAN_POINT('',(25.498679,69.215108));
#4808 = ( GEOMETRIC_REPRESENTATION_CONTEXT(2) 
PARAMETRIC_REPRESENTATION_CONTEXT() REPRESENTATION_CONTEXT('2D SPACE',''
  ) );
#4809 = PCURVE('',#2349,#4810);
#4810 = DEFINITIONAL_REPRESENTATION('',(#4811),#4815);
#4811 = LINE('',#4812,#4813);
#4812 = CARTESIAN_POINT('',(-6.28318530718,-0.1));
#4813 = VECTOR('',#4814,1.);
#4814 = DIRECTION('',(1.,-0.));
#4815 = ( GEOMETRIC_REPRESENTATION_CONTEXT(2) 
PARAMETRIC_REPRESENTATION_CONTEXT() REPRESENTATION_CONTEXT('2D SPACE',''
  ) );
#4816 = FACE_BOUND('',#4817,.F.);
#4817 = EDGE_LOOP('',(#4818));
#4818 = ORIENTED_EDGE('',*,*,#4819,.T.);
#4819 = EDGE_CURVE('',#4820,#4820,#4822,.T.);
#4820 = VERTEX_POINT('',#4821);
#4821 = CARTESIAN_POINT('',(25.498933,-1.294892,0.));
#4822 = SURFACE_CURVE('',#4823,(#4828,#4839),.PCURVE_S1.);
#4823 = CIRCLE('',#4824,0.499999);
#4824 = AXIS2_PLACEMENT_3D('',#4825,#4826,#4827);
#4825 = CARTESIAN_POINT('',(24.998934,-1.294892,0.));
#4826 = DIRECTION('',(0.,0.,-1.));
#4827 = DIRECTION('',(1.,0.,0.));
#4828 = PCURVE('',#210,#4829);
#4829 = DEFINITIONAL_REPRESENTATION('',(#4830),#4838);
#4830 = ( BOUNDED_CURVE() B_SPLINE_CURVE(2,(#4831,#4832,#4833,#4834,
#4835,#4836,#4837),.UNSPECIFIED.,.T.,.F.) B_SPLINE_CURVE_WITH_KNOTS((1,2
    ,2,2,2,1),(-2.094395102393,0.,2.094395102393,4.188790204786,
6.28318530718,8.377580409573),.UNSPECIFIED.) CURVE() 
GEOMETRIC_REPRESENTATION_ITEM() RATIONAL_B_SPLINE_CURVE((1.,0.5,1.,0.5,
1.,0.5,1.)) REPRESENTATION_ITEM('') );
#4831 = CARTESIAN_POINT('',(25.498933,71.755108));
#4832 = CARTESIAN_POINT('',(25.498933,70.889084328266));
#4833 = CARTESIAN_POINT('',(24.7489345,71.322096164133));
#4834 = CARTESIAN_POINT('',(23.998936,71.755108));
#4835 = CARTESIAN_POINT('',(24.7489345,72.188119835867));
#4836 = CARTESIAN_POINT('',(25.498933,72.621131671734));
#4837 = CARTESIAN_POINT('',(25.498933,71.755108));
#4838 = ( GEOMETRIC_REPRESENTATION_CONTEXT(2) 
PARAMETRIC_REPRESENTATION_CONTEXT() REPRESENTATION_CONTEXT('2D SPACE',''
  ) );
#4839 = PCURVE('',#2384,#4840);
#4840 = DEFINITIONAL_REPRESENTATION('',(#4841),#4845);
#4841 = LINE('',#4842,#4843);
#4842 = CARTESIAN_POINT('',(-6.28318530718,-0.1));
#4843 = VECTOR('',#4844,1.);
#4844 = DIRECTION('',(1.,-0.));
#4845 = ( GEOMETRIC_REPRESENTATION_CONTEXT(2) 
PARAMETRIC_REPRESENTATION_CONTEXT() REPRESENTATION_CONTEXT('2D SPACE',''
  ) );
#4846 = FACE_BOUND('',#4847,.F.);
#4847 = EDGE_LOOP('',(#4848));
#4848 = ORIENTED_EDGE('',*,*,#4849,.T.);
#4849 = EDGE_CURVE('',#4850,#4850,#4852,.T.);
#4850 = VERTEX_POINT('',#4851);
#4851 = CARTESIAN_POINT('',(42.498899,-8.914892,0.));
#4852 = SURFACE_CURVE('',#4853,(#4858,#4869),.PCURVE_S1.);
#4853 = CIRCLE('',#4854,0.499999);
#4854 = AXIS2_PLACEMENT_3D('',#4855,#4856,#4857);
#4855 = CARTESIAN_POINT('',(41.9989,-8.914892,0.));
#4856 = DIRECTION('',(0.,0.,-1.));
#4857 = DIRECTION('',(1.,0.,0.));
#4858 = PCURVE('',#210,#4859);
#4859 = DEFINITIONAL_REPRESENTATION('',(#4860),#4868);
#4860 = ( BOUNDED_CURVE() B_SPLINE_CURVE(2,(#4861,#4862,#4863,#4864,
#4865,#4866,#4867),.UNSPECIFIED.,.T.,.F.) B_SPLINE_CURVE_WITH_KNOTS((1,2
    ,2,2,2,1),(-2.094395102393,0.,2.094395102393,4.188790204786,
6.28318530718,8.377580409573),.UNSPECIFIED.) CURVE() 
GEOMETRIC_REPRESENTATION_ITEM() RATIONAL_B_SPLINE_CURVE((1.,0.5,1.,0.5,
1.,0.5,1.)) REPRESENTATION_ITEM('') );
#4861 = CARTESIAN_POINT('',(42.498899,64.135108));
#4862 = CARTESIAN_POINT('',(42.498899,63.269084328266));
#4863 = CARTESIAN_POINT('',(41.7489005,63.702096164133));
#4864 = CARTESIAN_POINT('',(40.998902,64.135108));
#4865 = CARTESIAN_POINT('',(41.7489005,64.568119835867));
#4866 = CARTESIAN_POINT('',(42.498899,65.001131671734));
#4867 = CARTESIAN_POINT('',(42.498899,64.135108));
#4868 = ( GEOMETRIC_REPRESENTATION_CONTEXT(2) 
PARAMETRIC_REPRESENTATION_CONTEXT() REPRESENTATION_CONTEXT('2D SPACE',''
  ) );
#4869 = PCURVE('',#2419,#4870);
#4870 = DEFINITIONAL_REPRESENTATION('',(#4871),#4875);
#4871 = LINE('',#4872,#4873);
#4872 = CARTESIAN_POINT('',(-6.28318530718,-0.1));
#4873 = VECTOR('',#4874,1.);
#4874 = DIRECTION('',(1.,-0.));
#4875 = ( GEOMETRIC_REPRESENTATION_CONTEXT(2) 
PARAMETRIC_REPRESENTATION_CONTEXT() REPRESENTATION_CONTEXT('2D SPACE',''
  ) );
#4876 = FACE_BOUND('',#4877,.F.);
#4877 = EDGE_LOOP('',(#4878));
#4878 = ORIENTED_EDGE('',*,*,#4879,.T.);
#4879 = EDGE_CURVE('',#4880,#4880,#4882,.T.);
#4880 = VERTEX_POINT('',#4881);
#4881 = CARTESIAN_POINT('',(42.498899,-6.374892,0.));
#4882 = SURFACE_CURVE('',#4883,(#4888,#4899),.PCURVE_S1.);
#4883 = CIRCLE('',#4884,0.499999);
#4884 = AXIS2_PLACEMENT_3D('',#4885,#4886,#4887);
#4885 = CARTESIAN_POINT('',(41.9989,-6.374892,0.));
#4886 = DIRECTION('',(0.,0.,-1.));
#4887 = DIRECTION('',(1.,0.,0.));
#4888 = PCURVE('',#210,#4889);
#4889 = DEFINITIONAL_REPRESENTATION('',(#4890),#4898);
#4890 = ( BOUNDED_CURVE() B_SPLINE_CURVE(2,(#4891,#4892,#4893,#4894,
#4895,#4896,#4897),.UNSPECIFIED.,.T.,.F.) B_SPLINE_CURVE_WITH_KNOTS((1,2
    ,2,2,2,1),(-2.094395102393,0.,2.094395102393,4.188790204786,
6.28318530718,8.377580409573),.UNSPECIFIED.) CURVE() 
GEOMETRIC_REPRESENTATION_ITEM() RATIONAL_B_SPLINE_CURVE((1.,0.5,1.,0.5,
1.,0.5,1.)) REPRESENTATION_ITEM('') );
#4891 = CARTESIAN_POINT('',(42.498899,66.675108));
#4892 = CARTESIAN_POINT('',(42.498899,65.809084328266));
#4893 = CARTESIAN_POINT('',(41.7489005,66.242096164133));
#4894 = CARTESIAN_POINT('',(40.998902,66.675108));
#4895 = CARTESIAN_POINT('',(41.7489005,67.108119835867));
#4896 = CARTESIAN_POINT('',(42.498899,67.541131671734));
#4897 = CARTESIAN_POINT('',(42.498899,66.675108));
#4898 = ( GEOMETRIC_REPRESENTATION_CONTEXT(2) 
PARAMETRIC_REPRESENTATION_CONTEXT() REPRESENTATION_CONTEXT('2D SPACE',''
  ) );
#4899 = PCURVE('',#2454,#4900);
#4900 = DEFINITIONAL_REPRESENTATION('',(#4901),#4905);
#4901 = LINE('',#4902,#4903);
#4902 = CARTESIAN_POINT('',(-6.28318530718,-0.1));
#4903 = VECTOR('',#4904,1.);
#4904 = DIRECTION('',(1.,-0.));
#4905 = ( GEOMETRIC_REPRESENTATION_CONTEXT(2) 
PARAMETRIC_REPRESENTATION_CONTEXT() REPRESENTATION_CONTEXT('2D SPACE',''
  ) );
#4906 = FACE_BOUND('',#4907,.F.);
#4907 = EDGE_LOOP('',(#4908));
#4908 = ORIENTED_EDGE('',*,*,#4909,.T.);
#4909 = EDGE_CURVE('',#4910,#4910,#4912,.T.);
#4910 = VERTEX_POINT('',#4911);
#4911 = CARTESIAN_POINT('',(42.498899,-3.834892,0.));
#4912 = SURFACE_CURVE('',#4913,(#4918,#4929),.PCURVE_S1.);
#4913 = CIRCLE('',#4914,0.499999);
#4914 = AXIS2_PLACEMENT_3D('',#4915,#4916,#4917);
#4915 = CARTESIAN_POINT('',(41.9989,-3.834892,0.));
#4916 = DIRECTION('',(0.,0.,-1.));
#4917 = DIRECTION('',(1.,0.,0.));
#4918 = PCURVE('',#210,#4919);
#4919 = DEFINITIONAL_REPRESENTATION('',(#4920),#4928);
#4920 = ( BOUNDED_CURVE() B_SPLINE_CURVE(2,(#4921,#4922,#4923,#4924,
#4925,#4926,#4927),.UNSPECIFIED.,.T.,.F.) B_SPLINE_CURVE_WITH_KNOTS((1,2
    ,2,2,2,1),(-2.094395102393,0.,2.094395102393,4.188790204786,
6.28318530718,8.377580409573),.UNSPECIFIED.) CURVE() 
GEOMETRIC_REPRESENTATION_ITEM() RATIONAL_B_SPLINE_CURVE((1.,0.5,1.,0.5,
1.,0.5,1.)) REPRESENTATION_ITEM('') );
#4921 = CARTESIAN_POINT('',(42.498899,69.215108));
#4922 = CARTESIAN_POINT('',(42.498899,68.349084328266));
#4923 = CARTESIAN_POINT('',(41.7489005,68.782096164133));
#4924 = CARTESIAN_POINT('',(40.998902,69.215108));
#4925 = CARTESIAN_POINT('',(41.7489005,69.648119835867));
#4926 = CARTESIAN_POINT('',(42.498899,70.081131671734));
#4927 = CARTESIAN_POINT('',(42.498899,69.215108));
#4928 = ( GEOMETRIC_REPRESENTATION_CONTEXT(2) 
PARAMETRIC_REPRESENTATION_CONTEXT() REPRESENTATION_CONTEXT('2D SPACE',''
  ) );
#4929 = PCURVE('',#2489,#4930);
#4930 = DEFINITIONAL_REPRESENTATION('',(#4931),#4935);
#4931 = LINE('',#4932,#4933);
#4932 = CARTESIAN_POINT('',(-6.28318530718,-0.1));
#4933 = VECTOR('',#4934,1.);
#4934 = DIRECTION('',(1.,-0.));
#4935 = ( GEOMETRIC_REPRESENTATION_CONTEXT(2) 
PARAMETRIC_REPRESENTATION_CONTEXT() REPRESENTATION_CONTEXT('2D SPACE',''
  ) );
#4936 = FACE_BOUND('',#4937,.F.);
#4937 = EDGE_LOOP('',(#4938));
#4938 = ORIENTED_EDGE('',*,*,#4939,.T.);
#4939 = EDGE_CURVE('',#4940,#4940,#4942,.T.);
#4940 = VERTEX_POINT('',#4941);
#4941 = CARTESIAN_POINT('',(42.498899,-1.294892,0.));
#4942 = SURFACE_CURVE('',#4943,(#4948,#4959),.PCURVE_S1.);
#4943 = CIRCLE('',#4944,0.499999);
#4944 = AXIS2_PLACEMENT_3D('',#4945,#4946,#4947);
#4945 = CARTESIAN_POINT('',(41.9989,-1.294892,0.));
#4946 = DIRECTION('',(0.,0.,-1.));
#4947 = DIRECTION('',(1.,0.,0.));
#4948 = PCURVE('',#210,#4949);
#4949 = DEFINITIONAL_REPRESENTATION('',(#4950),#4958);
#4950 = ( BOUNDED_CURVE() B_SPLINE_CURVE(2,(#4951,#4952,#4953,#4954,
#4955,#4956,#4957),.UNSPECIFIED.,.T.,.F.) B_SPLINE_CURVE_WITH_KNOTS((1,2
    ,2,2,2,1),(-2.094395102393,0.,2.094395102393,4.188790204786,
6.28318530718,8.377580409573),.UNSPECIFIED.) CURVE() 
GEOMETRIC_REPRESENTATION_ITEM() RATIONAL_B_SPLINE_CURVE((1.,0.5,1.,0.5,
1.,0.5,1.)) REPRESENTATION_ITEM('') );
#4951 = CARTESIAN_POINT('',(42.498899,71.755108));
#4952 = CARTESIAN_POINT('',(42.498899,70.889084328266));
#4953 = CARTESIAN_POINT('',(41.7489005,71.322096164133));
#4954 = CARTESIAN_POINT('',(40.998902,71.755108));
#4955 = CARTESIAN_POINT('',(41.7489005,72.188119835867));
#4956 = CARTESIAN_POINT('',(42.498899,72.621131671734));
#4957 = CARTESIAN_POINT('',(42.498899,71.755108));
#4958 = ( GEOMETRIC_REPRESENTATION_CONTEXT(2) 
PARAMETRIC_REPRESENTATION_CONTEXT() REPRESENTATION_CONTEXT('2D SPACE',''
  ) );
#4959 = PCURVE('',#2524,#4960);
#4960 = DEFINITIONAL_REPRESENTATION('',(#4961),#4965);
#4961 = LINE('',#4962,#4963);
#4962 = CARTESIAN_POINT('',(-6.28318530718,-0.1));
#4963 = VECTOR('',#4964,1.);
#4964 = DIRECTION('',(1.,-0.));
#4965 = ( GEOMETRIC_REPRESENTATION_CONTEXT(2) 
PARAMETRIC_REPRESENTATION_CONTEXT() REPRESENTATION_CONTEXT('2D SPACE',''
  ) );
#4966 = FACE_BOUND('',#4967,.F.);
#4967 = EDGE_LOOP('',(#4968));
#4968 = ORIENTED_EDGE('',*,*,#4969,.T.);
#4969 = EDGE_CURVE('',#4970,#4970,#4972,.T.);
#4970 = VERTEX_POINT('',#4971);
#4971 = CARTESIAN_POINT('',(45.7239116,-35.729926,0.));
#4972 = SURFACE_CURVE('',#4973,(#4978,#4989),.PCURVE_S1.);
#4973 = CIRCLE('',#4974,0.5500116);
#4974 = AXIS2_PLACEMENT_3D('',#4975,#4976,#4977);
#4975 = CARTESIAN_POINT('',(45.1739,-35.729926,0.));
#4976 = DIRECTION('',(0.,0.,-1.));
#4977 = DIRECTION('',(1.,0.,0.));
#4978 = PCURVE('',#210,#4979);
#4979 = DEFINITIONAL_REPRESENTATION('',(#4980),#4988);
#4980 = ( BOUNDED_CURVE() B_SPLINE_CURVE(2,(#4981,#4982,#4983,#4984,
#4985,#4986,#4987),.UNSPECIFIED.,.T.,.F.) B_SPLINE_CURVE_WITH_KNOTS((1,2
    ,2,2,2,1),(-2.094395102393,0.,2.094395102393,4.188790204786,
6.28318530718,8.377580409573),.UNSPECIFIED.) CURVE() 
GEOMETRIC_REPRESENTATION_ITEM() RATIONAL_B_SPLINE_CURVE((1.,0.5,1.,0.5,
1.,0.5,1.)) REPRESENTATION_ITEM('') );
#4981 = CARTESIAN_POINT('',(45.7239116,37.320074));
#4982 = CARTESIAN_POINT('',(45.7239116,36.367425964048));
#4983 = CARTESIAN_POINT('',(44.8988942,36.843749982024));
#4984 = CARTESIAN_POINT('',(44.0738768,37.320074));
#4985 = CARTESIAN_POINT('',(44.8988942,37.796398017976));
#4986 = CARTESIAN_POINT('',(45.7239116,38.272722035952));
#4987 = CARTESIAN_POINT('',(45.7239116,37.320074));
#4988 = ( GEOMETRIC_REPRESENTATION_CONTEXT(2) 
PARAMETRIC_REPRESENTATION_CONTEXT() REPRESENTATION_CONTEXT('2D SPACE',''
  ) );
#4989 = PCURVE('',#2559,#4990);
#4990 = DEFINITIONAL_REPRESENTATION('',(#4991),#4995);
#4991 = LINE('',#4992,#4993);
#4992 = CARTESIAN_POINT('',(-6.28318530718,-0.1));
#4993 = VECTOR('',#4994,1.);
#4994 = DIRECTION('',(1.,-0.));
#4995 = ( GEOMETRIC_REPRESENTATION_CONTEXT(2) 
PARAMETRIC_REPRESENTATION_CONTEXT() REPRESENTATION_CONTEXT('2D SPACE',''
  ) );
#4996 = FACE_BOUND('',#4997,.F.);
#4997 = EDGE_LOOP('',(#4998));
#4998 = ORIENTED_EDGE('',*,*,#4999,.T.);
#4999 = EDGE_CURVE('',#5000,#5000,#5002,.T.);
#5000 = VERTEX_POINT('',#5001);
#5001 = CARTESIAN_POINT('',(48.9000038,-25.500076,0.));
#5002 = SURFACE_CURVE('',#5003,(#5008,#5019),.PCURVE_S1.);
#5003 = CIRCLE('',#5004,1.0999978);
#5004 = AXIS2_PLACEMENT_3D('',#5005,#5006,#5007);
#5005 = CARTESIAN_POINT('',(47.800006,-25.500076,0.));
#5006 = DIRECTION('',(0.,0.,-1.));
#5007 = DIRECTION('',(1.,0.,0.));
#5008 = PCURVE('',#210,#5009);
#5009 = DEFINITIONAL_REPRESENTATION('',(#5010),#5018);
#5010 = ( BOUNDED_CURVE() B_SPLINE_CURVE(2,(#5011,#5012,#5013,#5014,
#5015,#5016,#5017),.UNSPECIFIED.,.T.,.F.) B_SPLINE_CURVE_WITH_KNOTS((1,2
    ,2,2,2,1),(-2.094395102393,0.,2.094395102393,4.188790204786,
6.28318530718,8.377580409573),.UNSPECIFIED.) CURVE() 
GEOMETRIC_REPRESENTATION_ITEM() RATIONAL_B_SPLINE_CURVE((1.,0.5,1.,0.5,
1.,0.5,1.)) REPRESENTATION_ITEM('') );
#5011 = CARTESIAN_POINT('',(48.9000038,47.549924));
#5012 = CARTESIAN_POINT('',(48.9000038,45.644671922186));
#5013 = CARTESIAN_POINT('',(47.2500071,46.597297961093));
#5014 = CARTESIAN_POINT('',(45.6000104,47.549924));
#5015 = CARTESIAN_POINT('',(47.2500071,48.502550038907));
#5016 = CARTESIAN_POINT('',(48.9000038,49.455176077814));
#5017 = CARTESIAN_POINT('',(48.9000038,47.549924));
#5018 = ( GEOMETRIC_REPRESENTATION_CONTEXT(2) 
PARAMETRIC_REPRESENTATION_CONTEXT() REPRESENTATION_CONTEXT('2D SPACE',''
  ) );
#5019 = PCURVE('',#2594,#5020);
#5020 = DEFINITIONAL_REPRESENTATION('',(#5021),#5025);
#5021 = LINE('',#5022,#5023);
#5022 = CARTESIAN_POINT('',(-6.28318530718,-0.1));
#5023 = VECTOR('',#5024,1.);
#5024 = DIRECTION('',(1.,-0.));
#5025 = ( GEOMETRIC_REPRESENTATION_CONTEXT(2) 
PARAMETRIC_REPRESENTATION_CONTEXT() REPRESENTATION_CONTEXT('2D SPACE',''
  ) );
#5026 = FACE_BOUND('',#5027,.F.);
#5027 = EDGE_LOOP('',(#5028));
#5028 = ORIENTED_EDGE('',*,*,#5029,.T.);
#5029 = EDGE_CURVE('',#5030,#5030,#5032,.T.);
#5030 = VERTEX_POINT('',#5031);
#5031 = CARTESIAN_POINT('',(64.7744196,-35.729926,0.));
#5032 = SURFACE_CURVE('',#5033,(#5038,#5049),.PCURVE_S1.);
#5033 = CIRCLE('',#5034,0.5500116);
#5034 = AXIS2_PLACEMENT_3D('',#5035,#5036,#5037);
#5035 = CARTESIAN_POINT('',(64.224408,-35.729926,0.));
#5036 = DIRECTION('',(0.,0.,-1.));
#5037 = DIRECTION('',(1.,0.,0.));
#5038 = PCURVE('',#210,#5039);
#5039 = DEFINITIONAL_REPRESENTATION('',(#5040),#5048);
#5040 = ( BOUNDED_CURVE() B_SPLINE_CURVE(2,(#5041,#5042,#5043,#5044,
#5045,#5046,#5047),.UNSPECIFIED.,.T.,.F.) B_SPLINE_CURVE_WITH_KNOTS((1,2
    ,2,2,2,1),(-2.094395102393,0.,2.094395102393,4.188790204786,
6.28318530718,8.377580409573),.UNSPECIFIED.) CURVE() 
GEOMETRIC_REPRESENTATION_ITEM() RATIONAL_B_SPLINE_CURVE((1.,0.5,1.,0.5,
1.,0.5,1.)) REPRESENTATION_ITEM('') );
#5041 = CARTESIAN_POINT('',(64.7744196,37.320074));
#5042 = CARTESIAN_POINT('',(64.7744196,36.367425964048));
#5043 = CARTESIAN_POINT('',(63.9494022,36.843749982024));
#5044 = CARTESIAN_POINT('',(63.1243848,37.320074));
#5045 = CARTESIAN_POINT('',(63.9494022,37.796398017976));
#5046 = CARTESIAN_POINT('',(64.7744196,38.272722035952));
#5047 = CARTESIAN_POINT('',(64.7744196,37.320074));
#5048 = ( GEOMETRIC_REPRESENTATION_CONTEXT(2) 
PARAMETRIC_REPRESENTATION_CONTEXT() REPRESENTATION_CONTEXT('2D SPACE',''
  ) );
#5049 = PCURVE('',#2629,#5050);
#5050 = DEFINITIONAL_REPRESENTATION('',(#5051),#5055);
#5051 = LINE('',#5052,#5053);
#5052 = CARTESIAN_POINT('',(-6.28318530718,-0.1));
#5053 = VECTOR('',#5054,1.);
#5054 = DIRECTION('',(1.,-0.));
#5055 = ( GEOMETRIC_REPRESENTATION_CONTEXT(2) 
PARAMETRIC_REPRESENTATION_CONTEXT() REPRESENTATION_CONTEXT('2D SPACE',''
  ) );
#5056 = FACE_BOUND('',#5057,.F.);
#5057 = EDGE_LOOP('',(#5058));
#5058 = ORIENTED_EDGE('',*,*,#5059,.T.);
#5059 = EDGE_CURVE('',#5060,#5060,#5062,.T.);
#5060 = VERTEX_POINT('',#5061);
#5061 = CARTESIAN_POINT('',(75.3000018,-25.500076,0.));
#5062 = SURFACE_CURVE('',#5063,(#5068,#5079),.PCURVE_S1.);
#5063 = CIRCLE('',#5064,1.0999978);
#5064 = AXIS2_PLACEMENT_3D('',#5065,#5066,#5067);
#5065 = CARTESIAN_POINT('',(74.200004,-25.500076,0.));
#5066 = DIRECTION('',(0.,0.,-1.));
#5067 = DIRECTION('',(1.,0.,0.));
#5068 = PCURVE('',#210,#5069);
#5069 = DEFINITIONAL_REPRESENTATION('',(#5070),#5078);
#5070 = ( BOUNDED_CURVE() B_SPLINE_CURVE(2,(#5071,#5072,#5073,#5074,
#5075,#5076,#5077),.UNSPECIFIED.,.T.,.F.) B_SPLINE_CURVE_WITH_KNOTS((1,2
    ,2,2,2,1),(-2.094395102393,0.,2.094395102393,4.188790204786,
6.28318530718,8.377580409573),.UNSPECIFIED.) CURVE() 
GEOMETRIC_REPRESENTATION_ITEM() RATIONAL_B_SPLINE_CURVE((1.,0.5,1.,0.5,
1.,0.5,1.)) REPRESENTATION_ITEM('') );
#5071 = CARTESIAN_POINT('',(75.3000018,47.549924));
#5072 = CARTESIAN_POINT('',(75.3000018,45.644671922186));
#5073 = CARTESIAN_POINT('',(73.6500051,46.597297961093));
#5074 = CARTESIAN_POINT('',(72.0000084,47.549924));
#5075 = CARTESIAN_POINT('',(73.6500051,48.502550038907));
#5076 = CARTESIAN_POINT('',(75.3000018,49.455176077814));
#5077 = CARTESIAN_POINT('',(75.3000018,47.549924));
#5078 = ( GEOMETRIC_REPRESENTATION_CONTEXT(2) 
PARAMETRIC_REPRESENTATION_CONTEXT() REPRESENTATION_CONTEXT('2D SPACE',''
  ) );
#5079 = PCURVE('',#2664,#5080);
#5080 = DEFINITIONAL_REPRESENTATION('',(#5081),#5085);
#5081 = LINE('',#5082,#5083);
#5082 = CARTESIAN_POINT('',(-6.28318530718,-0.1));
#5083 = VECTOR('',#5084,1.);
#5084 = DIRECTION('',(1.,-0.));
#5085 = ( GEOMETRIC_REPRESENTATION_CONTEXT(2) 
PARAMETRIC_REPRESENTATION_CONTEXT() REPRESENTATION_CONTEXT('2D SPACE',''
  ) );
#5086 = FACE_BOUND('',#5087,.F.);
#5087 = EDGE_LOOP('',(#5088));
#5088 = ORIENTED_EDGE('',*,*,#5089,.T.);
#5089 = EDGE_CURVE('',#5090,#5090,#5092,.T.);
#5090 = VERTEX_POINT('',#5091);
#5091 = CARTESIAN_POINT('',(48.9000038,-2.500122,0.));
#5092 = SURFACE_CURVE('',#5093,(#5098,#5109),.PCURVE_S1.);
#5093 = CIRCLE('',#5094,1.0999978);
#5094 = AXIS2_PLACEMENT_3D('',#5095,#5096,#5097);
#5095 = CARTESIAN_POINT('',(47.800006,-2.500122,0.));
#5096 = DIRECTION('',(0.,0.,-1.));
#5097 = DIRECTION('',(1.,0.,0.));
#5098 = PCURVE('',#210,#5099);
#5099 = DEFINITIONAL_REPRESENTATION('',(#5100),#5108);
#5100 = ( BOUNDED_CURVE() B_SPLINE_CURVE(2,(#5101,#5102,#5103,#5104,
#5105,#5106,#5107),.UNSPECIFIED.,.T.,.F.) B_SPLINE_CURVE_WITH_KNOTS((1,2
    ,2,2,2,1),(-2.094395102393,0.,2.094395102393,4.188790204786,
6.28318530718,8.377580409573),.UNSPECIFIED.) CURVE() 
GEOMETRIC_REPRESENTATION_ITEM() RATIONAL_B_SPLINE_CURVE((1.,0.5,1.,0.5,
1.,0.5,1.)) REPRESENTATION_ITEM('') );
#5101 = CARTESIAN_POINT('',(48.9000038,70.549878));
#5102 = CARTESIAN_POINT('',(48.9000038,68.644625922186));
#5103 = CARTESIAN_POINT('',(47.2500071,69.597251961093));
#5104 = CARTESIAN_POINT('',(45.6000104,70.549878));
#5105 = CARTESIAN_POINT('',(47.2500071,71.502504038907));
#5106 = CARTESIAN_POINT('',(48.9000038,72.455130077814));
#5107 = CARTESIAN_POINT('',(48.9000038,70.549878));
#5108 = ( GEOMETRIC_REPRESENTATION_CONTEXT(2) 
PARAMETRIC_REPRESENTATION_CONTEXT() REPRESENTATION_CONTEXT('2D SPACE',''
  ) );
#5109 = PCURVE('',#2699,#5110);
#5110 = DEFINITIONAL_REPRESENTATION('',(#5111),#5115);
#5111 = LINE('',#5112,#5113);
#5112 = CARTESIAN_POINT('',(-6.28318530718,-0.1));
#5113 = VECTOR('',#5114,1.);
#5114 = DIRECTION('',(1.,-0.));
#5115 = ( GEOMETRIC_REPRESENTATION_CONTEXT(2) 
PARAMETRIC_REPRESENTATION_CONTEXT() REPRESENTATION_CONTEXT('2D SPACE',''
  ) );
#5116 = FACE_BOUND('',#5117,.F.);
#5117 = EDGE_LOOP('',(#5118));
#5118 = ORIENTED_EDGE('',*,*,#5119,.T.);
#5119 = EDGE_CURVE('',#5120,#5120,#5122,.T.);
#5120 = VERTEX_POINT('',#5121);
#5121 = CARTESIAN_POINT('',(52.6206466,-2.499106,0.));
#5122 = SURFACE_CURVE('',#5123,(#5128,#5139),.PCURVE_S1.);
#5123 = CIRCLE('',#5124,0.5100066);
#5124 = AXIS2_PLACEMENT_3D('',#5125,#5126,#5127);
#5125 = CARTESIAN_POINT('',(52.11064,-2.499106,0.));
#5126 = DIRECTION('',(0.,0.,-1.));
#5127 = DIRECTION('',(1.,0.,0.));
#5128 = PCURVE('',#210,#5129);
#5129 = DEFINITIONAL_REPRESENTATION('',(#5130),#5138);
#5130 = ( BOUNDED_CURVE() B_SPLINE_CURVE(2,(#5131,#5132,#5133,#5134,
#5135,#5136,#5137),.UNSPECIFIED.,.T.,.F.) B_SPLINE_CURVE_WITH_KNOTS((1,2
    ,2,2,2,1),(-2.094395102393,0.,2.094395102393,4.188790204786,
6.28318530718,8.377580409573),.UNSPECIFIED.) CURVE() 
GEOMETRIC_REPRESENTATION_ITEM() RATIONAL_B_SPLINE_CURVE((1.,0.5,1.,0.5,
1.,0.5,1.)) REPRESENTATION_ITEM('') );
#5131 = CARTESIAN_POINT('',(52.6206466,70.550894));
#5132 = CARTESIAN_POINT('',(52.6206466,69.667536656605));
#5133 = CARTESIAN_POINT('',(51.8556367,70.109215328302));
#5134 = CARTESIAN_POINT('',(51.0906268,70.550894));
#5135 = CARTESIAN_POINT('',(51.8556367,70.992572671698));
#5136 = CARTESIAN_POINT('',(52.6206466,71.434251343395));
#5137 = CARTESIAN_POINT('',(52.6206466,70.550894));
#5138 = ( GEOMETRIC_REPRESENTATION_CONTEXT(2) 
PARAMETRIC_REPRESENTATION_CONTEXT() REPRESENTATION_CONTEXT('2D SPACE',''
  ) );
#5139 = PCURVE('',#2734,#5140);
#5140 = DEFINITIONAL_REPRESENTATION('',(#5141),#5145);
#5141 = LINE('',#5142,#5143);
#5142 = CARTESIAN_POINT('',(-6.28318530718,-0.1));
#5143 = VECTOR('',#5144,1.);
#5144 = DIRECTION('',(1.,-0.));
#5145 = ( GEOMETRIC_REPRESENTATION_CONTEXT(2) 
PARAMETRIC_REPRESENTATION_CONTEXT() REPRESENTATION_CONTEXT('2D SPACE',''
  ) );
#5146 = FACE_BOUND('',#5147,.F.);
#5147 = EDGE_LOOP('',(#5148));
#5148 = ORIENTED_EDGE('',*,*,#5149,.T.);
#5149 = EDGE_CURVE('',#5150,#5150,#5152,.T.);
#5150 = VERTEX_POINT('',#5151);
#5151 = CARTESIAN_POINT('',(55.1606466,-2.499106,0.));
#5152 = SURFACE_CURVE('',#5153,(#5158,#5169),.PCURVE_S1.);
#5153 = CIRCLE('',#5154,0.5100066);
#5154 = AXIS2_PLACEMENT_3D('',#5155,#5156,#5157);
#5155 = CARTESIAN_POINT('',(54.65064,-2.499106,0.));
#5156 = DIRECTION('',(0.,0.,-1.));
#5157 = DIRECTION('',(1.,0.,0.));
#5158 = PCURVE('',#210,#5159);
#5159 = DEFINITIONAL_REPRESENTATION('',(#5160),#5168);
#5160 = ( BOUNDED_CURVE() B_SPLINE_CURVE(2,(#5161,#5162,#5163,#5164,
#5165,#5166,#5167),.UNSPECIFIED.,.T.,.F.) B_SPLINE_CURVE_WITH_KNOTS((1,2
    ,2,2,2,1),(-2.094395102393,0.,2.094395102393,4.188790204786,
6.28318530718,8.377580409573),.UNSPECIFIED.) CURVE() 
GEOMETRIC_REPRESENTATION_ITEM() RATIONAL_B_SPLINE_CURVE((1.,0.5,1.,0.5,
1.,0.5,1.)) REPRESENTATION_ITEM('') );
#5161 = CARTESIAN_POINT('',(55.1606466,70.550894));
#5162 = CARTESIAN_POINT('',(55.1606466,69.667536656605));
#5163 = CARTESIAN_POINT('',(54.3956367,70.109215328302));
#5164 = CARTESIAN_POINT('',(53.6306268,70.550894));
#5165 = CARTESIAN_POINT('',(54.3956367,70.992572671698));
#5166 = CARTESIAN_POINT('',(55.1606466,71.434251343395));
#5167 = CARTESIAN_POINT('',(55.1606466,70.550894));
#5168 = ( GEOMETRIC_REPRESENTATION_CONTEXT(2) 
PARAMETRIC_REPRESENTATION_CONTEXT() REPRESENTATION_CONTEXT('2D SPACE',''
  ) );
#5169 = PCURVE('',#2769,#5170);
#5170 = DEFINITIONAL_REPRESENTATION('',(#5171),#5175);
#5171 = LINE('',#5172,#5173);
#5172 = CARTESIAN_POINT('',(-6.28318530718,-0.1));
#5173 = VECTOR('',#5174,1.);
#5174 = DIRECTION('',(1.,-0.));
#5175 = ( GEOMETRIC_REPRESENTATION_CONTEXT(2) 
PARAMETRIC_REPRESENTATION_CONTEXT() REPRESENTATION_CONTEXT('2D SPACE',''
  ) );
#5176 = FACE_BOUND('',#5177,.F.);
#5177 = EDGE_LOOP('',(#5178));
#5178 = ORIENTED_EDGE('',*,*,#5179,.T.);
#5179 = EDGE_CURVE('',#5180,#5180,#5182,.T.);
#5180 = VERTEX_POINT('',#5181);
#5181 = CARTESIAN_POINT('',(57.7006466,-2.499106,0.));
#5182 = SURFACE_CURVE('',#5183,(#5188,#5199),.PCURVE_S1.);
#5183 = CIRCLE('',#5184,0.5100066);
#5184 = AXIS2_PLACEMENT_3D('',#5185,#5186,#5187);
#5185 = CARTESIAN_POINT('',(57.19064,-2.499106,0.));
#5186 = DIRECTION('',(0.,0.,-1.));
#5187 = DIRECTION('',(1.,0.,0.));
#5188 = PCURVE('',#210,#5189);
#5189 = DEFINITIONAL_REPRESENTATION('',(#5190),#5198);
#5190 = ( BOUNDED_CURVE() B_SPLINE_CURVE(2,(#5191,#5192,#5193,#5194,
#5195,#5196,#5197),.UNSPECIFIED.,.T.,.F.) B_SPLINE_CURVE_WITH_KNOTS((1,2
    ,2,2,2,1),(-2.094395102393,0.,2.094395102393,4.188790204786,
6.28318530718,8.377580409573),.UNSPECIFIED.) CURVE() 
GEOMETRIC_REPRESENTATION_ITEM() RATIONAL_B_SPLINE_CURVE((1.,0.5,1.,0.5,
1.,0.5,1.)) REPRESENTATION_ITEM('') );
#5191 = CARTESIAN_POINT('',(57.7006466,70.550894));
#5192 = CARTESIAN_POINT('',(57.7006466,69.667536656605));
#5193 = CARTESIAN_POINT('',(56.9356367,70.109215328302));
#5194 = CARTESIAN_POINT('',(56.1706268,70.550894));
#5195 = CARTESIAN_POINT('',(56.9356367,70.992572671698));
#5196 = CARTESIAN_POINT('',(57.7006466,71.434251343395));
#5197 = CARTESIAN_POINT('',(57.7006466,70.550894));
#5198 = ( GEOMETRIC_REPRESENTATION_CONTEXT(2) 
PARAMETRIC_REPRESENTATION_CONTEXT() REPRESENTATION_CONTEXT('2D SPACE',''
  ) );
#5199 = PCURVE('',#2804,#5200);
#5200 = DEFINITIONAL_REPRESENTATION('',(#5201),#5205);
#5201 = LINE('',#5202,#5203);
#5202 = CARTESIAN_POINT('',(-6.28318530718,-0.1));
#5203 = VECTOR('',#5204,1.);
#5204 = DIRECTION('',(1.,-0.));
#5205 = ( GEOMETRIC_REPRESENTATION_CONTEXT(2) 
PARAMETRIC_REPRESENTATION_CONTEXT() REPRESENTATION_CONTEXT('2D SPACE',''
  ) );
#5206 = FACE_BOUND('',#5207,.F.);
#5207 = EDGE_LOOP('',(#5208));
#5208 = ORIENTED_EDGE('',*,*,#5209,.T.);
#5209 = EDGE_CURVE('',#5210,#5210,#5212,.T.);
#5210 = VERTEX_POINT('',#5211);
#5211 = CARTESIAN_POINT('',(60.2406466,-2.499106,0.));
#5212 = SURFACE_CURVE('',#5213,(#5218,#5229),.PCURVE_S1.);
#5213 = CIRCLE('',#5214,0.5100066);
#5214 = AXIS2_PLACEMENT_3D('',#5215,#5216,#5217);
#5215 = CARTESIAN_POINT('',(59.73064,-2.499106,0.));
#5216 = DIRECTION('',(0.,0.,-1.));
#5217 = DIRECTION('',(1.,0.,0.));
#5218 = PCURVE('',#210,#5219);
#5219 = DEFINITIONAL_REPRESENTATION('',(#5220),#5228);
#5220 = ( BOUNDED_CURVE() B_SPLINE_CURVE(2,(#5221,#5222,#5223,#5224,
#5225,#5226,#5227),.UNSPECIFIED.,.T.,.F.) B_SPLINE_CURVE_WITH_KNOTS((1,2
    ,2,2,2,1),(-2.094395102393,0.,2.094395102393,4.188790204786,
6.28318530718,8.377580409573),.UNSPECIFIED.) CURVE() 
GEOMETRIC_REPRESENTATION_ITEM() RATIONAL_B_SPLINE_CURVE((1.,0.5,1.,0.5,
1.,0.5,1.)) REPRESENTATION_ITEM('') );
#5221 = CARTESIAN_POINT('',(60.2406466,70.550894));
#5222 = CARTESIAN_POINT('',(60.2406466,69.667536656605));
#5223 = CARTESIAN_POINT('',(59.4756367,70.109215328302));
#5224 = CARTESIAN_POINT('',(58.7106268,70.550894));
#5225 = CARTESIAN_POINT('',(59.4756367,70.992572671698));
#5226 = CARTESIAN_POINT('',(60.2406466,71.434251343395));
#5227 = CARTESIAN_POINT('',(60.2406466,70.550894));
#5228 = ( GEOMETRIC_REPRESENTATION_CONTEXT(2) 
PARAMETRIC_REPRESENTATION_CONTEXT() REPRESENTATION_CONTEXT('2D SPACE',''
  ) );
#5229 = PCURVE('',#2839,#5230);
#5230 = DEFINITIONAL_REPRESENTATION('',(#5231),#5235);
#5231 = LINE('',#5232,#5233);
#5232 = CARTESIAN_POINT('',(-6.28318530718,-0.1));
#5233 = VECTOR('',#5234,1.);
#5234 = DIRECTION('',(1.,-0.));
#5235 = ( GEOMETRIC_REPRESENTATION_CONTEXT(2) 
PARAMETRIC_REPRESENTATION_CONTEXT() REPRESENTATION_CONTEXT('2D SPACE',''
  ) );
#5236 = FACE_BOUND('',#5237,.F.);
#5237 = EDGE_LOOP('',(#5238));
#5238 = ORIENTED_EDGE('',*,*,#5239,.T.);
#5239 = EDGE_CURVE('',#5240,#5240,#5242,.T.);
#5240 = VERTEX_POINT('',#5241);
#5241 = CARTESIAN_POINT('',(62.7806466,-2.499106,0.));
#5242 = SURFACE_CURVE('',#5243,(#5248,#5259),.PCURVE_S1.);
#5243 = CIRCLE('',#5244,0.5100066);
#5244 = AXIS2_PLACEMENT_3D('',#5245,#5246,#5247);
#5245 = CARTESIAN_POINT('',(62.27064,-2.499106,0.));
#5246 = DIRECTION('',(0.,0.,-1.));
#5247 = DIRECTION('',(1.,0.,0.));
#5248 = PCURVE('',#210,#5249);
#5249 = DEFINITIONAL_REPRESENTATION('',(#5250),#5258);
#5250 = ( BOUNDED_CURVE() B_SPLINE_CURVE(2,(#5251,#5252,#5253,#5254,
#5255,#5256,#5257),.UNSPECIFIED.,.T.,.F.) B_SPLINE_CURVE_WITH_KNOTS((1,2
    ,2,2,2,1),(-2.094395102393,0.,2.094395102393,4.188790204786,
6.28318530718,8.377580409573),.UNSPECIFIED.) CURVE() 
GEOMETRIC_REPRESENTATION_ITEM() RATIONAL_B_SPLINE_CURVE((1.,0.5,1.,0.5,
1.,0.5,1.)) REPRESENTATION_ITEM('') );
#5251 = CARTESIAN_POINT('',(62.7806466,70.550894));
#5252 = CARTESIAN_POINT('',(62.7806466,69.667536656605));
#5253 = CARTESIAN_POINT('',(62.0156367,70.109215328302));
#5254 = CARTESIAN_POINT('',(61.2506268,70.550894));
#5255 = CARTESIAN_POINT('',(62.0156367,70.992572671698));
#5256 = CARTESIAN_POINT('',(62.7806466,71.434251343395));
#5257 = CARTESIAN_POINT('',(62.7806466,70.550894));
#5258 = ( GEOMETRIC_REPRESENTATION_CONTEXT(2) 
PARAMETRIC_REPRESENTATION_CONTEXT() REPRESENTATION_CONTEXT('2D SPACE',''
  ) );
#5259 = PCURVE('',#2874,#5260);
#5260 = DEFINITIONAL_REPRESENTATION('',(#5261),#5265);
#5261 = LINE('',#5262,#5263);
#5262 = CARTESIAN_POINT('',(-6.28318530718,-0.1));
#5263 = VECTOR('',#5264,1.);
#5264 = DIRECTION('',(1.,-0.));
#5265 = ( GEOMETRIC_REPRESENTATION_CONTEXT(2) 
PARAMETRIC_REPRESENTATION_CONTEXT() REPRESENTATION_CONTEXT('2D SPACE',''
  ) );
#5266 = FACE_BOUND('',#5267,.F.);
#5267 = EDGE_LOOP('',(#5268));
#5268 = ORIENTED_EDGE('',*,*,#5269,.T.);
#5269 = EDGE_CURVE('',#5270,#5270,#5272,.T.);
#5270 = VERTEX_POINT('',#5271);
#5271 = CARTESIAN_POINT('',(65.3206466,-2.499106,0.));
#5272 = SURFACE_CURVE('',#5273,(#5278,#5289),.PCURVE_S1.);
#5273 = CIRCLE('',#5274,0.5100066);
#5274 = AXIS2_PLACEMENT_3D('',#5275,#5276,#5277);
#5275 = CARTESIAN_POINT('',(64.81064,-2.499106,0.));
#5276 = DIRECTION('',(0.,0.,-1.));
#5277 = DIRECTION('',(1.,0.,0.));
#5278 = PCURVE('',#210,#5279);
#5279 = DEFINITIONAL_REPRESENTATION('',(#5280),#5288);
#5280 = ( BOUNDED_CURVE() B_SPLINE_CURVE(2,(#5281,#5282,#5283,#5284,
#5285,#5286,#5287),.UNSPECIFIED.,.T.,.F.) B_SPLINE_CURVE_WITH_KNOTS((1,2
    ,2,2,2,1),(-2.094395102393,0.,2.094395102393,4.188790204786,
6.28318530718,8.377580409573),.UNSPECIFIED.) CURVE() 
GEOMETRIC_REPRESENTATION_ITEM() RATIONAL_B_SPLINE_CURVE((1.,0.5,1.,0.5,
1.,0.5,1.)) REPRESENTATION_ITEM('') );
#5281 = CARTESIAN_POINT('',(65.3206466,70.550894));
#5282 = CARTESIAN_POINT('',(65.3206466,69.667536656605));
#5283 = CARTESIAN_POINT('',(64.5556367,70.109215328302));
#5284 = CARTESIAN_POINT('',(63.7906268,70.550894));
#5285 = CARTESIAN_POINT('',(64.5556367,70.992572671698));
#5286 = CARTESIAN_POINT('',(65.3206466,71.434251343395));
#5287 = CARTESIAN_POINT('',(65.3206466,70.550894));
#5288 = ( GEOMETRIC_REPRESENTATION_CONTEXT(2) 
PARAMETRIC_REPRESENTATION_CONTEXT() REPRESENTATION_CONTEXT('2D SPACE',''
  ) );
#5289 = PCURVE('',#2909,#5290);
#5290 = DEFINITIONAL_REPRESENTATION('',(#5291),#5295);
#5291 = LINE('',#5292,#5293);
#5292 = CARTESIAN_POINT('',(-6.28318530718,-0.1));
#5293 = VECTOR('',#5294,1.);
#5294 = DIRECTION('',(1.,-0.));
#5295 = ( GEOMETRIC_REPRESENTATION_CONTEXT(2) 
PARAMETRIC_REPRESENTATION_CONTEXT() REPRESENTATION_CONTEXT('2D SPACE',''
  ) );
#5296 = FACE_BOUND('',#5297,.F.);
#5297 = EDGE_LOOP('',(#5298));
#5298 = ORIENTED_EDGE('',*,*,#5299,.T.);
#5299 = EDGE_CURVE('',#5300,#5300,#5302,.T.);
#5300 = VERTEX_POINT('',#5301);
#5301 = CARTESIAN_POINT('',(67.8606466,-2.499106,0.));
#5302 = SURFACE_CURVE('',#5303,(#5308,#5319),.PCURVE_S1.);
#5303 = CIRCLE('',#5304,0.5100066);
#5304 = AXIS2_PLACEMENT_3D('',#5305,#5306,#5307);
#5305 = CARTESIAN_POINT('',(67.35064,-2.499106,0.));
#5306 = DIRECTION('',(0.,0.,-1.));
#5307 = DIRECTION('',(1.,0.,0.));
#5308 = PCURVE('',#210,#5309);
#5309 = DEFINITIONAL_REPRESENTATION('',(#5310),#5318);
#5310 = ( BOUNDED_CURVE() B_SPLINE_CURVE(2,(#5311,#5312,#5313,#5314,
#5315,#5316,#5317),.UNSPECIFIED.,.T.,.F.) B_SPLINE_CURVE_WITH_KNOTS((1,2
    ,2,2,2,1),(-2.094395102393,0.,2.094395102393,4.188790204786,
6.28318530718,8.377580409573),.UNSPECIFIED.) CURVE() 
GEOMETRIC_REPRESENTATION_ITEM() RATIONAL_B_SPLINE_CURVE((1.,0.5,1.,0.5,
1.,0.5,1.)) REPRESENTATION_ITEM('') );
#5311 = CARTESIAN_POINT('',(67.8606466,70.550894));
#5312 = CARTESIAN_POINT('',(67.8606466,69.667536656605));
#5313 = CARTESIAN_POINT('',(67.0956367,70.109215328302));
#5314 = CARTESIAN_POINT('',(66.3306268,70.550894));
#5315 = CARTESIAN_POINT('',(67.0956367,70.992572671698));
#5316 = CARTESIAN_POINT('',(67.8606466,71.434251343395));
#5317 = CARTESIAN_POINT('',(67.8606466,70.550894));
#5318 = ( GEOMETRIC_REPRESENTATION_CONTEXT(2) 
PARAMETRIC_REPRESENTATION_CONTEXT() REPRESENTATION_CONTEXT('2D SPACE',''
  ) );
#5319 = PCURVE('',#2944,#5320);
#5320 = DEFINITIONAL_REPRESENTATION('',(#5321),#5325);
#5321 = LINE('',#5322,#5323);
#5322 = CARTESIAN_POINT('',(-6.28318530718,-0.1));
#5323 = VECTOR('',#5324,1.);
#5324 = DIRECTION('',(1.,-0.));
#5325 = ( GEOMETRIC_REPRESENTATION_CONTEXT(2) 
PARAMETRIC_REPRESENTATION_CONTEXT() REPRESENTATION_CONTEXT('2D SPACE',''
  ) );
#5326 = FACE_BOUND('',#5327,.F.);
#5327 = EDGE_LOOP('',(#5328));
#5328 = ORIENTED_EDGE('',*,*,#5329,.T.);
#5329 = EDGE_CURVE('',#5330,#5330,#5332,.T.);
#5330 = VERTEX_POINT('',#5331);
#5331 = CARTESIAN_POINT('',(70.4006466,-2.499106,0.));
#5332 = SURFACE_CURVE('',#5333,(#5338,#5349),.PCURVE_S1.);
#5333 = CIRCLE('',#5334,0.5100066);
#5334 = AXIS2_PLACEMENT_3D('',#5335,#5336,#5337);
#5335 = CARTESIAN_POINT('',(69.89064,-2.499106,0.));
#5336 = DIRECTION('',(0.,0.,-1.));
#5337 = DIRECTION('',(1.,0.,0.));
#5338 = PCURVE('',#210,#5339);
#5339 = DEFINITIONAL_REPRESENTATION('',(#5340),#5348);
#5340 = ( BOUNDED_CURVE() B_SPLINE_CURVE(2,(#5341,#5342,#5343,#5344,
#5345,#5346,#5347),.UNSPECIFIED.,.T.,.F.) B_SPLINE_CURVE_WITH_KNOTS((1,2
    ,2,2,2,1),(-2.094395102393,0.,2.094395102393,4.188790204786,
6.28318530718,8.377580409573),.UNSPECIFIED.) CURVE() 
GEOMETRIC_REPRESENTATION_ITEM() RATIONAL_B_SPLINE_CURVE((1.,0.5,1.,0.5,
1.,0.5,1.)) REPRESENTATION_ITEM('') );
#5341 = CARTESIAN_POINT('',(70.4006466,70.550894));
#5342 = CARTESIAN_POINT('',(70.4006466,69.667536656605));
#5343 = CARTESIAN_POINT('',(69.6356367,70.109215328302));
#5344 = CARTESIAN_POINT('',(68.8706268,70.550894));
#5345 = CARTESIAN_POINT('',(69.6356367,70.992572671698));
#5346 = CARTESIAN_POINT('',(70.4006466,71.434251343395));
#5347 = CARTESIAN_POINT('',(70.4006466,70.550894));
#5348 = ( GEOMETRIC_REPRESENTATION_CONTEXT(2) 
PARAMETRIC_REPRESENTATION_CONTEXT() REPRESENTATION_CONTEXT('2D SPACE',''
  ) );
#5349 = PCURVE('',#2979,#5350);
#5350 = DEFINITIONAL_REPRESENTATION('',(#5351),#5355);
#5351 = LINE('',#5352,#5353);
#5352 = CARTESIAN_POINT('',(-6.28318530718,-0.1));
#5353 = VECTOR('',#5354,1.);
#5354 = DIRECTION('',(1.,-0.));
#5355 = ( GEOMETRIC_REPRESENTATION_CONTEXT(2) 
PARAMETRIC_REPRESENTATION_CONTEXT() REPRESENTATION_CONTEXT('2D SPACE',''
  ) );
#5356 = FACE_BOUND('',#5357,.F.);
#5357 = EDGE_LOOP('',(#5358));
#5358 = ORIENTED_EDGE('',*,*,#5359,.T.);
#5359 = EDGE_CURVE('',#5360,#5360,#5362,.T.);
#5360 = VERTEX_POINT('',#5361);
#5361 = CARTESIAN_POINT('',(75.3000018,-2.500122,0.));
#5362 = SURFACE_CURVE('',#5363,(#5368,#5379),.PCURVE_S1.);
#5363 = CIRCLE('',#5364,1.0999978);
#5364 = AXIS2_PLACEMENT_3D('',#5365,#5366,#5367);
#5365 = CARTESIAN_POINT('',(74.200004,-2.500122,0.));
#5366 = DIRECTION('',(0.,0.,-1.));
#5367 = DIRECTION('',(1.,0.,0.));
#5368 = PCURVE('',#210,#5369);
#5369 = DEFINITIONAL_REPRESENTATION('',(#5370),#5378);
#5370 = ( BOUNDED_CURVE() B_SPLINE_CURVE(2,(#5371,#5372,#5373,#5374,
#5375,#5376,#5377),.UNSPECIFIED.,.T.,.F.) B_SPLINE_CURVE_WITH_KNOTS((1,2
    ,2,2,2,1),(-2.094395102393,0.,2.094395102393,4.188790204786,
6.28318530718,8.377580409573),.UNSPECIFIED.) CURVE() 
GEOMETRIC_REPRESENTATION_ITEM() RATIONAL_B_SPLINE_CURVE((1.,0.5,1.,0.5,
1.,0.5,1.)) REPRESENTATION_ITEM('') );
#5371 = CARTESIAN_POINT('',(75.3000018,70.549878));
#5372 = CARTESIAN_POINT('',(75.3000018,68.644625922186));
#5373 = CARTESIAN_POINT('',(73.6500051,69.597251961093));
#5374 = CARTESIAN_POINT('',(72.0000084,70.549878));
#5375 = CARTESIAN_POINT('',(73.6500051,71.502504038907));
#5376 = CARTESIAN_POINT('',(75.3000018,72.455130077814));
#5377 = CARTESIAN_POINT('',(75.3000018,70.549878));
#5378 = ( GEOMETRIC_REPRESENTATION_CONTEXT(2) 
PARAMETRIC_REPRESENTATION_CONTEXT() REPRESENTATION_CONTEXT('2D SPACE',''
  ) );
#5379 = PCURVE('',#3014,#5380);
#5380 = DEFINITIONAL_REPRESENTATION('',(#5381),#5385);
#5381 = LINE('',#5382,#5383);
#5382 = CARTESIAN_POINT('',(-6.28318530718,-0.1));
#5383 = VECTOR('',#5384,1.);
#5384 = DIRECTION('',(1.,-0.));
#5385 = ( GEOMETRIC_REPRESENTATION_CONTEXT(2) 
PARAMETRIC_REPRESENTATION_CONTEXT() REPRESENTATION_CONTEXT('2D SPACE',''
  ) );
#5386 = FACE_BOUND('',#5387,.F.);
#5387 = EDGE_LOOP('',(#5388));
#5388 = ORIENTED_EDGE('',*,*,#5389,.T.);
#5389 = EDGE_CURVE('',#5390,#5390,#5392,.T.);
#5390 = VERTEX_POINT('',#5391);
#5391 = CARTESIAN_POINT('',(82.0999628,-3.50012,0.));
#5392 = SURFACE_CURVE('',#5393,(#5398,#5409),.PCURVE_S1.);
#5393 = CIRCLE('',#5394,1.5999968);
#5394 = AXIS2_PLACEMENT_3D('',#5395,#5396,#5397);
#5395 = CARTESIAN_POINT('',(80.499966,-3.50012,0.));
#5396 = DIRECTION('',(0.,0.,-1.));
#5397 = DIRECTION('',(1.,0.,0.));
#5398 = PCURVE('',#210,#5399);
#5399 = DEFINITIONAL_REPRESENTATION('',(#5400),#5408);
#5400 = ( BOUNDED_CURVE() B_SPLINE_CURVE(2,(#5401,#5402,#5403,#5404,
#5405,#5406,#5407),.UNSPECIFIED.,.T.,.F.) B_SPLINE_CURVE_WITH_KNOTS((1,2
    ,2,2,2,1),(-2.094395102393,0.,2.094395102393,4.188790204786,
6.28318530718,8.377580409573),.UNSPECIFIED.) CURVE() 
GEOMETRIC_REPRESENTATION_ITEM() RATIONAL_B_SPLINE_CURVE((1.,0.5,1.,0.5,
1.,0.5,1.)) REPRESENTATION_ITEM('') );
#5401 = CARTESIAN_POINT('',(82.0999628,69.54988));
#5402 = CARTESIAN_POINT('',(82.0999628,66.778604250452));
#5403 = CARTESIAN_POINT('',(79.6999676,68.164242125226));
#5404 = CARTESIAN_POINT('',(77.2999724,69.54988));
#5405 = CARTESIAN_POINT('',(79.6999676,70.935517874774));
#5406 = CARTESIAN_POINT('',(82.0999628,72.321155749548));
#5407 = CARTESIAN_POINT('',(82.0999628,69.54988));
#5408 = ( GEOMETRIC_REPRESENTATION_CONTEXT(2) 
PARAMETRIC_REPRESENTATION_CONTEXT() REPRESENTATION_CONTEXT('2D SPACE',''
  ) );
#5409 = PCURVE('',#3049,#5410);
#5410 = DEFINITIONAL_REPRESENTATION('',(#5411),#5415);
#5411 = LINE('',#5412,#5413);
#5412 = CARTESIAN_POINT('',(-6.28318530718,-0.1));
#5413 = VECTOR('',#5414,1.);
#5414 = DIRECTION('',(1.,-0.));
#5415 = ( GEOMETRIC_REPRESENTATION_CONTEXT(2) 
PARAMETRIC_REPRESENTATION_CONTEXT() REPRESENTATION_CONTEXT('2D SPACE',''
  ) );
#5416 = ADVANCED_FACE('',(#5417),#340,.T.);
#5417 = FACE_BOUND('',#5418,.T.);
#5418 = EDGE_LOOP('',(#5419,#5420,#5421,#5422));
#5419 = ORIENTED_EDGE('',*,*,#326,.F.);
#5420 = ORIENTED_EDGE('',*,*,#3115,.T.);
#5421 = ORIENTED_EDGE('',*,*,#3089,.T.);
#5422 = ORIENTED_EDGE('',*,*,#357,.F.);
#5423 = ADVANCED_FACE('',(#5424),#424,.F.);
#5424 = FACE_BOUND('',#5425,.T.);
#5425 = EDGE_LOOP('',(#5426,#5427,#5448,#5449));
#5426 = ORIENTED_EDGE('',*,*,#3139,.T.);
#5427 = ORIENTED_EDGE('',*,*,#5428,.T.);
#5428 = EDGE_CURVE('',#3140,#404,#5429,.T.);
#5429 = SEAM_CURVE('',#5430,(#5434,#5441),.PCURVE_S1.);
#5430 = LINE('',#5431,#5432);
#5431 = CARTESIAN_POINT('',(5.1001168,-69.550026,-0.1));
#5432 = VECTOR('',#5433,1.);
#5433 = DIRECTION('',(0.,0.,1.));
#5434 = PCURVE('',#424,#5435);
#5435 = DEFINITIONAL_REPRESENTATION('',(#5436),#5440);
#5436 = LINE('',#5437,#5438);
#5437 = CARTESIAN_POINT('',(-6.28318530718,0.));
#5438 = VECTOR('',#5439,1.);
#5439 = DIRECTION('',(-0.,-1.));
#5440 = ( GEOMETRIC_REPRESENTATION_CONTEXT(2) 
PARAMETRIC_REPRESENTATION_CONTEXT() REPRESENTATION_CONTEXT('2D SPACE',''
  ) );
#5441 = PCURVE('',#424,#5442);
#5442 = DEFINITIONAL_REPRESENTATION('',(#5443),#5447);
#5443 = LINE('',#5444,#5445);
#5444 = CARTESIAN_POINT('',(-0.,0.));
#5445 = VECTOR('',#5446,1.);
#5446 = DIRECTION('',(-0.,-1.));
#5447 = ( GEOMETRIC_REPRESENTATION_CONTEXT(2) 
PARAMETRIC_REPRESENTATION_CONTEXT() REPRESENTATION_CONTEXT('2D SPACE',''
  ) );
#5448 = ORIENTED_EDGE('',*,*,#403,.F.);
#5449 = ORIENTED_EDGE('',*,*,#5428,.F.);
#5450 = ADVANCED_FACE('',(#5451),#459,.F.);
#5451 = FACE_BOUND('',#5452,.T.);
#5452 = EDGE_LOOP('',(#5453,#5454,#5475,#5476));
#5453 = ORIENTED_EDGE('',*,*,#3169,.T.);
#5454 = ORIENTED_EDGE('',*,*,#5455,.T.);
#5455 = EDGE_CURVE('',#3170,#439,#5456,.T.);
#5456 = SEAM_CURVE('',#5457,(#5461,#5468),.PCURVE_S1.);
#5457 = LINE('',#5458,#5459);
#5458 = CARTESIAN_POINT('',(19.355816,-59.859926,-0.1));
#5459 = VECTOR('',#5460,1.);
#5460 = DIRECTION('',(0.,0.,1.));
#5461 = PCURVE('',#459,#5462);
#5462 = DEFINITIONAL_REPRESENTATION('',(#5463),#5467);
#5463 = LINE('',#5464,#5465);
#5464 = CARTESIAN_POINT('',(-6.28318530718,0.));
#5465 = VECTOR('',#5466,1.);
#5466 = DIRECTION('',(-0.,-1.));
#5467 = ( GEOMETRIC_REPRESENTATION_CONTEXT(2) 
PARAMETRIC_REPRESENTATION_CONTEXT() REPRESENTATION_CONTEXT('2D SPACE',''
  ) );
#5468 = PCURVE('',#459,#5469);
#5469 = DEFINITIONAL_REPRESENTATION('',(#5470),#5474);
#5470 = LINE('',#5471,#5472);
#5471 = CARTESIAN_POINT('',(-0.,0.));
#5472 = VECTOR('',#5473,1.);
#5473 = DIRECTION('',(-0.,-1.));
#5474 = ( GEOMETRIC_REPRESENTATION_CONTEXT(2) 
PARAMETRIC_REPRESENTATION_CONTEXT() REPRESENTATION_CONTEXT('2D SPACE',''
  ) );
#5475 = ORIENTED_EDGE('',*,*,#438,.F.);
#5476 = ORIENTED_EDGE('',*,*,#5455,.F.);
#5477 = ADVANCED_FACE('',(#5478),#494,.F.);
#5478 = FACE_BOUND('',#5479,.T.);
#5479 = EDGE_LOOP('',(#5480,#5481,#5502,#5503));
#5480 = ORIENTED_EDGE('',*,*,#3199,.T.);
#5481 = ORIENTED_EDGE('',*,*,#5482,.T.);
#5482 = EDGE_CURVE('',#3200,#474,#5483,.T.);
#5483 = SEAM_CURVE('',#5484,(#5488,#5495),.PCURVE_S1.);
#5484 = LINE('',#5485,#5486);
#5485 = CARTESIAN_POINT('',(20.3259436,-57.319926,-0.1));
#5486 = VECTOR('',#5487,1.);
#5487 = DIRECTION('',(0.,0.,1.));
#5488 = PCURVE('',#494,#5489);
#5489 = DEFINITIONAL_REPRESENTATION('',(#5490),#5494);
#5490 = LINE('',#5491,#5492);
#5491 = CARTESIAN_POINT('',(-6.28318530718,0.));
#5492 = VECTOR('',#5493,1.);
#5493 = DIRECTION('',(-0.,-1.));
#5494 = ( GEOMETRIC_REPRESENTATION_CONTEXT(2) 
PARAMETRIC_REPRESENTATION_CONTEXT() REPRESENTATION_CONTEXT('2D SPACE',''
  ) );
#5495 = PCURVE('',#494,#5496);
#5496 = DEFINITIONAL_REPRESENTATION('',(#5497),#5501);
#5497 = LINE('',#5498,#5499);
#5498 = CARTESIAN_POINT('',(-0.,0.));
#5499 = VECTOR('',#5500,1.);
#5500 = DIRECTION('',(-0.,-1.));
#5501 = ( GEOMETRIC_REPRESENTATION_CONTEXT(2) 
PARAMETRIC_REPRESENTATION_CONTEXT() REPRESENTATION_CONTEXT('2D SPACE',''
  ) );
#5502 = ORIENTED_EDGE('',*,*,#473,.F.);
#5503 = ORIENTED_EDGE('',*,*,#5482,.F.);
#5504 = ADVANCED_FACE('',(#5505),#529,.F.);
#5505 = FACE_BOUND('',#5506,.T.);
#5506 = EDGE_LOOP('',(#5507,#5508,#5529,#5530));
#5507 = ORIENTED_EDGE('',*,*,#3229,.T.);
#5508 = ORIENTED_EDGE('',*,*,#5509,.T.);
#5509 = EDGE_CURVE('',#3230,#509,#5510,.T.);
#5510 = SEAM_CURVE('',#5511,(#5515,#5522),.PCURVE_S1.);
#5511 = LINE('',#5512,#5513);
#5512 = CARTESIAN_POINT('',(25.584912,-59.859926,-0.1));
#5513 = VECTOR('',#5514,1.);
#5514 = DIRECTION('',(0.,0.,1.));
#5515 = PCURVE('',#529,#5516);
#5516 = DEFINITIONAL_REPRESENTATION('',(#5517),#5521);
#5517 = LINE('',#5518,#5519);
#5518 = CARTESIAN_POINT('',(-6.28318530718,0.));
#5519 = VECTOR('',#5520,1.);
#5520 = DIRECTION('',(-0.,-1.));
#5521 = ( GEOMETRIC_REPRESENTATION_CONTEXT(2) 
PARAMETRIC_REPRESENTATION_CONTEXT() REPRESENTATION_CONTEXT('2D SPACE',''
  ) );
#5522 = PCURVE('',#529,#5523);
#5523 = DEFINITIONAL_REPRESENTATION('',(#5524),#5528);
#5524 = LINE('',#5525,#5526);
#5525 = CARTESIAN_POINT('',(-0.,0.));
#5526 = VECTOR('',#5527,1.);
#5527 = DIRECTION('',(-0.,-1.));
#5528 = ( GEOMETRIC_REPRESENTATION_CONTEXT(2) 
PARAMETRIC_REPRESENTATION_CONTEXT() REPRESENTATION_CONTEXT('2D SPACE',''
  ) );
#5529 = ORIENTED_EDGE('',*,*,#508,.F.);
#5530 = ORIENTED_EDGE('',*,*,#5509,.F.);
#5531 = ADVANCED_FACE('',(#5532),#564,.F.);
#5532 = FACE_BOUND('',#5533,.T.);
#5533 = EDGE_LOOP('',(#5534,#5535,#5556,#5557));
#5534 = ORIENTED_EDGE('',*,*,#3259,.T.);
#5535 = ORIENTED_EDGE('',*,*,#5536,.T.);
#5536 = EDGE_CURVE('',#3260,#544,#5537,.T.);
#5537 = SEAM_CURVE('',#5538,(#5542,#5549),.PCURVE_S1.);
#5538 = LINE('',#5539,#5540);
#5539 = CARTESIAN_POINT('',(29.515816,-59.859926,-0.1));
#5540 = VECTOR('',#5541,1.);
#5541 = DIRECTION('',(0.,0.,1.));
#5542 = PCURVE('',#564,#5543);
#5543 = DEFINITIONAL_REPRESENTATION('',(#5544),#5548);
#5544 = LINE('',#5545,#5546);
#5545 = CARTESIAN_POINT('',(-6.28318530718,0.));
#5546 = VECTOR('',#5547,1.);
#5547 = DIRECTION('',(-0.,-1.));
#5548 = ( GEOMETRIC_REPRESENTATION_CONTEXT(2) 
PARAMETRIC_REPRESENTATION_CONTEXT() REPRESENTATION_CONTEXT('2D SPACE',''
  ) );
#5549 = PCURVE('',#564,#5550);
#5550 = DEFINITIONAL_REPRESENTATION('',(#5551),#5555);
#5551 = LINE('',#5552,#5553);
#5552 = CARTESIAN_POINT('',(-0.,0.));
#5553 = VECTOR('',#5554,1.);
#5554 = DIRECTION('',(-0.,-1.));
#5555 = ( GEOMETRIC_REPRESENTATION_CONTEXT(2) 
PARAMETRIC_REPRESENTATION_CONTEXT() REPRESENTATION_CONTEXT('2D SPACE',''
  ) );
#5556 = ORIENTED_EDGE('',*,*,#543,.F.);
#5557 = ORIENTED_EDGE('',*,*,#5536,.F.);
#5558 = ADVANCED_FACE('',(#5559),#599,.F.);
#5559 = FACE_BOUND('',#5560,.T.);
#5560 = EDGE_LOOP('',(#5561,#5562,#5583,#5584));
#5561 = ORIENTED_EDGE('',*,*,#3289,.T.);
#5562 = ORIENTED_EDGE('',*,*,#5563,.T.);
#5563 = EDGE_CURVE('',#3290,#579,#5564,.T.);
#5564 = SEAM_CURVE('',#5565,(#5569,#5576),.PCURVE_S1.);
#5565 = LINE('',#5566,#5567);
#5566 = CARTESIAN_POINT('',(26.6759436,-54.779926,-0.1));
#5567 = VECTOR('',#5568,1.);
#5568 = DIRECTION('',(0.,0.,1.));
#5569 = PCURVE('',#599,#5570);
#5570 = DEFINITIONAL_REPRESENTATION('',(#5571),#5575);
#5571 = LINE('',#5572,#5573);
#5572 = CARTESIAN_POINT('',(-6.28318530718,0.));
#5573 = VECTOR('',#5574,1.);
#5574 = DIRECTION('',(-0.,-1.));
#5575 = ( GEOMETRIC_REPRESENTATION_CONTEXT(2) 
PARAMETRIC_REPRESENTATION_CONTEXT() REPRESENTATION_CONTEXT('2D SPACE',''
  ) );
#5576 = PCURVE('',#599,#5577);
#5577 = DEFINITIONAL_REPRESENTATION('',(#5578),#5582);
#5578 = LINE('',#5579,#5580);
#5579 = CARTESIAN_POINT('',(-0.,0.));
#5580 = VECTOR('',#5581,1.);
#5581 = DIRECTION('',(-0.,-1.));
#5582 = ( GEOMETRIC_REPRESENTATION_CONTEXT(2) 
PARAMETRIC_REPRESENTATION_CONTEXT() REPRESENTATION_CONTEXT('2D SPACE',''
  ) );
#5583 = ORIENTED_EDGE('',*,*,#578,.F.);
#5584 = ORIENTED_EDGE('',*,*,#5563,.F.);
#5585 = ADVANCED_FACE('',(#5586),#634,.F.);
#5586 = FACE_BOUND('',#5587,.T.);
#5587 = EDGE_LOOP('',(#5588,#5589,#5610,#5611));
#5588 = ORIENTED_EDGE('',*,*,#3319,.T.);
#5589 = ORIENTED_EDGE('',*,*,#5590,.T.);
#5590 = EDGE_CURVE('',#3320,#614,#5591,.T.);
#5591 = SEAM_CURVE('',#5592,(#5596,#5603),.PCURVE_S1.);
#5592 = LINE('',#5593,#5594);
#5593 = CARTESIAN_POINT('',(38.403784,-59.859926,-0.1));
#5594 = VECTOR('',#5595,1.);
#5595 = DIRECTION('',(0.,0.,1.));
#5596 = PCURVE('',#634,#5597);
#5597 = DEFINITIONAL_REPRESENTATION('',(#5598),#5602);
#5598 = LINE('',#5599,#5600);
#5599 = CARTESIAN_POINT('',(-6.28318530718,0.));
#5600 = VECTOR('',#5601,1.);
#5601 = DIRECTION('',(-0.,-1.));
#5602 = ( GEOMETRIC_REPRESENTATION_CONTEXT(2) 
PARAMETRIC_REPRESENTATION_CONTEXT() REPRESENTATION_CONTEXT('2D SPACE',''
  ) );
#5603 = PCURVE('',#634,#5604);
#5604 = DEFINITIONAL_REPRESENTATION('',(#5605),#5609);
#5605 = LINE('',#5606,#5607);
#5606 = CARTESIAN_POINT('',(-0.,0.));
#5607 = VECTOR('',#5608,1.);
#5608 = DIRECTION('',(-0.,-1.));
#5609 = ( GEOMETRIC_REPRESENTATION_CONTEXT(2) 
PARAMETRIC_REPRESENTATION_CONTEXT() REPRESENTATION_CONTEXT('2D SPACE',''
  ) );
#5610 = ORIENTED_EDGE('',*,*,#613,.F.);
#5611 = ORIENTED_EDGE('',*,*,#5590,.F.);
#5612 = ADVANCED_FACE('',(#5613),#669,.F.);
#5613 = FACE_BOUND('',#5614,.T.);
#5614 = EDGE_LOOP('',(#5615,#5616,#5637,#5638));
#5615 = ORIENTED_EDGE('',*,*,#3349,.T.);
#5616 = ORIENTED_EDGE('',*,*,#5617,.T.);
#5617 = EDGE_CURVE('',#3350,#649,#5618,.T.);
#5618 = SEAM_CURVE('',#5619,(#5623,#5630),.PCURVE_S1.);
#5619 = LINE('',#5620,#5621);
#5620 = CARTESIAN_POINT('',(39.3739116,-57.319926,-0.1));
#5621 = VECTOR('',#5622,1.);
#5622 = DIRECTION('',(0.,0.,1.));
#5623 = PCURVE('',#669,#5624);
#5624 = DEFINITIONAL_REPRESENTATION('',(#5625),#5629);
#5625 = LINE('',#5626,#5627);
#5626 = CARTESIAN_POINT('',(-6.28318530718,0.));
#5627 = VECTOR('',#5628,1.);
#5628 = DIRECTION('',(-0.,-1.));
#5629 = ( GEOMETRIC_REPRESENTATION_CONTEXT(2) 
PARAMETRIC_REPRESENTATION_CONTEXT() REPRESENTATION_CONTEXT('2D SPACE',''
  ) );
#5630 = PCURVE('',#669,#5631);
#5631 = DEFINITIONAL_REPRESENTATION('',(#5632),#5636);
#5632 = LINE('',#5633,#5634);
#5633 = CARTESIAN_POINT('',(-0.,0.));
#5634 = VECTOR('',#5635,1.);
#5635 = DIRECTION('',(-0.,-1.));
#5636 = ( GEOMETRIC_REPRESENTATION_CONTEXT(2) 
PARAMETRIC_REPRESENTATION_CONTEXT() REPRESENTATION_CONTEXT('2D SPACE',''
  ) );
#5637 = ORIENTED_EDGE('',*,*,#648,.F.);
#5638 = ORIENTED_EDGE('',*,*,#5617,.F.);
#5639 = ADVANCED_FACE('',(#5640),#704,.F.);
#5640 = FACE_BOUND('',#5641,.T.);
#5641 = EDGE_LOOP('',(#5642,#5643,#5664,#5665));
#5642 = ORIENTED_EDGE('',*,*,#3379,.T.);
#5643 = ORIENTED_EDGE('',*,*,#5644,.T.);
#5644 = EDGE_CURVE('',#3380,#684,#5645,.T.);
#5645 = SEAM_CURVE('',#5646,(#5650,#5657),.PCURVE_S1.);
#5646 = LINE('',#5647,#5648);
#5647 = CARTESIAN_POINT('',(19.355816,-40.809926,-0.1));
#5648 = VECTOR('',#5649,1.);
#5649 = DIRECTION('',(0.,0.,1.));
#5650 = PCURVE('',#704,#5651);
#5651 = DEFINITIONAL_REPRESENTATION('',(#5652),#5656);
#5652 = LINE('',#5653,#5654);
#5653 = CARTESIAN_POINT('',(-6.28318530718,0.));
#5654 = VECTOR('',#5655,1.);
#5655 = DIRECTION('',(-0.,-1.));
#5656 = ( GEOMETRIC_REPRESENTATION_CONTEXT(2) 
PARAMETRIC_REPRESENTATION_CONTEXT() REPRESENTATION_CONTEXT('2D SPACE',''
  ) );
#5657 = PCURVE('',#704,#5658);
#5658 = DEFINITIONAL_REPRESENTATION('',(#5659),#5663);
#5659 = LINE('',#5660,#5661);
#5660 = CARTESIAN_POINT('',(-0.,0.));
#5661 = VECTOR('',#5662,1.);
#5662 = DIRECTION('',(-0.,-1.));
#5663 = ( GEOMETRIC_REPRESENTATION_CONTEXT(2) 
PARAMETRIC_REPRESENTATION_CONTEXT() REPRESENTATION_CONTEXT('2D SPACE',''
  ) );
#5664 = ORIENTED_EDGE('',*,*,#683,.F.);
#5665 = ORIENTED_EDGE('',*,*,#5644,.F.);
#5666 = ADVANCED_FACE('',(#5667),#739,.F.);
#5667 = FACE_BOUND('',#5668,.T.);
#5668 = EDGE_LOOP('',(#5669,#5670,#5691,#5692));
#5669 = ORIENTED_EDGE('',*,*,#3409,.T.);
#5670 = ORIENTED_EDGE('',*,*,#5671,.T.);
#5671 = EDGE_CURVE('',#3410,#719,#5672,.T.);
#5672 = SEAM_CURVE('',#5673,(#5677,#5684),.PCURVE_S1.);
#5673 = LINE('',#5674,#5675);
#5674 = CARTESIAN_POINT('',(20.3259436,-38.269926,-0.1));
#5675 = VECTOR('',#5676,1.);
#5676 = DIRECTION('',(0.,0.,1.));
#5677 = PCURVE('',#739,#5678);
#5678 = DEFINITIONAL_REPRESENTATION('',(#5679),#5683);
#5679 = LINE('',#5680,#5681);
#5680 = CARTESIAN_POINT('',(-6.28318530718,0.));
#5681 = VECTOR('',#5682,1.);
#5682 = DIRECTION('',(-0.,-1.));
#5683 = ( GEOMETRIC_REPRESENTATION_CONTEXT(2) 
PARAMETRIC_REPRESENTATION_CONTEXT() REPRESENTATION_CONTEXT('2D SPACE',''
  ) );
#5684 = PCURVE('',#739,#5685);
#5685 = DEFINITIONAL_REPRESENTATION('',(#5686),#5690);
#5686 = LINE('',#5687,#5688);
#5687 = CARTESIAN_POINT('',(-0.,0.));
#5688 = VECTOR('',#5689,1.);
#5689 = DIRECTION('',(-0.,-1.));
#5690 = ( GEOMETRIC_REPRESENTATION_CONTEXT(2) 
PARAMETRIC_REPRESENTATION_CONTEXT() REPRESENTATION_CONTEXT('2D SPACE',''
  ) );
#5691 = ORIENTED_EDGE('',*,*,#718,.F.);
#5692 = ORIENTED_EDGE('',*,*,#5671,.F.);
#5693 = ADVANCED_FACE('',(#5694),#774,.F.);
#5694 = FACE_BOUND('',#5695,.T.);
#5695 = EDGE_LOOP('',(#5696,#5697,#5718,#5719));
#5696 = ORIENTED_EDGE('',*,*,#3439,.T.);
#5697 = ORIENTED_EDGE('',*,*,#5698,.T.);
#5698 = EDGE_CURVE('',#3440,#754,#5699,.T.);
#5699 = SEAM_CURVE('',#5700,(#5704,#5711),.PCURVE_S1.);
#5700 = LINE('',#5701,#5702);
#5701 = CARTESIAN_POINT('',(25.584912,-40.809926,-0.1));
#5702 = VECTOR('',#5703,1.);
#5703 = DIRECTION('',(0.,0.,1.));
#5704 = PCURVE('',#774,#5705);
#5705 = DEFINITIONAL_REPRESENTATION('',(#5706),#5710);
#5706 = LINE('',#5707,#5708);
#5707 = CARTESIAN_POINT('',(-6.28318530718,0.));
#5708 = VECTOR('',#5709,1.);
#5709 = DIRECTION('',(-0.,-1.));
#5710 = ( GEOMETRIC_REPRESENTATION_CONTEXT(2) 
PARAMETRIC_REPRESENTATION_CONTEXT() REPRESENTATION_CONTEXT('2D SPACE',''
  ) );
#5711 = PCURVE('',#774,#5712);
#5712 = DEFINITIONAL_REPRESENTATION('',(#5713),#5717);
#5713 = LINE('',#5714,#5715);
#5714 = CARTESIAN_POINT('',(-0.,0.));
#5715 = VECTOR('',#5716,1.);
#5716 = DIRECTION('',(-0.,-1.));
#5717 = ( GEOMETRIC_REPRESENTATION_CONTEXT(2) 
PARAMETRIC_REPRESENTATION_CONTEXT() REPRESENTATION_CONTEXT('2D SPACE',''
  ) );
#5718 = ORIENTED_EDGE('',*,*,#753,.F.);
#5719 = ORIENTED_EDGE('',*,*,#5698,.F.);
#5720 = ADVANCED_FACE('',(#5721),#809,.F.);
#5721 = FACE_BOUND('',#5722,.T.);
#5722 = EDGE_LOOP('',(#5723,#5724,#5745,#5746));
#5723 = ORIENTED_EDGE('',*,*,#3469,.T.);
#5724 = ORIENTED_EDGE('',*,*,#5725,.T.);
#5725 = EDGE_CURVE('',#3470,#789,#5726,.T.);
#5726 = SEAM_CURVE('',#5727,(#5731,#5738),.PCURVE_S1.);
#5727 = LINE('',#5728,#5729);
#5728 = CARTESIAN_POINT('',(29.515816,-40.809926,-0.1));
#5729 = VECTOR('',#5730,1.);
#5730 = DIRECTION('',(0.,0.,1.));
#5731 = PCURVE('',#809,#5732);
#5732 = DEFINITIONAL_REPRESENTATION('',(#5733),#5737);
#5733 = LINE('',#5734,#5735);
#5734 = CARTESIAN_POINT('',(-6.28318530718,0.));
#5735 = VECTOR('',#5736,1.);
#5736 = DIRECTION('',(-0.,-1.));
#5737 = ( GEOMETRIC_REPRESENTATION_CONTEXT(2) 
PARAMETRIC_REPRESENTATION_CONTEXT() REPRESENTATION_CONTEXT('2D SPACE',''
  ) );
#5738 = PCURVE('',#809,#5739);
#5739 = DEFINITIONAL_REPRESENTATION('',(#5740),#5744);
#5740 = LINE('',#5741,#5742);
#5741 = CARTESIAN_POINT('',(-0.,0.));
#5742 = VECTOR('',#5743,1.);
#5743 = DIRECTION('',(-0.,-1.));
#5744 = ( GEOMETRIC_REPRESENTATION_CONTEXT(2) 
PARAMETRIC_REPRESENTATION_CONTEXT() REPRESENTATION_CONTEXT('2D SPACE',''
  ) );
#5745 = ORIENTED_EDGE('',*,*,#788,.F.);
#5746 = ORIENTED_EDGE('',*,*,#5725,.F.);
#5747 = ADVANCED_FACE('',(#5748),#844,.F.);
#5748 = FACE_BOUND('',#5749,.T.);
#5749 = EDGE_LOOP('',(#5750,#5751,#5772,#5773));
#5750 = ORIENTED_EDGE('',*,*,#3499,.T.);
#5751 = ORIENTED_EDGE('',*,*,#5752,.T.);
#5752 = EDGE_CURVE('',#3500,#824,#5753,.T.);
#5753 = SEAM_CURVE('',#5754,(#5758,#5765),.PCURVE_S1.);
#5754 = LINE('',#5755,#5756);
#5755 = CARTESIAN_POINT('',(38.403784,-40.809926,-0.1));
#5756 = VECTOR('',#5757,1.);
#5757 = DIRECTION('',(0.,0.,1.));
#5758 = PCURVE('',#844,#5759);
#5759 = DEFINITIONAL_REPRESENTATION('',(#5760),#5764);
#5760 = LINE('',#5761,#5762);
#5761 = CARTESIAN_POINT('',(-6.28318530718,0.));
#5762 = VECTOR('',#5763,1.);
#5763 = DIRECTION('',(-0.,-1.));
#5764 = ( GEOMETRIC_REPRESENTATION_CONTEXT(2) 
PARAMETRIC_REPRESENTATION_CONTEXT() REPRESENTATION_CONTEXT('2D SPACE',''
  ) );
#5765 = PCURVE('',#844,#5766);
#5766 = DEFINITIONAL_REPRESENTATION('',(#5767),#5771);
#5767 = LINE('',#5768,#5769);
#5768 = CARTESIAN_POINT('',(-0.,0.));
#5769 = VECTOR('',#5770,1.);
#5770 = DIRECTION('',(-0.,-1.));
#5771 = ( GEOMETRIC_REPRESENTATION_CONTEXT(2) 
PARAMETRIC_REPRESENTATION_CONTEXT() REPRESENTATION_CONTEXT('2D SPACE',''
  ) );
#5772 = ORIENTED_EDGE('',*,*,#823,.F.);
#5773 = ORIENTED_EDGE('',*,*,#5752,.F.);
#5774 = ADVANCED_FACE('',(#5775),#879,.F.);
#5775 = FACE_BOUND('',#5776,.T.);
#5776 = EDGE_LOOP('',(#5777,#5778,#5799,#5800));
#5777 = ORIENTED_EDGE('',*,*,#3529,.T.);
#5778 = ORIENTED_EDGE('',*,*,#5779,.T.);
#5779 = EDGE_CURVE('',#3530,#859,#5780,.T.);
#5780 = SEAM_CURVE('',#5781,(#5785,#5792),.PCURVE_S1.);
#5781 = LINE('',#5782,#5783);
#5782 = CARTESIAN_POINT('',(39.3739116,-38.269926,-0.1));
#5783 = VECTOR('',#5784,1.);
#5784 = DIRECTION('',(0.,0.,1.));
#5785 = PCURVE('',#879,#5786);
#5786 = DEFINITIONAL_REPRESENTATION('',(#5787),#5791);
#5787 = LINE('',#5788,#5789);
#5788 = CARTESIAN_POINT('',(-6.28318530718,0.));
#5789 = VECTOR('',#5790,1.);
#5790 = DIRECTION('',(-0.,-1.));
#5791 = ( GEOMETRIC_REPRESENTATION_CONTEXT(2) 
PARAMETRIC_REPRESENTATION_CONTEXT() REPRESENTATION_CONTEXT('2D SPACE',''
  ) );
#5792 = PCURVE('',#879,#5793);
#5793 = DEFINITIONAL_REPRESENTATION('',(#5794),#5798);
#5794 = LINE('',#5795,#5796);
#5795 = CARTESIAN_POINT('',(-0.,0.));
#5796 = VECTOR('',#5797,1.);
#5797 = DIRECTION('',(-0.,-1.));
#5798 = ( GEOMETRIC_REPRESENTATION_CONTEXT(2) 
PARAMETRIC_REPRESENTATION_CONTEXT() REPRESENTATION_CONTEXT('2D SPACE',''
  ) );
#5799 = ORIENTED_EDGE('',*,*,#858,.F.);
#5800 = ORIENTED_EDGE('',*,*,#5779,.F.);
#5801 = ADVANCED_FACE('',(#5802),#914,.F.);
#5802 = FACE_BOUND('',#5803,.T.);
#5803 = EDGE_LOOP('',(#5804,#5805,#5826,#5827));
#5804 = ORIENTED_EDGE('',*,*,#3559,.T.);
#5805 = ORIENTED_EDGE('',*,*,#5806,.T.);
#5806 = EDGE_CURVE('',#3560,#894,#5807,.T.);
#5807 = SEAM_CURVE('',#5808,(#5812,#5819),.PCURVE_S1.);
#5808 = LINE('',#5809,#5810);
#5809 = CARTESIAN_POINT('',(44.63288,-59.859926,-0.1));
#5810 = VECTOR('',#5811,1.);
#5811 = DIRECTION('',(0.,0.,1.));
#5812 = PCURVE('',#914,#5813);
#5813 = DEFINITIONAL_REPRESENTATION('',(#5814),#5818);
#5814 = LINE('',#5815,#5816);
#5815 = CARTESIAN_POINT('',(-6.28318530718,0.));
#5816 = VECTOR('',#5817,1.);
#5817 = DIRECTION('',(-0.,-1.));
#5818 = ( GEOMETRIC_REPRESENTATION_CONTEXT(2) 
PARAMETRIC_REPRESENTATION_CONTEXT() REPRESENTATION_CONTEXT('2D SPACE',''
  ) );
#5819 = PCURVE('',#914,#5820);
#5820 = DEFINITIONAL_REPRESENTATION('',(#5821),#5825);
#5821 = LINE('',#5822,#5823);
#5822 = CARTESIAN_POINT('',(-0.,0.));
#5823 = VECTOR('',#5824,1.);
#5824 = DIRECTION('',(-0.,-1.));
#5825 = ( GEOMETRIC_REPRESENTATION_CONTEXT(2) 
PARAMETRIC_REPRESENTATION_CONTEXT() REPRESENTATION_CONTEXT('2D SPACE',''
  ) );
#5826 = ORIENTED_EDGE('',*,*,#893,.F.);
#5827 = ORIENTED_EDGE('',*,*,#5806,.F.);
#5828 = ADVANCED_FACE('',(#5829),#949,.F.);
#5829 = FACE_BOUND('',#5830,.T.);
#5830 = EDGE_LOOP('',(#5831,#5832,#5853,#5854));
#5831 = ORIENTED_EDGE('',*,*,#3589,.T.);
#5832 = ORIENTED_EDGE('',*,*,#5833,.T.);
#5833 = EDGE_CURVE('',#3590,#929,#5834,.T.);
#5834 = SEAM_CURVE('',#5835,(#5839,#5846),.PCURVE_S1.);
#5835 = LINE('',#5836,#5837);
#5836 = CARTESIAN_POINT('',(48.563784,-59.859926,-0.1));
#5837 = VECTOR('',#5838,1.);
#5838 = DIRECTION('',(0.,0.,1.));
#5839 = PCURVE('',#949,#5840);
#5840 = DEFINITIONAL_REPRESENTATION('',(#5841),#5845);
#5841 = LINE('',#5842,#5843);
#5842 = CARTESIAN_POINT('',(-6.28318530718,0.));
#5843 = VECTOR('',#5844,1.);
#5844 = DIRECTION('',(-0.,-1.));
#5845 = ( GEOMETRIC_REPRESENTATION_CONTEXT(2) 
PARAMETRIC_REPRESENTATION_CONTEXT() REPRESENTATION_CONTEXT('2D SPACE',''
  ) );
#5846 = PCURVE('',#949,#5847);
#5847 = DEFINITIONAL_REPRESENTATION('',(#5848),#5852);
#5848 = LINE('',#5849,#5850);
#5849 = CARTESIAN_POINT('',(-0.,0.));
#5850 = VECTOR('',#5851,1.);
#5851 = DIRECTION('',(-0.,-1.));
#5852 = ( GEOMETRIC_REPRESENTATION_CONTEXT(2) 
PARAMETRIC_REPRESENTATION_CONTEXT() REPRESENTATION_CONTEXT('2D SPACE',''
  ) );
#5853 = ORIENTED_EDGE('',*,*,#928,.F.);
#5854 = ORIENTED_EDGE('',*,*,#5833,.F.);
#5855 = ADVANCED_FACE('',(#5856),#984,.F.);
#5856 = FACE_BOUND('',#5857,.T.);
#5857 = EDGE_LOOP('',(#5858,#5859,#5880,#5881));
#5858 = ORIENTED_EDGE('',*,*,#3619,.T.);
#5859 = ORIENTED_EDGE('',*,*,#5860,.T.);
#5860 = EDGE_CURVE('',#3620,#964,#5861,.T.);
#5861 = SEAM_CURVE('',#5862,(#5866,#5873),.PCURVE_S1.);
#5862 = LINE('',#5863,#5864);
#5863 = CARTESIAN_POINT('',(45.7239116,-54.779926,-0.1));
#5864 = VECTOR('',#5865,1.);
#5865 = DIRECTION('',(0.,0.,1.));
#5866 = PCURVE('',#984,#5867);
#5867 = DEFINITIONAL_REPRESENTATION('',(#5868),#5872);
#5868 = LINE('',#5869,#5870);
#5869 = CARTESIAN_POINT('',(-6.28318530718,0.));
#5870 = VECTOR('',#5871,1.);
#5871 = DIRECTION('',(-0.,-1.));
#5872 = ( GEOMETRIC_REPRESENTATION_CONTEXT(2) 
PARAMETRIC_REPRESENTATION_CONTEXT() REPRESENTATION_CONTEXT('2D SPACE',''
  ) );
#5873 = PCURVE('',#984,#5874);
#5874 = DEFINITIONAL_REPRESENTATION('',(#5875),#5879);
#5875 = LINE('',#5876,#5877);
#5876 = CARTESIAN_POINT('',(-0.,0.));
#5877 = VECTOR('',#5878,1.);
#5878 = DIRECTION('',(-0.,-1.));
#5879 = ( GEOMETRIC_REPRESENTATION_CONTEXT(2) 
PARAMETRIC_REPRESENTATION_CONTEXT() REPRESENTATION_CONTEXT('2D SPACE',''
  ) );
#5880 = ORIENTED_EDGE('',*,*,#963,.F.);
#5881 = ORIENTED_EDGE('',*,*,#5860,.F.);
#5882 = ADVANCED_FACE('',(#5883),#1019,.F.);
#5883 = FACE_BOUND('',#5884,.T.);
#5884 = EDGE_LOOP('',(#5885,#5886,#5907,#5908));
#5885 = ORIENTED_EDGE('',*,*,#3649,.T.);
#5886 = ORIENTED_EDGE('',*,*,#5887,.T.);
#5887 = EDGE_CURVE('',#3650,#999,#5888,.T.);
#5888 = SEAM_CURVE('',#5889,(#5893,#5900),.PCURVE_S1.);
#5889 = LINE('',#5890,#5891);
#5890 = CARTESIAN_POINT('',(57.454292,-59.859926,-0.1));
#5891 = VECTOR('',#5892,1.);
#5892 = DIRECTION('',(0.,0.,1.));
#5893 = PCURVE('',#1019,#5894);
#5894 = DEFINITIONAL_REPRESENTATION('',(#5895),#5899);
#5895 = LINE('',#5896,#5897);
#5896 = CARTESIAN_POINT('',(-6.28318530718,0.));
#5897 = VECTOR('',#5898,1.);
#5898 = DIRECTION('',(-0.,-1.));
#5899 = ( GEOMETRIC_REPRESENTATION_CONTEXT(2) 
PARAMETRIC_REPRESENTATION_CONTEXT() REPRESENTATION_CONTEXT('2D SPACE',''
  ) );
#5900 = PCURVE('',#1019,#5901);
#5901 = DEFINITIONAL_REPRESENTATION('',(#5902),#5906);
#5902 = LINE('',#5903,#5904);
#5903 = CARTESIAN_POINT('',(-0.,0.));
#5904 = VECTOR('',#5905,1.);
#5905 = DIRECTION('',(-0.,-1.));
#5906 = ( GEOMETRIC_REPRESENTATION_CONTEXT(2) 
PARAMETRIC_REPRESENTATION_CONTEXT() REPRESENTATION_CONTEXT('2D SPACE',''
  ) );
#5907 = ORIENTED_EDGE('',*,*,#998,.F.);
#5908 = ORIENTED_EDGE('',*,*,#5887,.F.);
#5909 = ADVANCED_FACE('',(#5910),#1054,.F.);
#5910 = FACE_BOUND('',#5911,.T.);
#5911 = EDGE_LOOP('',(#5912,#5913,#5934,#5935));
#5912 = ORIENTED_EDGE('',*,*,#3679,.T.);
#5913 = ORIENTED_EDGE('',*,*,#5914,.T.);
#5914 = EDGE_CURVE('',#3680,#1034,#5915,.T.);
#5915 = SEAM_CURVE('',#5916,(#5920,#5927),.PCURVE_S1.);
#5916 = LINE('',#5917,#5918);
#5917 = CARTESIAN_POINT('',(63.683388,-59.859926,-0.1));
#5918 = VECTOR('',#5919,1.);
#5919 = DIRECTION('',(0.,0.,1.));
#5920 = PCURVE('',#1054,#5921);
#5921 = DEFINITIONAL_REPRESENTATION('',(#5922),#5926);
#5922 = LINE('',#5923,#5924);
#5923 = CARTESIAN_POINT('',(-6.28318530718,0.));
#5924 = VECTOR('',#5925,1.);
#5925 = DIRECTION('',(-0.,-1.));
#5926 = ( GEOMETRIC_REPRESENTATION_CONTEXT(2) 
PARAMETRIC_REPRESENTATION_CONTEXT() REPRESENTATION_CONTEXT('2D SPACE',''
  ) );
#5927 = PCURVE('',#1054,#5928);
#5928 = DEFINITIONAL_REPRESENTATION('',(#5929),#5933);
#5929 = LINE('',#5930,#5931);
#5930 = CARTESIAN_POINT('',(-0.,0.));
#5931 = VECTOR('',#5932,1.);
#5932 = DIRECTION('',(-0.,-1.));
#5933 = ( GEOMETRIC_REPRESENTATION_CONTEXT(2) 
PARAMETRIC_REPRESENTATION_CONTEXT() REPRESENTATION_CONTEXT('2D SPACE',''
  ) );
#5934 = ORIENTED_EDGE('',*,*,#1033,.F.);
#5935 = ORIENTED_EDGE('',*,*,#5914,.F.);
#5936 = ADVANCED_FACE('',(#5937),#1089,.F.);
#5937 = FACE_BOUND('',#5938,.T.);
#5938 = EDGE_LOOP('',(#5939,#5940,#5961,#5962));
#5939 = ORIENTED_EDGE('',*,*,#3709,.T.);
#5940 = ORIENTED_EDGE('',*,*,#5941,.T.);
#5941 = EDGE_CURVE('',#3710,#1069,#5942,.T.);
#5942 = SEAM_CURVE('',#5943,(#5947,#5954),.PCURVE_S1.);
#5943 = LINE('',#5944,#5945);
#5944 = CARTESIAN_POINT('',(58.4244196,-57.319926,-0.1));
#5945 = VECTOR('',#5946,1.);
#5946 = DIRECTION('',(0.,0.,1.));
#5947 = PCURVE('',#1089,#5948);
#5948 = DEFINITIONAL_REPRESENTATION('',(#5949),#5953);
#5949 = LINE('',#5950,#5951);
#5950 = CARTESIAN_POINT('',(-6.28318530718,0.));
#5951 = VECTOR('',#5952,1.);
#5952 = DIRECTION('',(-0.,-1.));
#5953 = ( GEOMETRIC_REPRESENTATION_CONTEXT(2) 
PARAMETRIC_REPRESENTATION_CONTEXT() REPRESENTATION_CONTEXT('2D SPACE',''
  ) );
#5954 = PCURVE('',#1089,#5955);
#5955 = DEFINITIONAL_REPRESENTATION('',(#5956),#5960);
#5956 = LINE('',#5957,#5958);
#5957 = CARTESIAN_POINT('',(-0.,0.));
#5958 = VECTOR('',#5959,1.);
#5959 = DIRECTION('',(-0.,-1.));
#5960 = ( GEOMETRIC_REPRESENTATION_CONTEXT(2) 
PARAMETRIC_REPRESENTATION_CONTEXT() REPRESENTATION_CONTEXT('2D SPACE',''
  ) );
#5961 = ORIENTED_EDGE('',*,*,#1068,.F.);
#5962 = ORIENTED_EDGE('',*,*,#5941,.F.);
#5963 = ADVANCED_FACE('',(#5964),#1124,.F.);
#5964 = FACE_BOUND('',#5965,.T.);
#5965 = EDGE_LOOP('',(#5966,#5967,#5988,#5989));
#5966 = ORIENTED_EDGE('',*,*,#3739,.T.);
#5967 = ORIENTED_EDGE('',*,*,#5968,.T.);
#5968 = EDGE_CURVE('',#3740,#1104,#5969,.T.);
#5969 = SEAM_CURVE('',#5970,(#5974,#5981),.PCURVE_S1.);
#5970 = LINE('',#5971,#5972);
#5971 = CARTESIAN_POINT('',(82.0999628,-69.550026,-0.1));
#5972 = VECTOR('',#5973,1.);
#5973 = DIRECTION('',(0.,0.,1.));
#5974 = PCURVE('',#1124,#5975);
#5975 = DEFINITIONAL_REPRESENTATION('',(#5976),#5980);
#5976 = LINE('',#5977,#5978);
#5977 = CARTESIAN_POINT('',(-6.28318530718,0.));
#5978 = VECTOR('',#5979,1.);
#5979 = DIRECTION('',(-0.,-1.));
#5980 = ( GEOMETRIC_REPRESENTATION_CONTEXT(2) 
PARAMETRIC_REPRESENTATION_CONTEXT() REPRESENTATION_CONTEXT('2D SPACE',''
  ) );
#5981 = PCURVE('',#1124,#5982);
#5982 = DEFINITIONAL_REPRESENTATION('',(#5983),#5987);
#5983 = LINE('',#5984,#5985);
#5984 = CARTESIAN_POINT('',(-0.,0.));
#5985 = VECTOR('',#5986,1.);
#5986 = DIRECTION('',(-0.,-1.));
#5987 = ( GEOMETRIC_REPRESENTATION_CONTEXT(2) 
PARAMETRIC_REPRESENTATION_CONTEXT() REPRESENTATION_CONTEXT('2D SPACE',''
  ) );
#5988 = ORIENTED_EDGE('',*,*,#1103,.F.);
#5989 = ORIENTED_EDGE('',*,*,#5968,.F.);
#5990 = ADVANCED_FACE('',(#5991),#1159,.F.);
#5991 = FACE_BOUND('',#5992,.T.);
#5992 = EDGE_LOOP('',(#5993,#5994,#6015,#6016));
#5993 = ORIENTED_EDGE('',*,*,#3769,.T.);
#5994 = ORIENTED_EDGE('',*,*,#5995,.T.);
#5995 = EDGE_CURVE('',#3770,#1139,#5996,.T.);
#5996 = SEAM_CURVE('',#5997,(#6001,#6008),.PCURVE_S1.);
#5997 = LINE('',#5998,#5999);
#5998 = CARTESIAN_POINT('',(67.614292,-59.859926,-0.1));
#5999 = VECTOR('',#6000,1.);
#6000 = DIRECTION('',(0.,0.,1.));
#6001 = PCURVE('',#1159,#6002);
#6002 = DEFINITIONAL_REPRESENTATION('',(#6003),#6007);
#6003 = LINE('',#6004,#6005);
#6004 = CARTESIAN_POINT('',(-6.28318530718,0.));
#6005 = VECTOR('',#6006,1.);
#6006 = DIRECTION('',(-0.,-1.));
#6007 = ( GEOMETRIC_REPRESENTATION_CONTEXT(2) 
PARAMETRIC_REPRESENTATION_CONTEXT() REPRESENTATION_CONTEXT('2D SPACE',''
  ) );
#6008 = PCURVE('',#1159,#6009);
#6009 = DEFINITIONAL_REPRESENTATION('',(#6010),#6014);
#6010 = LINE('',#6011,#6012);
#6011 = CARTESIAN_POINT('',(-0.,0.));
#6012 = VECTOR('',#6013,1.);
#6013 = DIRECTION('',(-0.,-1.));
#6014 = ( GEOMETRIC_REPRESENTATION_CONTEXT(2) 
PARAMETRIC_REPRESENTATION_CONTEXT() REPRESENTATION_CONTEXT('2D SPACE',''
  ) );
#6015 = ORIENTED_EDGE('',*,*,#1138,.F.);
#6016 = ORIENTED_EDGE('',*,*,#5995,.F.);
#6017 = ADVANCED_FACE('',(#6018),#1194,.F.);
#6018 = FACE_BOUND('',#6019,.T.);
#6019 = EDGE_LOOP('',(#6020,#6021,#6042,#6043));
#6020 = ORIENTED_EDGE('',*,*,#3799,.T.);
#6021 = ORIENTED_EDGE('',*,*,#6022,.T.);
#6022 = EDGE_CURVE('',#3800,#1174,#6023,.T.);
#6023 = SEAM_CURVE('',#6024,(#6028,#6035),.PCURVE_S1.);
#6024 = LINE('',#6025,#6026);
#6025 = CARTESIAN_POINT('',(64.7744196,-54.779926,-0.1));
#6026 = VECTOR('',#6027,1.);
#6027 = DIRECTION('',(0.,0.,1.));
#6028 = PCURVE('',#1194,#6029);
#6029 = DEFINITIONAL_REPRESENTATION('',(#6030),#6034);
#6030 = LINE('',#6031,#6032);
#6031 = CARTESIAN_POINT('',(-6.28318530718,0.));
#6032 = VECTOR('',#6033,1.);
#6033 = DIRECTION('',(-0.,-1.));
#6034 = ( GEOMETRIC_REPRESENTATION_CONTEXT(2) 
PARAMETRIC_REPRESENTATION_CONTEXT() REPRESENTATION_CONTEXT('2D SPACE',''
  ) );
#6035 = PCURVE('',#1194,#6036);
#6036 = DEFINITIONAL_REPRESENTATION('',(#6037),#6041);
#6037 = LINE('',#6038,#6039);
#6038 = CARTESIAN_POINT('',(-0.,0.));
#6039 = VECTOR('',#6040,1.);
#6040 = DIRECTION('',(-0.,-1.));
#6041 = ( GEOMETRIC_REPRESENTATION_CONTEXT(2) 
PARAMETRIC_REPRESENTATION_CONTEXT() REPRESENTATION_CONTEXT('2D SPACE',''
  ) );
#6042 = ORIENTED_EDGE('',*,*,#1173,.F.);
#6043 = ORIENTED_EDGE('',*,*,#6022,.F.);
#6044 = ADVANCED_FACE('',(#6045),#1229,.F.);
#6045 = FACE_BOUND('',#6046,.T.);
#6046 = EDGE_LOOP('',(#6047,#6048,#6069,#6070));
#6047 = ORIENTED_EDGE('',*,*,#3829,.T.);
#6048 = ORIENTED_EDGE('',*,*,#6049,.T.);
#6049 = EDGE_CURVE('',#3830,#1209,#6050,.T.);
#6050 = SEAM_CURVE('',#6051,(#6055,#6062),.PCURVE_S1.);
#6051 = LINE('',#6052,#6053);
#6052 = CARTESIAN_POINT('',(44.63288,-40.809926,-0.1));
#6053 = VECTOR('',#6054,1.);
#6054 = DIRECTION('',(0.,0.,1.));
#6055 = PCURVE('',#1229,#6056);
#6056 = DEFINITIONAL_REPRESENTATION('',(#6057),#6061);
#6057 = LINE('',#6058,#6059);
#6058 = CARTESIAN_POINT('',(-6.28318530718,0.));
#6059 = VECTOR('',#6060,1.);
#6060 = DIRECTION('',(-0.,-1.));
#6061 = ( GEOMETRIC_REPRESENTATION_CONTEXT(2) 
PARAMETRIC_REPRESENTATION_CONTEXT() REPRESENTATION_CONTEXT('2D SPACE',''
  ) );
#6062 = PCURVE('',#1229,#6063);
#6063 = DEFINITIONAL_REPRESENTATION('',(#6064),#6068);
#6064 = LINE('',#6065,#6066);
#6065 = CARTESIAN_POINT('',(-0.,0.));
#6066 = VECTOR('',#6067,1.);
#6067 = DIRECTION('',(-0.,-1.));
#6068 = ( GEOMETRIC_REPRESENTATION_CONTEXT(2) 
PARAMETRIC_REPRESENTATION_CONTEXT() REPRESENTATION_CONTEXT('2D SPACE',''
  ) );
#6069 = ORIENTED_EDGE('',*,*,#1208,.F.);
#6070 = ORIENTED_EDGE('',*,*,#6049,.F.);
#6071 = ADVANCED_FACE('',(#6072),#1264,.F.);
#6072 = FACE_BOUND('',#6073,.T.);
#6073 = EDGE_LOOP('',(#6074,#6075,#6096,#6097));
#6074 = ORIENTED_EDGE('',*,*,#3859,.T.);
#6075 = ORIENTED_EDGE('',*,*,#6076,.T.);
#6076 = EDGE_CURVE('',#3860,#1244,#6077,.T.);
#6077 = SEAM_CURVE('',#6078,(#6082,#6089),.PCURVE_S1.);
#6078 = LINE('',#6079,#6080);
#6079 = CARTESIAN_POINT('',(48.563784,-40.809926,-0.1));
#6080 = VECTOR('',#6081,1.);
#6081 = DIRECTION('',(0.,0.,1.));
#6082 = PCURVE('',#1264,#6083);
#6083 = DEFINITIONAL_REPRESENTATION('',(#6084),#6088);
#6084 = LINE('',#6085,#6086);
#6085 = CARTESIAN_POINT('',(-6.28318530718,0.));
#6086 = VECTOR('',#6087,1.);
#6087 = DIRECTION('',(-0.,-1.));
#6088 = ( GEOMETRIC_REPRESENTATION_CONTEXT(2) 
PARAMETRIC_REPRESENTATION_CONTEXT() REPRESENTATION_CONTEXT('2D SPACE',''
  ) );
#6089 = PCURVE('',#1264,#6090);
#6090 = DEFINITIONAL_REPRESENTATION('',(#6091),#6095);
#6091 = LINE('',#6092,#6093);
#6092 = CARTESIAN_POINT('',(-0.,0.));
#6093 = VECTOR('',#6094,1.);
#6094 = DIRECTION('',(-0.,-1.));
#6095 = ( GEOMETRIC_REPRESENTATION_CONTEXT(2) 
PARAMETRIC_REPRESENTATION_CONTEXT() REPRESENTATION_CONTEXT('2D SPACE',''
  ) );
#6096 = ORIENTED_EDGE('',*,*,#1243,.F.);
#6097 = ORIENTED_EDGE('',*,*,#6076,.F.);
#6098 = ADVANCED_FACE('',(#6099),#1299,.F.);
#6099 = FACE_BOUND('',#6100,.T.);
#6100 = EDGE_LOOP('',(#6101,#6102,#6123,#6124));
#6101 = ORIENTED_EDGE('',*,*,#3889,.T.);
#6102 = ORIENTED_EDGE('',*,*,#6103,.T.);
#6103 = EDGE_CURVE('',#3890,#1279,#6104,.T.);
#6104 = SEAM_CURVE('',#6105,(#6109,#6116),.PCURVE_S1.);
#6105 = LINE('',#6106,#6107);
#6106 = CARTESIAN_POINT('',(57.454292,-40.809926,-0.1));
#6107 = VECTOR('',#6108,1.);
#6108 = DIRECTION('',(0.,0.,1.));
#6109 = PCURVE('',#1299,#6110);
#6110 = DEFINITIONAL_REPRESENTATION('',(#6111),#6115);
#6111 = LINE('',#6112,#6113);
#6112 = CARTESIAN_POINT('',(-6.28318530718,0.));
#6113 = VECTOR('',#6114,1.);
#6114 = DIRECTION('',(-0.,-1.));
#6115 = ( GEOMETRIC_REPRESENTATION_CONTEXT(2) 
PARAMETRIC_REPRESENTATION_CONTEXT() REPRESENTATION_CONTEXT('2D SPACE',''
  ) );
#6116 = PCURVE('',#1299,#6117);
#6117 = DEFINITIONAL_REPRESENTATION('',(#6118),#6122);
#6118 = LINE('',#6119,#6120);
#6119 = CARTESIAN_POINT('',(-0.,0.));
#6120 = VECTOR('',#6121,1.);
#6121 = DIRECTION('',(-0.,-1.));
#6122 = ( GEOMETRIC_REPRESENTATION_CONTEXT(2) 
PARAMETRIC_REPRESENTATION_CONTEXT() REPRESENTATION_CONTEXT('2D SPACE',''
  ) );
#6123 = ORIENTED_EDGE('',*,*,#1278,.F.);
#6124 = ORIENTED_EDGE('',*,*,#6103,.F.);
#6125 = ADVANCED_FACE('',(#6126),#1334,.F.);
#6126 = FACE_BOUND('',#6127,.T.);
#6127 = EDGE_LOOP('',(#6128,#6129,#6150,#6151));
#6128 = ORIENTED_EDGE('',*,*,#3919,.T.);
#6129 = ORIENTED_EDGE('',*,*,#6130,.T.);
#6130 = EDGE_CURVE('',#3920,#1314,#6131,.T.);
#6131 = SEAM_CURVE('',#6132,(#6136,#6143),.PCURVE_S1.);
#6132 = LINE('',#6133,#6134);
#6133 = CARTESIAN_POINT('',(63.683388,-40.809926,-0.1));
#6134 = VECTOR('',#6135,1.);
#6135 = DIRECTION('',(0.,0.,1.));
#6136 = PCURVE('',#1334,#6137);
#6137 = DEFINITIONAL_REPRESENTATION('',(#6138),#6142);
#6138 = LINE('',#6139,#6140);
#6139 = CARTESIAN_POINT('',(-6.28318530718,0.));
#6140 = VECTOR('',#6141,1.);
#6141 = DIRECTION('',(-0.,-1.));
#6142 = ( GEOMETRIC_REPRESENTATION_CONTEXT(2) 
PARAMETRIC_REPRESENTATION_CONTEXT() REPRESENTATION_CONTEXT('2D SPACE',''
  ) );
#6143 = PCURVE('',#1334,#6144);
#6144 = DEFINITIONAL_REPRESENTATION('',(#6145),#6149);
#6145 = LINE('',#6146,#6147);
#6146 = CARTESIAN_POINT('',(-0.,0.));
#6147 = VECTOR('',#6148,1.);
#6148 = DIRECTION('',(-0.,-1.));
#6149 = ( GEOMETRIC_REPRESENTATION_CONTEXT(2) 
PARAMETRIC_REPRESENTATION_CONTEXT() REPRESENTATION_CONTEXT('2D SPACE',''
  ) );
#6150 = ORIENTED_EDGE('',*,*,#1313,.F.);
#6151 = ORIENTED_EDGE('',*,*,#6130,.F.);
#6152 = ADVANCED_FACE('',(#6153),#1369,.F.);
#6153 = FACE_BOUND('',#6154,.T.);
#6154 = EDGE_LOOP('',(#6155,#6156,#6177,#6178));
#6155 = ORIENTED_EDGE('',*,*,#3949,.T.);
#6156 = ORIENTED_EDGE('',*,*,#6157,.T.);
#6157 = EDGE_CURVE('',#3950,#1349,#6158,.T.);
#6158 = SEAM_CURVE('',#6159,(#6163,#6170),.PCURVE_S1.);
#6159 = LINE('',#6160,#6161);
#6160 = CARTESIAN_POINT('',(58.4244196,-38.269926,-0.1));
#6161 = VECTOR('',#6162,1.);
#6162 = DIRECTION('',(0.,0.,1.));
#6163 = PCURVE('',#1369,#6164);
#6164 = DEFINITIONAL_REPRESENTATION('',(#6165),#6169);
#6165 = LINE('',#6166,#6167);
#6166 = CARTESIAN_POINT('',(-6.28318530718,0.));
#6167 = VECTOR('',#6168,1.);
#6168 = DIRECTION('',(-0.,-1.));
#6169 = ( GEOMETRIC_REPRESENTATION_CONTEXT(2) 
PARAMETRIC_REPRESENTATION_CONTEXT() REPRESENTATION_CONTEXT('2D SPACE',''
  ) );
#6170 = PCURVE('',#1369,#6171);
#6171 = DEFINITIONAL_REPRESENTATION('',(#6172),#6176);
#6172 = LINE('',#6173,#6174);
#6173 = CARTESIAN_POINT('',(-0.,0.));
#6174 = VECTOR('',#6175,1.);
#6175 = DIRECTION('',(-0.,-1.));
#6176 = ( GEOMETRIC_REPRESENTATION_CONTEXT(2) 
PARAMETRIC_REPRESENTATION_CONTEXT() REPRESENTATION_CONTEXT('2D SPACE',''
  ) );
#6177 = ORIENTED_EDGE('',*,*,#1348,.F.);
#6178 = ORIENTED_EDGE('',*,*,#6157,.F.);
#6179 = ADVANCED_FACE('',(#6180),#1404,.F.);
#6180 = FACE_BOUND('',#6181,.T.);
#6181 = EDGE_LOOP('',(#6182,#6183,#6204,#6205));
#6182 = ORIENTED_EDGE('',*,*,#3979,.T.);
#6183 = ORIENTED_EDGE('',*,*,#6184,.T.);
#6184 = EDGE_CURVE('',#3980,#1384,#6185,.T.);
#6185 = SEAM_CURVE('',#6186,(#6190,#6197),.PCURVE_S1.);
#6186 = LINE('',#6187,#6188);
#6187 = CARTESIAN_POINT('',(67.614292,-40.809926,-0.1));
#6188 = VECTOR('',#6189,1.);
#6189 = DIRECTION('',(0.,0.,1.));
#6190 = PCURVE('',#1404,#6191);
#6191 = DEFINITIONAL_REPRESENTATION('',(#6192),#6196);
#6192 = LINE('',#6193,#6194);
#6193 = CARTESIAN_POINT('',(-6.28318530718,0.));
#6194 = VECTOR('',#6195,1.);
#6195 = DIRECTION('',(-0.,-1.));
#6196 = ( GEOMETRIC_REPRESENTATION_CONTEXT(2) 
PARAMETRIC_REPRESENTATION_CONTEXT() REPRESENTATION_CONTEXT('2D SPACE',''
  ) );
#6197 = PCURVE('',#1404,#6198);
#6198 = DEFINITIONAL_REPRESENTATION('',(#6199),#6203);
#6199 = LINE('',#6200,#6201);
#6200 = CARTESIAN_POINT('',(-0.,0.));
#6201 = VECTOR('',#6202,1.);
#6202 = DIRECTION('',(-0.,-1.));
#6203 = ( GEOMETRIC_REPRESENTATION_CONTEXT(2) 
PARAMETRIC_REPRESENTATION_CONTEXT() REPRESENTATION_CONTEXT('2D SPACE',''
  ) );
#6204 = ORIENTED_EDGE('',*,*,#1383,.F.);
#6205 = ORIENTED_EDGE('',*,*,#6184,.F.);
#6206 = ADVANCED_FACE('',(#6207),#1439,.F.);
#6207 = FACE_BOUND('',#6208,.T.);
#6208 = EDGE_LOOP('',(#6209,#6210,#6231,#6232));
#6209 = ORIENTED_EDGE('',*,*,#4009,.T.);
#6210 = ORIENTED_EDGE('',*,*,#6211,.T.);
#6211 = EDGE_CURVE('',#4010,#1419,#6212,.T.);
#6212 = SEAM_CURVE('',#6213,(#6217,#6224),.PCURVE_S1.);
#6213 = LINE('',#6214,#6215);
#6214 = CARTESIAN_POINT('',(13.6840976,-21.249132,-0.1));
#6215 = VECTOR('',#6216,1.);
#6216 = DIRECTION('',(0.,0.,1.));
#6217 = PCURVE('',#1439,#6218);
#6218 = DEFINITIONAL_REPRESENTATION('',(#6219),#6223);
#6219 = LINE('',#6220,#6221);
#6220 = CARTESIAN_POINT('',(-6.28318530718,0.));
#6221 = VECTOR('',#6222,1.);
#6222 = DIRECTION('',(-0.,-1.));
#6223 = ( GEOMETRIC_REPRESENTATION_CONTEXT(2) 
PARAMETRIC_REPRESENTATION_CONTEXT() REPRESENTATION_CONTEXT('2D SPACE',''
  ) );
#6224 = PCURVE('',#1439,#6225);
#6225 = DEFINITIONAL_REPRESENTATION('',(#6226),#6230);
#6226 = LINE('',#6227,#6228);
#6227 = CARTESIAN_POINT('',(-0.,0.));
#6228 = VECTOR('',#6229,1.);
#6229 = DIRECTION('',(-0.,-1.));
#6230 = ( GEOMETRIC_REPRESENTATION_CONTEXT(2) 
PARAMETRIC_REPRESENTATION_CONTEXT() REPRESENTATION_CONTEXT('2D SPACE',''
  ) );
#6231 = ORIENTED_EDGE('',*,*,#1418,.F.);
#6232 = ORIENTED_EDGE('',*,*,#6211,.F.);
#6233 = ADVANCED_FACE('',(#6234),#1474,.F.);
#6234 = FACE_BOUND('',#6235,.T.);
#6235 = EDGE_LOOP('',(#6236,#6237,#6258,#6259));
#6236 = ORIENTED_EDGE('',*,*,#4039,.T.);
#6237 = ORIENTED_EDGE('',*,*,#6238,.T.);
#6238 = EDGE_CURVE('',#4040,#1454,#6239,.T.);
#6239 = SEAM_CURVE('',#6240,(#6244,#6251),.PCURVE_S1.);
#6240 = LINE('',#6241,#6242);
#6241 = CARTESIAN_POINT('',(16.1859976,-21.249132,-0.1));
#6242 = VECTOR('',#6243,1.);
#6243 = DIRECTION('',(0.,0.,1.));
#6244 = PCURVE('',#1474,#6245);
#6245 = DEFINITIONAL_REPRESENTATION('',(#6246),#6250);
#6246 = LINE('',#6247,#6248);
#6247 = CARTESIAN_POINT('',(-6.28318530718,0.));
#6248 = VECTOR('',#6249,1.);
#6249 = DIRECTION('',(-0.,-1.));
#6250 = ( GEOMETRIC_REPRESENTATION_CONTEXT(2) 
PARAMETRIC_REPRESENTATION_CONTEXT() REPRESENTATION_CONTEXT('2D SPACE',''
  ) );
#6251 = PCURVE('',#1474,#6252);
#6252 = DEFINITIONAL_REPRESENTATION('',(#6253),#6257);
#6253 = LINE('',#6254,#6255);
#6254 = CARTESIAN_POINT('',(-0.,0.));
#6255 = VECTOR('',#6256,1.);
#6256 = DIRECTION('',(-0.,-1.));
#6257 = ( GEOMETRIC_REPRESENTATION_CONTEXT(2) 
PARAMETRIC_REPRESENTATION_CONTEXT() REPRESENTATION_CONTEXT('2D SPACE',''
  ) );
#6258 = ORIENTED_EDGE('',*,*,#1453,.F.);
#6259 = ORIENTED_EDGE('',*,*,#6238,.F.);
#6260 = ADVANCED_FACE('',(#6261),#1509,.F.);
#6261 = FACE_BOUND('',#6262,.T.);
#6262 = EDGE_LOOP('',(#6263,#6264,#6285,#6286));
#6263 = ORIENTED_EDGE('',*,*,#4069,.T.);
#6264 = ORIENTED_EDGE('',*,*,#6265,.T.);
#6265 = EDGE_CURVE('',#4070,#1489,#6266,.T.);
#6266 = SEAM_CURVE('',#6267,(#6271,#6278),.PCURVE_S1.);
#6267 = LINE('',#6268,#6269);
#6268 = CARTESIAN_POINT('',(18.6853576,-21.249132,-0.1));
#6269 = VECTOR('',#6270,1.);
#6270 = DIRECTION('',(0.,0.,1.));
#6271 = PCURVE('',#1509,#6272);
#6272 = DEFINITIONAL_REPRESENTATION('',(#6273),#6277);
#6273 = LINE('',#6274,#6275);
#6274 = CARTESIAN_POINT('',(-6.28318530718,0.));
#6275 = VECTOR('',#6276,1.);
#6276 = DIRECTION('',(-0.,-1.));
#6277 = ( GEOMETRIC_REPRESENTATION_CONTEXT(2) 
PARAMETRIC_REPRESENTATION_CONTEXT() REPRESENTATION_CONTEXT('2D SPACE',''
  ) );
#6278 = PCURVE('',#1509,#6279);
#6279 = DEFINITIONAL_REPRESENTATION('',(#6280),#6284);
#6280 = LINE('',#6281,#6282);
#6281 = CARTESIAN_POINT('',(-0.,0.));
#6282 = VECTOR('',#6283,1.);
#6283 = DIRECTION('',(-0.,-1.));
#6284 = ( GEOMETRIC_REPRESENTATION_CONTEXT(2) 
PARAMETRIC_REPRESENTATION_CONTEXT() REPRESENTATION_CONTEXT('2D SPACE',''
  ) );
#6285 = ORIENTED_EDGE('',*,*,#1488,.F.);
#6286 = ORIENTED_EDGE('',*,*,#6265,.F.);
#6287 = ADVANCED_FACE('',(#6288),#1544,.F.);
#6288 = FACE_BOUND('',#6289,.T.);
#6289 = EDGE_LOOP('',(#6290,#6291,#6312,#6313));
#6290 = ORIENTED_EDGE('',*,*,#4099,.T.);
#6291 = ORIENTED_EDGE('',*,*,#6292,.T.);
#6292 = EDGE_CURVE('',#4100,#1524,#6293,.T.);
#6293 = SEAM_CURVE('',#6294,(#6298,#6305),.PCURVE_S1.);
#6294 = LINE('',#6295,#6296);
#6295 = CARTESIAN_POINT('',(26.6759436,-35.729926,-0.1));
#6296 = VECTOR('',#6297,1.);
#6297 = DIRECTION('',(0.,0.,1.));
#6298 = PCURVE('',#1544,#6299);
#6299 = DEFINITIONAL_REPRESENTATION('',(#6300),#6304);
#6300 = LINE('',#6301,#6302);
#6301 = CARTESIAN_POINT('',(-6.28318530718,0.));
#6302 = VECTOR('',#6303,1.);
#6303 = DIRECTION('',(-0.,-1.));
#6304 = ( GEOMETRIC_REPRESENTATION_CONTEXT(2) 
PARAMETRIC_REPRESENTATION_CONTEXT() REPRESENTATION_CONTEXT('2D SPACE',''
  ) );
#6305 = PCURVE('',#1544,#6306);
#6306 = DEFINITIONAL_REPRESENTATION('',(#6307),#6311);
#6307 = LINE('',#6308,#6309);
#6308 = CARTESIAN_POINT('',(-0.,0.));
#6309 = VECTOR('',#6310,1.);
#6310 = DIRECTION('',(-0.,-1.));
#6311 = ( GEOMETRIC_REPRESENTATION_CONTEXT(2) 
PARAMETRIC_REPRESENTATION_CONTEXT() REPRESENTATION_CONTEXT('2D SPACE',''
  ) );
#6312 = ORIENTED_EDGE('',*,*,#1523,.F.);
#6313 = ORIENTED_EDGE('',*,*,#6292,.F.);
#6314 = ADVANCED_FACE('',(#6315),#1579,.F.);
#6315 = FACE_BOUND('',#6316,.T.);
#6316 = EDGE_LOOP('',(#6317,#6318,#6339,#6340));
#6317 = ORIENTED_EDGE('',*,*,#4129,.T.);
#6318 = ORIENTED_EDGE('',*,*,#6319,.T.);
#6319 = EDGE_CURVE('',#4130,#1559,#6320,.T.);
#6320 = SEAM_CURVE('',#6321,(#6325,#6332),.PCURVE_S1.);
#6321 = LINE('',#6322,#6323);
#6322 = CARTESIAN_POINT('',(25.498679,-21.614892,-0.1));
#6323 = VECTOR('',#6324,1.);
#6324 = DIRECTION('',(0.,0.,1.));
#6325 = PCURVE('',#1579,#6326);
#6326 = DEFINITIONAL_REPRESENTATION('',(#6327),#6331);
#6327 = LINE('',#6328,#6329);
#6328 = CARTESIAN_POINT('',(-6.28318530718,0.));
#6329 = VECTOR('',#6330,1.);
#6330 = DIRECTION('',(-0.,-1.));
#6331 = ( GEOMETRIC_REPRESENTATION_CONTEXT(2) 
PARAMETRIC_REPRESENTATION_CONTEXT() REPRESENTATION_CONTEXT('2D SPACE',''
  ) );
#6332 = PCURVE('',#1579,#6333);
#6333 = DEFINITIONAL_REPRESENTATION('',(#6334),#6338);
#6334 = LINE('',#6335,#6336);
#6335 = CARTESIAN_POINT('',(-0.,0.));
#6336 = VECTOR('',#6337,1.);
#6337 = DIRECTION('',(-0.,-1.));
#6338 = ( GEOMETRIC_REPRESENTATION_CONTEXT(2) 
PARAMETRIC_REPRESENTATION_CONTEXT() REPRESENTATION_CONTEXT('2D SPACE',''
  ) );
#6339 = ORIENTED_EDGE('',*,*,#1558,.F.);
#6340 = ORIENTED_EDGE('',*,*,#6319,.F.);
#6341 = ADVANCED_FACE('',(#6342),#1614,.F.);
#6342 = FACE_BOUND('',#6343,.T.);
#6343 = EDGE_LOOP('',(#6344,#6345,#6366,#6367));
#6344 = ORIENTED_EDGE('',*,*,#4159,.T.);
#6345 = ORIENTED_EDGE('',*,*,#6346,.T.);
#6346 = EDGE_CURVE('',#4160,#1594,#6347,.T.);
#6347 = SEAM_CURVE('',#6348,(#6352,#6359),.PCURVE_S1.);
#6348 = LINE('',#6349,#6350);
#6349 = CARTESIAN_POINT('',(25.498679,-19.074892,-0.1));
#6350 = VECTOR('',#6351,1.);
#6351 = DIRECTION('',(0.,0.,1.));
#6352 = PCURVE('',#1614,#6353);
#6353 = DEFINITIONAL_REPRESENTATION('',(#6354),#6358);
#6354 = LINE('',#6355,#6356);
#6355 = CARTESIAN_POINT('',(-6.28318530718,0.));
#6356 = VECTOR('',#6357,1.);
#6357 = DIRECTION('',(-0.,-1.));
#6358 = ( GEOMETRIC_REPRESENTATION_CONTEXT(2) 
PARAMETRIC_REPRESENTATION_CONTEXT() REPRESENTATION_CONTEXT('2D SPACE',''
  ) );
#6359 = PCURVE('',#1614,#6360);
#6360 = DEFINITIONAL_REPRESENTATION('',(#6361),#6365);
#6361 = LINE('',#6362,#6363);
#6362 = CARTESIAN_POINT('',(-0.,0.));
#6363 = VECTOR('',#6364,1.);
#6364 = DIRECTION('',(-0.,-1.));
#6365 = ( GEOMETRIC_REPRESENTATION_CONTEXT(2) 
PARAMETRIC_REPRESENTATION_CONTEXT() REPRESENTATION_CONTEXT('2D SPACE',''
  ) );
#6366 = ORIENTED_EDGE('',*,*,#1593,.F.);
#6367 = ORIENTED_EDGE('',*,*,#6346,.F.);
#6368 = ADVANCED_FACE('',(#6369),#1649,.F.);
#6369 = FACE_BOUND('',#6370,.T.);
#6370 = EDGE_LOOP('',(#6371,#6372,#6393,#6394));
#6371 = ORIENTED_EDGE('',*,*,#4189,.T.);
#6372 = ORIENTED_EDGE('',*,*,#6373,.T.);
#6373 = EDGE_CURVE('',#4190,#1629,#6374,.T.);
#6374 = SEAM_CURVE('',#6375,(#6379,#6386),.PCURVE_S1.);
#6375 = LINE('',#6376,#6377);
#6376 = CARTESIAN_POINT('',(28.920313,-22.704552,-0.1));
#6377 = VECTOR('',#6378,1.);
#6378 = DIRECTION('',(0.,0.,1.));
#6379 = PCURVE('',#1649,#6380);
#6380 = DEFINITIONAL_REPRESENTATION('',(#6381),#6385);
#6381 = LINE('',#6382,#6383);
#6382 = CARTESIAN_POINT('',(-6.28318530718,0.));
#6383 = VECTOR('',#6384,1.);
#6384 = DIRECTION('',(-0.,-1.));
#6385 = ( GEOMETRIC_REPRESENTATION_CONTEXT(2) 
PARAMETRIC_REPRESENTATION_CONTEXT() REPRESENTATION_CONTEXT('2D SPACE',''
  ) );
#6386 = PCURVE('',#1649,#6387);
#6387 = DEFINITIONAL_REPRESENTATION('',(#6388),#6392);
#6388 = LINE('',#6389,#6390);
#6389 = CARTESIAN_POINT('',(-0.,0.));
#6390 = VECTOR('',#6391,1.);
#6391 = DIRECTION('',(-0.,-1.));
#6392 = ( GEOMETRIC_REPRESENTATION_CONTEXT(2) 
PARAMETRIC_REPRESENTATION_CONTEXT() REPRESENTATION_CONTEXT('2D SPACE',''
  ) );
#6393 = ORIENTED_EDGE('',*,*,#1628,.F.);
#6394 = ORIENTED_EDGE('',*,*,#6373,.F.);
#6395 = ADVANCED_FACE('',(#6396),#1684,.F.);
#6396 = FACE_BOUND('',#6397,.T.);
#6397 = EDGE_LOOP('',(#6398,#6399,#6420,#6421));
#6398 = ORIENTED_EDGE('',*,*,#4219,.T.);
#6399 = ORIENTED_EDGE('',*,*,#6400,.T.);
#6400 = EDGE_CURVE('',#4220,#1664,#6401,.T.);
#6401 = SEAM_CURVE('',#6402,(#6406,#6413),.PCURVE_S1.);
#6402 = LINE('',#6403,#6404);
#6403 = CARTESIAN_POINT('',(31.460313,-22.704552,-0.1));
#6404 = VECTOR('',#6405,1.);
#6405 = DIRECTION('',(0.,0.,1.));
#6406 = PCURVE('',#1684,#6407);
#6407 = DEFINITIONAL_REPRESENTATION('',(#6408),#6412);
#6408 = LINE('',#6409,#6410);
#6409 = CARTESIAN_POINT('',(-6.28318530718,0.));
#6410 = VECTOR('',#6411,1.);
#6411 = DIRECTION('',(-0.,-1.));
#6412 = ( GEOMETRIC_REPRESENTATION_CONTEXT(2) 
PARAMETRIC_REPRESENTATION_CONTEXT() REPRESENTATION_CONTEXT('2D SPACE',''
  ) );
#6413 = PCURVE('',#1684,#6414);
#6414 = DEFINITIONAL_REPRESENTATION('',(#6415),#6419);
#6415 = LINE('',#6416,#6417);
#6416 = CARTESIAN_POINT('',(-0.,0.));
#6417 = VECTOR('',#6418,1.);
#6418 = DIRECTION('',(-0.,-1.));
#6419 = ( GEOMETRIC_REPRESENTATION_CONTEXT(2) 
PARAMETRIC_REPRESENTATION_CONTEXT() REPRESENTATION_CONTEXT('2D SPACE',''
  ) );
#6420 = ORIENTED_EDGE('',*,*,#1663,.F.);
#6421 = ORIENTED_EDGE('',*,*,#6400,.F.);
#6422 = ADVANCED_FACE('',(#6423),#1719,.F.);
#6423 = FACE_BOUND('',#6424,.T.);
#6424 = EDGE_LOOP('',(#6425,#6426,#6447,#6448));
#6425 = ORIENTED_EDGE('',*,*,#4249,.T.);
#6426 = ORIENTED_EDGE('',*,*,#6427,.T.);
#6427 = EDGE_CURVE('',#4250,#1699,#6428,.T.);
#6428 = SEAM_CURVE('',#6429,(#6433,#6440),.PCURVE_S1.);
#6429 = LINE('',#6430,#6431);
#6430 = CARTESIAN_POINT('',(34.000313,-22.704552,-0.1));
#6431 = VECTOR('',#6432,1.);
#6432 = DIRECTION('',(0.,0.,1.));
#6433 = PCURVE('',#1719,#6434);
#6434 = DEFINITIONAL_REPRESENTATION('',(#6435),#6439);
#6435 = LINE('',#6436,#6437);
#6436 = CARTESIAN_POINT('',(-6.28318530718,0.));
#6437 = VECTOR('',#6438,1.);
#6438 = DIRECTION('',(-0.,-1.));
#6439 = ( GEOMETRIC_REPRESENTATION_CONTEXT(2) 
PARAMETRIC_REPRESENTATION_CONTEXT() REPRESENTATION_CONTEXT('2D SPACE',''
  ) );
#6440 = PCURVE('',#1719,#6441);
#6441 = DEFINITIONAL_REPRESENTATION('',(#6442),#6446);
#6442 = LINE('',#6443,#6444);
#6443 = CARTESIAN_POINT('',(-0.,0.));
#6444 = VECTOR('',#6445,1.);
#6445 = DIRECTION('',(-0.,-1.));
#6446 = ( GEOMETRIC_REPRESENTATION_CONTEXT(2) 
PARAMETRIC_REPRESENTATION_CONTEXT() REPRESENTATION_CONTEXT('2D SPACE',''
  ) );
#6447 = ORIENTED_EDGE('',*,*,#1698,.F.);
#6448 = ORIENTED_EDGE('',*,*,#6427,.F.);
#6449 = ADVANCED_FACE('',(#6450),#1754,.F.);
#6450 = FACE_BOUND('',#6451,.T.);
#6451 = EDGE_LOOP('',(#6452,#6453,#6474,#6475));
#6452 = ORIENTED_EDGE('',*,*,#4279,.T.);
#6453 = ORIENTED_EDGE('',*,*,#6454,.T.);
#6454 = EDGE_CURVE('',#4280,#1734,#6455,.T.);
#6455 = SEAM_CURVE('',#6456,(#6460,#6467),.PCURVE_S1.);
#6456 = LINE('',#6457,#6458);
#6457 = CARTESIAN_POINT('',(36.540313,-22.704552,-0.1));
#6458 = VECTOR('',#6459,1.);
#6459 = DIRECTION('',(0.,0.,1.));
#6460 = PCURVE('',#1754,#6461);
#6461 = DEFINITIONAL_REPRESENTATION('',(#6462),#6466);
#6462 = LINE('',#6463,#6464);
#6463 = CARTESIAN_POINT('',(-6.28318530718,0.));
#6464 = VECTOR('',#6465,1.);
#6465 = DIRECTION('',(-0.,-1.));
#6466 = ( GEOMETRIC_REPRESENTATION_CONTEXT(2) 
PARAMETRIC_REPRESENTATION_CONTEXT() REPRESENTATION_CONTEXT('2D SPACE',''
  ) );
#6467 = PCURVE('',#1754,#6468);
#6468 = DEFINITIONAL_REPRESENTATION('',(#6469),#6473);
#6469 = LINE('',#6470,#6471);
#6470 = CARTESIAN_POINT('',(-0.,0.));
#6471 = VECTOR('',#6472,1.);
#6472 = DIRECTION('',(-0.,-1.));
#6473 = ( GEOMETRIC_REPRESENTATION_CONTEXT(2) 
PARAMETRIC_REPRESENTATION_CONTEXT() REPRESENTATION_CONTEXT('2D SPACE',''
  ) );
#6474 = ORIENTED_EDGE('',*,*,#1733,.F.);
#6475 = ORIENTED_EDGE('',*,*,#6454,.F.);
#6476 = ADVANCED_FACE('',(#6477),#1789,.F.);
#6477 = FACE_BOUND('',#6478,.T.);
#6478 = EDGE_LOOP('',(#6479,#6480,#6501,#6502));
#6479 = ORIENTED_EDGE('',*,*,#4309,.T.);
#6480 = ORIENTED_EDGE('',*,*,#6481,.T.);
#6481 = EDGE_CURVE('',#4310,#1769,#6482,.T.);
#6482 = SEAM_CURVE('',#6483,(#6487,#6494),.PCURVE_S1.);
#6483 = LINE('',#6484,#6485);
#6484 = CARTESIAN_POINT('',(39.080313,-22.704552,-0.1));
#6485 = VECTOR('',#6486,1.);
#6486 = DIRECTION('',(0.,0.,1.));
#6487 = PCURVE('',#1789,#6488);
#6488 = DEFINITIONAL_REPRESENTATION('',(#6489),#6493);
#6489 = LINE('',#6490,#6491);
#6490 = CARTESIAN_POINT('',(-6.28318530718,0.));
#6491 = VECTOR('',#6492,1.);
#6492 = DIRECTION('',(-0.,-1.));
#6493 = ( GEOMETRIC_REPRESENTATION_CONTEXT(2) 
PARAMETRIC_REPRESENTATION_CONTEXT() REPRESENTATION_CONTEXT('2D SPACE',''
  ) );
#6494 = PCURVE('',#1789,#6495);
#6495 = DEFINITIONAL_REPRESENTATION('',(#6496),#6500);
#6496 = LINE('',#6497,#6498);
#6497 = CARTESIAN_POINT('',(-0.,0.));
#6498 = VECTOR('',#6499,1.);
#6499 = DIRECTION('',(-0.,-1.));
#6500 = ( GEOMETRIC_REPRESENTATION_CONTEXT(2) 
PARAMETRIC_REPRESENTATION_CONTEXT() REPRESENTATION_CONTEXT('2D SPACE',''
  ) );
#6501 = ORIENTED_EDGE('',*,*,#1768,.F.);
#6502 = ORIENTED_EDGE('',*,*,#6481,.F.);
#6503 = ADVANCED_FACE('',(#6504),#1824,.F.);
#6504 = FACE_BOUND('',#6505,.T.);
#6505 = EDGE_LOOP('',(#6506,#6507,#6528,#6529));
#6506 = ORIENTED_EDGE('',*,*,#4339,.T.);
#6507 = ORIENTED_EDGE('',*,*,#6508,.T.);
#6508 = EDGE_CURVE('',#4340,#1804,#6509,.T.);
#6509 = SEAM_CURVE('',#6510,(#6514,#6521),.PCURVE_S1.);
#6510 = LINE('',#6511,#6512);
#6511 = CARTESIAN_POINT('',(42.498899,-21.614892,-0.1));
#6512 = VECTOR('',#6513,1.);
#6513 = DIRECTION('',(0.,0.,1.));
#6514 = PCURVE('',#1824,#6515);
#6515 = DEFINITIONAL_REPRESENTATION('',(#6516),#6520);
#6516 = LINE('',#6517,#6518);
#6517 = CARTESIAN_POINT('',(-6.28318530718,0.));
#6518 = VECTOR('',#6519,1.);
#6519 = DIRECTION('',(-0.,-1.));
#6520 = ( GEOMETRIC_REPRESENTATION_CONTEXT(2) 
PARAMETRIC_REPRESENTATION_CONTEXT() REPRESENTATION_CONTEXT('2D SPACE',''
  ) );
#6521 = PCURVE('',#1824,#6522);
#6522 = DEFINITIONAL_REPRESENTATION('',(#6523),#6527);
#6523 = LINE('',#6524,#6525);
#6524 = CARTESIAN_POINT('',(-0.,0.));
#6525 = VECTOR('',#6526,1.);
#6526 = DIRECTION('',(-0.,-1.));
#6527 = ( GEOMETRIC_REPRESENTATION_CONTEXT(2) 
PARAMETRIC_REPRESENTATION_CONTEXT() REPRESENTATION_CONTEXT('2D SPACE',''
  ) );
#6528 = ORIENTED_EDGE('',*,*,#1803,.F.);
#6529 = ORIENTED_EDGE('',*,*,#6508,.F.);
#6530 = ADVANCED_FACE('',(#6531),#1859,.F.);
#6531 = FACE_BOUND('',#6532,.T.);
#6532 = EDGE_LOOP('',(#6533,#6534,#6555,#6556));
#6533 = ORIENTED_EDGE('',*,*,#4369,.T.);
#6534 = ORIENTED_EDGE('',*,*,#6535,.T.);
#6535 = EDGE_CURVE('',#4370,#1839,#6536,.T.);
#6536 = SEAM_CURVE('',#6537,(#6541,#6548),.PCURVE_S1.);
#6537 = LINE('',#6538,#6539);
#6538 = CARTESIAN_POINT('',(42.498899,-19.074892,-0.1));
#6539 = VECTOR('',#6540,1.);
#6540 = DIRECTION('',(0.,0.,1.));
#6541 = PCURVE('',#1859,#6542);
#6542 = DEFINITIONAL_REPRESENTATION('',(#6543),#6547);
#6543 = LINE('',#6544,#6545);
#6544 = CARTESIAN_POINT('',(-6.28318530718,0.));
#6545 = VECTOR('',#6546,1.);
#6546 = DIRECTION('',(-0.,-1.));
#6547 = ( GEOMETRIC_REPRESENTATION_CONTEXT(2) 
PARAMETRIC_REPRESENTATION_CONTEXT() REPRESENTATION_CONTEXT('2D SPACE',''
  ) );
#6548 = PCURVE('',#1859,#6549);
#6549 = DEFINITIONAL_REPRESENTATION('',(#6550),#6554);
#6550 = LINE('',#6551,#6552);
#6551 = CARTESIAN_POINT('',(-0.,0.));
#6552 = VECTOR('',#6553,1.);
#6553 = DIRECTION('',(-0.,-1.));
#6554 = ( GEOMETRIC_REPRESENTATION_CONTEXT(2) 
PARAMETRIC_REPRESENTATION_CONTEXT() REPRESENTATION_CONTEXT('2D SPACE',''
  ) );
#6555 = ORIENTED_EDGE('',*,*,#1838,.F.);
#6556 = ORIENTED_EDGE('',*,*,#6535,.F.);
#6557 = ADVANCED_FACE('',(#6558),#1894,.F.);
#6558 = FACE_BOUND('',#6559,.T.);
#6559 = EDGE_LOOP('',(#6560,#6561,#6582,#6583));
#6560 = ORIENTED_EDGE('',*,*,#4399,.T.);
#6561 = ORIENTED_EDGE('',*,*,#6562,.T.);
#6562 = EDGE_CURVE('',#4400,#1874,#6563,.T.);
#6563 = SEAM_CURVE('',#6564,(#6568,#6575),.PCURVE_S1.);
#6564 = LINE('',#6565,#6566);
#6565 = CARTESIAN_POINT('',(10.8843572,-13.751306,-0.1));
#6566 = VECTOR('',#6567,1.);
#6567 = DIRECTION('',(0.,0.,1.));
#6568 = PCURVE('',#1894,#6569);
#6569 = DEFINITIONAL_REPRESENTATION('',(#6570),#6574);
#6570 = LINE('',#6571,#6572);
#6571 = CARTESIAN_POINT('',(-6.28318530718,0.));
#6572 = VECTOR('',#6573,1.);
#6573 = DIRECTION('',(-0.,-1.));
#6574 = ( GEOMETRIC_REPRESENTATION_CONTEXT(2) 
PARAMETRIC_REPRESENTATION_CONTEXT() REPRESENTATION_CONTEXT('2D SPACE',''
  ) );
#6575 = PCURVE('',#1894,#6576);
#6576 = DEFINITIONAL_REPRESENTATION('',(#6577),#6581);
#6577 = LINE('',#6578,#6579);
#6578 = CARTESIAN_POINT('',(-0.,0.));
#6579 = VECTOR('',#6580,1.);
#6580 = DIRECTION('',(-0.,-1.));
#6581 = ( GEOMETRIC_REPRESENTATION_CONTEXT(2) 
PARAMETRIC_REPRESENTATION_CONTEXT() REPRESENTATION_CONTEXT('2D SPACE',''
  ) );
#6582 = ORIENTED_EDGE('',*,*,#1873,.F.);
#6583 = ORIENTED_EDGE('',*,*,#6562,.F.);
#6584 = ADVANCED_FACE('',(#6585),#1929,.F.);
#6585 = FACE_BOUND('',#6586,.T.);
#6586 = EDGE_LOOP('',(#6587,#6588,#6609,#6610));
#6587 = ORIENTED_EDGE('',*,*,#4429,.T.);
#6588 = ORIENTED_EDGE('',*,*,#6589,.T.);
#6589 = EDGE_CURVE('',#4430,#1909,#6590,.T.);
#6590 = SEAM_CURVE('',#6591,(#6595,#6602),.PCURVE_S1.);
#6591 = LINE('',#6592,#6593);
#6592 = CARTESIAN_POINT('',(21.8850972,-13.751306,-0.1));
#6593 = VECTOR('',#6594,1.);
#6594 = DIRECTION('',(0.,0.,1.));
#6595 = PCURVE('',#1929,#6596);
#6596 = DEFINITIONAL_REPRESENTATION('',(#6597),#6601);
#6597 = LINE('',#6598,#6599);
#6598 = CARTESIAN_POINT('',(-6.28318530718,0.));
#6599 = VECTOR('',#6600,1.);
#6600 = DIRECTION('',(-0.,-1.));
#6601 = ( GEOMETRIC_REPRESENTATION_CONTEXT(2) 
PARAMETRIC_REPRESENTATION_CONTEXT() REPRESENTATION_CONTEXT('2D SPACE',''
  ) );
#6602 = PCURVE('',#1929,#6603);
#6603 = DEFINITIONAL_REPRESENTATION('',(#6604),#6608);
#6604 = LINE('',#6605,#6606);
#6605 = CARTESIAN_POINT('',(-0.,0.));
#6606 = VECTOR('',#6607,1.);
#6607 = DIRECTION('',(-0.,-1.));
#6608 = ( GEOMETRIC_REPRESENTATION_CONTEXT(2) 
PARAMETRIC_REPRESENTATION_CONTEXT() REPRESENTATION_CONTEXT('2D SPACE',''
  ) );
#6609 = ORIENTED_EDGE('',*,*,#1908,.F.);
#6610 = ORIENTED_EDGE('',*,*,#6589,.F.);
#6611 = ADVANCED_FACE('',(#6612),#1964,.F.);
#6612 = FACE_BOUND('',#6613,.T.);
#6613 = EDGE_LOOP('',(#6614,#6615,#6636,#6637));
#6614 = ORIENTED_EDGE('',*,*,#4459,.T.);
#6615 = ORIENTED_EDGE('',*,*,#6616,.T.);
#6616 = EDGE_CURVE('',#4460,#1944,#6617,.T.);
#6617 = SEAM_CURVE('',#6618,(#6622,#6629),.PCURVE_S1.);
#6618 = LINE('',#6619,#6620);
#6619 = CARTESIAN_POINT('',(5.1001168,-3.50012,-0.1));
#6620 = VECTOR('',#6621,1.);
#6621 = DIRECTION('',(0.,0.,1.));
#6622 = PCURVE('',#1964,#6623);
#6623 = DEFINITIONAL_REPRESENTATION('',(#6624),#6628);
#6624 = LINE('',#6625,#6626);
#6625 = CARTESIAN_POINT('',(-6.28318530718,0.));
#6626 = VECTOR('',#6627,1.);
#6627 = DIRECTION('',(-0.,-1.));
#6628 = ( GEOMETRIC_REPRESENTATION_CONTEXT(2) 
PARAMETRIC_REPRESENTATION_CONTEXT() REPRESENTATION_CONTEXT('2D SPACE',''
  ) );
#6629 = PCURVE('',#1964,#6630);
#6630 = DEFINITIONAL_REPRESENTATION('',(#6631),#6635);
#6631 = LINE('',#6632,#6633);
#6632 = CARTESIAN_POINT('',(-0.,0.));
#6633 = VECTOR('',#6634,1.);
#6634 = DIRECTION('',(-0.,-1.));
#6635 = ( GEOMETRIC_REPRESENTATION_CONTEXT(2) 
PARAMETRIC_REPRESENTATION_CONTEXT() REPRESENTATION_CONTEXT('2D SPACE',''
  ) );
#6636 = ORIENTED_EDGE('',*,*,#1943,.F.);
#6637 = ORIENTED_EDGE('',*,*,#6616,.F.);
#6638 = ADVANCED_FACE('',(#6639),#1999,.F.);
#6639 = FACE_BOUND('',#6640,.T.);
#6640 = EDGE_LOOP('',(#6641,#6642,#6663,#6664));
#6641 = ORIENTED_EDGE('',*,*,#4489,.T.);
#6642 = ORIENTED_EDGE('',*,*,#6643,.T.);
#6643 = EDGE_CURVE('',#4490,#1979,#6644,.T.);
#6644 = SEAM_CURVE('',#6645,(#6649,#6656),.PCURVE_S1.);
#6645 = LINE('',#6646,#6647);
#6646 = CARTESIAN_POINT('',(13.6840976,-6.750812,-0.1));
#6647 = VECTOR('',#6648,1.);
#6648 = DIRECTION('',(0.,0.,1.));
#6649 = PCURVE('',#1999,#6650);
#6650 = DEFINITIONAL_REPRESENTATION('',(#6651),#6655);
#6651 = LINE('',#6652,#6653);
#6652 = CARTESIAN_POINT('',(-6.28318530718,0.));
#6653 = VECTOR('',#6654,1.);
#6654 = DIRECTION('',(-0.,-1.));
#6655 = ( GEOMETRIC_REPRESENTATION_CONTEXT(2) 
PARAMETRIC_REPRESENTATION_CONTEXT() REPRESENTATION_CONTEXT('2D SPACE',''
  ) );
#6656 = PCURVE('',#1999,#6657);
#6657 = DEFINITIONAL_REPRESENTATION('',(#6658),#6662);
#6658 = LINE('',#6659,#6660);
#6659 = CARTESIAN_POINT('',(-0.,0.));
#6660 = VECTOR('',#6661,1.);
#6661 = DIRECTION('',(-0.,-1.));
#6662 = ( GEOMETRIC_REPRESENTATION_CONTEXT(2) 
PARAMETRIC_REPRESENTATION_CONTEXT() REPRESENTATION_CONTEXT('2D SPACE',''
  ) );
#6663 = ORIENTED_EDGE('',*,*,#1978,.F.);
#6664 = ORIENTED_EDGE('',*,*,#6643,.F.);
#6665 = ADVANCED_FACE('',(#6666),#2034,.F.);
#6666 = FACE_BOUND('',#6667,.T.);
#6667 = EDGE_LOOP('',(#6668,#6669,#6690,#6691));
#6668 = ORIENTED_EDGE('',*,*,#4519,.T.);
#6669 = ORIENTED_EDGE('',*,*,#6670,.T.);
#6670 = EDGE_CURVE('',#4520,#2014,#6671,.T.);
#6671 = SEAM_CURVE('',#6672,(#6676,#6683),.PCURVE_S1.);
#6672 = LINE('',#6673,#6674);
#6673 = CARTESIAN_POINT('',(18.6853576,-6.750812,-0.1));
#6674 = VECTOR('',#6675,1.);
#6675 = DIRECTION('',(0.,0.,1.));
#6676 = PCURVE('',#2034,#6677);
#6677 = DEFINITIONAL_REPRESENTATION('',(#6678),#6682);
#6678 = LINE('',#6679,#6680);
#6679 = CARTESIAN_POINT('',(-6.28318530718,0.));
#6680 = VECTOR('',#6681,1.);
#6681 = DIRECTION('',(-0.,-1.));
#6682 = ( GEOMETRIC_REPRESENTATION_CONTEXT(2) 
PARAMETRIC_REPRESENTATION_CONTEXT() REPRESENTATION_CONTEXT('2D SPACE',''
  ) );
#6683 = PCURVE('',#2034,#6684);
#6684 = DEFINITIONAL_REPRESENTATION('',(#6685),#6689);
#6685 = LINE('',#6686,#6687);
#6686 = CARTESIAN_POINT('',(-0.,0.));
#6687 = VECTOR('',#6688,1.);
#6688 = DIRECTION('',(-0.,-1.));
#6689 = ( GEOMETRIC_REPRESENTATION_CONTEXT(2) 
PARAMETRIC_REPRESENTATION_CONTEXT() REPRESENTATION_CONTEXT('2D SPACE',''
  ) );
#6690 = ORIENTED_EDGE('',*,*,#2013,.F.);
#6691 = ORIENTED_EDGE('',*,*,#6670,.F.);
#6692 = ADVANCED_FACE('',(#6693),#2069,.F.);
#6693 = FACE_BOUND('',#6694,.T.);
#6694 = EDGE_LOOP('',(#6695,#6696,#6717,#6718));
#6695 = ORIENTED_EDGE('',*,*,#4549,.T.);
#6696 = ORIENTED_EDGE('',*,*,#6697,.T.);
#6697 = EDGE_CURVE('',#4550,#2049,#6698,.T.);
#6698 = SEAM_CURVE('',#6699,(#6703,#6710),.PCURVE_S1.);
#6699 = LINE('',#6700,#6701);
#6700 = CARTESIAN_POINT('',(25.498679,-16.534892,-0.1));
#6701 = VECTOR('',#6702,1.);
#6702 = DIRECTION('',(0.,0.,1.));
#6703 = PCURVE('',#2069,#6704);
#6704 = DEFINITIONAL_REPRESENTATION('',(#6705),#6709);
#6705 = LINE('',#6706,#6707);
#6706 = CARTESIAN_POINT('',(-6.28318530718,0.));
#6707 = VECTOR('',#6708,1.);
#6708 = DIRECTION('',(-0.,-1.));
#6709 = ( GEOMETRIC_REPRESENTATION_CONTEXT(2) 
PARAMETRIC_REPRESENTATION_CONTEXT() REPRESENTATION_CONTEXT('2D SPACE',''
  ) );
#6710 = PCURVE('',#2069,#6711);
#6711 = DEFINITIONAL_REPRESENTATION('',(#6712),#6716);
#6712 = LINE('',#6713,#6714);
#6713 = CARTESIAN_POINT('',(-0.,0.));
#6714 = VECTOR('',#6715,1.);
#6715 = DIRECTION('',(-0.,-1.));
#6716 = ( GEOMETRIC_REPRESENTATION_CONTEXT(2) 
PARAMETRIC_REPRESENTATION_CONTEXT() REPRESENTATION_CONTEXT('2D SPACE',''
  ) );
#6717 = ORIENTED_EDGE('',*,*,#2048,.F.);
#6718 = ORIENTED_EDGE('',*,*,#6697,.F.);
#6719 = ADVANCED_FACE('',(#6720),#2104,.F.);
#6720 = FACE_BOUND('',#6721,.T.);
#6721 = EDGE_LOOP('',(#6722,#6723,#6744,#6745));
#6722 = ORIENTED_EDGE('',*,*,#4579,.T.);
#6723 = ORIENTED_EDGE('',*,*,#6724,.T.);
#6724 = EDGE_CURVE('',#4580,#2084,#6725,.T.);
#6725 = SEAM_CURVE('',#6726,(#6730,#6737),.PCURVE_S1.);
#6726 = LINE('',#6727,#6728);
#6727 = CARTESIAN_POINT('',(25.498679,-13.994892,-0.1));
#6728 = VECTOR('',#6729,1.);
#6729 = DIRECTION('',(0.,0.,1.));
#6730 = PCURVE('',#2104,#6731);
#6731 = DEFINITIONAL_REPRESENTATION('',(#6732),#6736);
#6732 = LINE('',#6733,#6734);
#6733 = CARTESIAN_POINT('',(-6.28318530718,0.));
#6734 = VECTOR('',#6735,1.);
#6735 = DIRECTION('',(-0.,-1.));
#6736 = ( GEOMETRIC_REPRESENTATION_CONTEXT(2) 
PARAMETRIC_REPRESENTATION_CONTEXT() REPRESENTATION_CONTEXT('2D SPACE',''
  ) );
#6737 = PCURVE('',#2104,#6738);
#6738 = DEFINITIONAL_REPRESENTATION('',(#6739),#6743);
#6739 = LINE('',#6740,#6741);
#6740 = CARTESIAN_POINT('',(-0.,0.));
#6741 = VECTOR('',#6742,1.);
#6742 = DIRECTION('',(-0.,-1.));
#6743 = ( GEOMETRIC_REPRESENTATION_CONTEXT(2) 
PARAMETRIC_REPRESENTATION_CONTEXT() REPRESENTATION_CONTEXT('2D SPACE',''
  ) );
#6744 = ORIENTED_EDGE('',*,*,#2083,.F.);
#6745 = ORIENTED_EDGE('',*,*,#6724,.F.);
#6746 = ADVANCED_FACE('',(#6747),#2139,.F.);
#6747 = FACE_BOUND('',#6748,.T.);
#6748 = EDGE_LOOP('',(#6749,#6750,#6771,#6772));
#6749 = ORIENTED_EDGE('',*,*,#4609,.T.);
#6750 = ORIENTED_EDGE('',*,*,#6751,.T.);
#6751 = EDGE_CURVE('',#4610,#2119,#6752,.T.);
#6752 = SEAM_CURVE('',#6753,(#6757,#6764),.PCURVE_S1.);
#6753 = LINE('',#6754,#6755);
#6754 = CARTESIAN_POINT('',(25.498679,-11.454892,-0.1));
#6755 = VECTOR('',#6756,1.);
#6756 = DIRECTION('',(0.,0.,1.));
#6757 = PCURVE('',#2139,#6758);
#6758 = DEFINITIONAL_REPRESENTATION('',(#6759),#6763);
#6759 = LINE('',#6760,#6761);
#6760 = CARTESIAN_POINT('',(-6.28318530718,0.));
#6761 = VECTOR('',#6762,1.);
#6762 = DIRECTION('',(-0.,-1.));
#6763 = ( GEOMETRIC_REPRESENTATION_CONTEXT(2) 
PARAMETRIC_REPRESENTATION_CONTEXT() REPRESENTATION_CONTEXT('2D SPACE',''
  ) );
#6764 = PCURVE('',#2139,#6765);
#6765 = DEFINITIONAL_REPRESENTATION('',(#6766),#6770);
#6766 = LINE('',#6767,#6768);
#6767 = CARTESIAN_POINT('',(-0.,0.));
#6768 = VECTOR('',#6769,1.);
#6769 = DIRECTION('',(-0.,-1.));
#6770 = ( GEOMETRIC_REPRESENTATION_CONTEXT(2) 
PARAMETRIC_REPRESENTATION_CONTEXT() REPRESENTATION_CONTEXT('2D SPACE',''
  ) );
#6771 = ORIENTED_EDGE('',*,*,#2118,.F.);
#6772 = ORIENTED_EDGE('',*,*,#6751,.F.);
#6773 = ADVANCED_FACE('',(#6774),#2174,.F.);
#6774 = FACE_BOUND('',#6775,.T.);
#6775 = EDGE_LOOP('',(#6776,#6777,#6798,#6799));
#6776 = ORIENTED_EDGE('',*,*,#4639,.T.);
#6777 = ORIENTED_EDGE('',*,*,#6778,.T.);
#6778 = EDGE_CURVE('',#4640,#2154,#6779,.T.);
#6779 = SEAM_CURVE('',#6780,(#6784,#6791),.PCURVE_S1.);
#6780 = LINE('',#6781,#6782);
#6781 = CARTESIAN_POINT('',(42.498899,-16.534892,-0.1));
#6782 = VECTOR('',#6783,1.);
#6783 = DIRECTION('',(0.,0.,1.));
#6784 = PCURVE('',#2174,#6785);
#6785 = DEFINITIONAL_REPRESENTATION('',(#6786),#6790);
#6786 = LINE('',#6787,#6788);
#6787 = CARTESIAN_POINT('',(-6.28318530718,0.));
#6788 = VECTOR('',#6789,1.);
#6789 = DIRECTION('',(-0.,-1.));
#6790 = ( GEOMETRIC_REPRESENTATION_CONTEXT(2) 
PARAMETRIC_REPRESENTATION_CONTEXT() REPRESENTATION_CONTEXT('2D SPACE',''
  ) );
#6791 = PCURVE('',#2174,#6792);
#6792 = DEFINITIONAL_REPRESENTATION('',(#6793),#6797);
#6793 = LINE('',#6794,#6795);
#6794 = CARTESIAN_POINT('',(-0.,0.));
#6795 = VECTOR('',#6796,1.);
#6796 = DIRECTION('',(-0.,-1.));
#6797 = ( GEOMETRIC_REPRESENTATION_CONTEXT(2) 
PARAMETRIC_REPRESENTATION_CONTEXT() REPRESENTATION_CONTEXT('2D SPACE',''
  ) );
#6798 = ORIENTED_EDGE('',*,*,#2153,.F.);
#6799 = ORIENTED_EDGE('',*,*,#6778,.F.);
#6800 = ADVANCED_FACE('',(#6801),#2209,.F.);
#6801 = FACE_BOUND('',#6802,.T.);
#6802 = EDGE_LOOP('',(#6803,#6804,#6825,#6826));
#6803 = ORIENTED_EDGE('',*,*,#4669,.T.);
#6804 = ORIENTED_EDGE('',*,*,#6805,.T.);
#6805 = EDGE_CURVE('',#4670,#2189,#6806,.T.);
#6806 = SEAM_CURVE('',#6807,(#6811,#6818),.PCURVE_S1.);
#6807 = LINE('',#6808,#6809);
#6808 = CARTESIAN_POINT('',(42.498899,-13.994892,-0.1));
#6809 = VECTOR('',#6810,1.);
#6810 = DIRECTION('',(0.,0.,1.));
#6811 = PCURVE('',#2209,#6812);
#6812 = DEFINITIONAL_REPRESENTATION('',(#6813),#6817);
#6813 = LINE('',#6814,#6815);
#6814 = CARTESIAN_POINT('',(-6.28318530718,0.));
#6815 = VECTOR('',#6816,1.);
#6816 = DIRECTION('',(-0.,-1.));
#6817 = ( GEOMETRIC_REPRESENTATION_CONTEXT(2) 
PARAMETRIC_REPRESENTATION_CONTEXT() REPRESENTATION_CONTEXT('2D SPACE',''
  ) );
#6818 = PCURVE('',#2209,#6819);
#6819 = DEFINITIONAL_REPRESENTATION('',(#6820),#6824);
#6820 = LINE('',#6821,#6822);
#6821 = CARTESIAN_POINT('',(-0.,0.));
#6822 = VECTOR('',#6823,1.);
#6823 = DIRECTION('',(-0.,-1.));
#6824 = ( GEOMETRIC_REPRESENTATION_CONTEXT(2) 
PARAMETRIC_REPRESENTATION_CONTEXT() REPRESENTATION_CONTEXT('2D SPACE',''
  ) );
#6825 = ORIENTED_EDGE('',*,*,#2188,.F.);
#6826 = ORIENTED_EDGE('',*,*,#6805,.F.);
#6827 = ADVANCED_FACE('',(#6828),#2244,.F.);
#6828 = FACE_BOUND('',#6829,.T.);
#6829 = EDGE_LOOP('',(#6830,#6831,#6852,#6853));
#6830 = ORIENTED_EDGE('',*,*,#4699,.T.);
#6831 = ORIENTED_EDGE('',*,*,#6832,.T.);
#6832 = EDGE_CURVE('',#4700,#2224,#6833,.T.);
#6833 = SEAM_CURVE('',#6834,(#6838,#6845),.PCURVE_S1.);
#6834 = LINE('',#6835,#6836);
#6835 = CARTESIAN_POINT('',(42.498899,-11.454892,-0.1));
#6836 = VECTOR('',#6837,1.);
#6837 = DIRECTION('',(0.,0.,1.));
#6838 = PCURVE('',#2244,#6839);
#6839 = DEFINITIONAL_REPRESENTATION('',(#6840),#6844);
#6840 = LINE('',#6841,#6842);
#6841 = CARTESIAN_POINT('',(-6.28318530718,0.));
#6842 = VECTOR('',#6843,1.);
#6843 = DIRECTION('',(-0.,-1.));
#6844 = ( GEOMETRIC_REPRESENTATION_CONTEXT(2) 
PARAMETRIC_REPRESENTATION_CONTEXT() REPRESENTATION_CONTEXT('2D SPACE',''
  ) );
#6845 = PCURVE('',#2244,#6846);
#6846 = DEFINITIONAL_REPRESENTATION('',(#6847),#6851);
#6847 = LINE('',#6848,#6849);
#6848 = CARTESIAN_POINT('',(-0.,0.));
#6849 = VECTOR('',#6850,1.);
#6850 = DIRECTION('',(-0.,-1.));
#6851 = ( GEOMETRIC_REPRESENTATION_CONTEXT(2) 
PARAMETRIC_REPRESENTATION_CONTEXT() REPRESENTATION_CONTEXT('2D SPACE',''
  ) );
#6852 = ORIENTED_EDGE('',*,*,#2223,.F.);
#6853 = ORIENTED_EDGE('',*,*,#6832,.F.);
#6854 = ADVANCED_FACE('',(#6855),#2279,.F.);
#6855 = FACE_BOUND('',#6856,.T.);
#6856 = EDGE_LOOP('',(#6857,#6858,#6879,#6880));
#6857 = ORIENTED_EDGE('',*,*,#4729,.T.);
#6858 = ORIENTED_EDGE('',*,*,#6859,.T.);
#6859 = EDGE_CURVE('',#4730,#2259,#6860,.T.);
#6860 = SEAM_CURVE('',#6861,(#6865,#6872),.PCURVE_S1.);
#6861 = LINE('',#6862,#6863);
#6862 = CARTESIAN_POINT('',(25.498679,-8.914892,-0.1));
#6863 = VECTOR('',#6864,1.);
#6864 = DIRECTION('',(0.,0.,1.));
#6865 = PCURVE('',#2279,#6866);
#6866 = DEFINITIONAL_REPRESENTATION('',(#6867),#6871);
#6867 = LINE('',#6868,#6869);
#6868 = CARTESIAN_POINT('',(-6.28318530718,0.));
#6869 = VECTOR('',#6870,1.);
#6870 = DIRECTION('',(-0.,-1.));
#6871 = ( GEOMETRIC_REPRESENTATION_CONTEXT(2) 
PARAMETRIC_REPRESENTATION_CONTEXT() REPRESENTATION_CONTEXT('2D SPACE',''
  ) );
#6872 = PCURVE('',#2279,#6873);
#6873 = DEFINITIONAL_REPRESENTATION('',(#6874),#6878);
#6874 = LINE('',#6875,#6876);
#6875 = CARTESIAN_POINT('',(-0.,0.));
#6876 = VECTOR('',#6877,1.);
#6877 = DIRECTION('',(-0.,-1.));
#6878 = ( GEOMETRIC_REPRESENTATION_CONTEXT(2) 
PARAMETRIC_REPRESENTATION_CONTEXT() REPRESENTATION_CONTEXT('2D SPACE',''
  ) );
#6879 = ORIENTED_EDGE('',*,*,#2258,.F.);
#6880 = ORIENTED_EDGE('',*,*,#6859,.F.);
#6881 = ADVANCED_FACE('',(#6882),#2314,.F.);
#6882 = FACE_BOUND('',#6883,.T.);
#6883 = EDGE_LOOP('',(#6884,#6885,#6906,#6907));
#6884 = ORIENTED_EDGE('',*,*,#4759,.T.);
#6885 = ORIENTED_EDGE('',*,*,#6886,.T.);
#6886 = EDGE_CURVE('',#4760,#2294,#6887,.T.);
#6887 = SEAM_CURVE('',#6888,(#6892,#6899),.PCURVE_S1.);
#6888 = LINE('',#6889,#6890);
#6889 = CARTESIAN_POINT('',(25.498679,-6.374892,-0.1));
#6890 = VECTOR('',#6891,1.);
#6891 = DIRECTION('',(0.,0.,1.));
#6892 = PCURVE('',#2314,#6893);
#6893 = DEFINITIONAL_REPRESENTATION('',(#6894),#6898);
#6894 = LINE('',#6895,#6896);
#6895 = CARTESIAN_POINT('',(-6.28318530718,0.));
#6896 = VECTOR('',#6897,1.);
#6897 = DIRECTION('',(-0.,-1.));
#6898 = ( GEOMETRIC_REPRESENTATION_CONTEXT(2) 
PARAMETRIC_REPRESENTATION_CONTEXT() REPRESENTATION_CONTEXT('2D SPACE',''
  ) );
#6899 = PCURVE('',#2314,#6900);
#6900 = DEFINITIONAL_REPRESENTATION('',(#6901),#6905);
#6901 = LINE('',#6902,#6903);
#6902 = CARTESIAN_POINT('',(-0.,0.));
#6903 = VECTOR('',#6904,1.);
#6904 = DIRECTION('',(-0.,-1.));
#6905 = ( GEOMETRIC_REPRESENTATION_CONTEXT(2) 
PARAMETRIC_REPRESENTATION_CONTEXT() REPRESENTATION_CONTEXT('2D SPACE',''
  ) );
#6906 = ORIENTED_EDGE('',*,*,#2293,.F.);
#6907 = ORIENTED_EDGE('',*,*,#6886,.F.);
#6908 = ADVANCED_FACE('',(#6909),#2349,.F.);
#6909 = FACE_BOUND('',#6910,.T.);
#6910 = EDGE_LOOP('',(#6911,#6912,#6933,#6934));
#6911 = ORIENTED_EDGE('',*,*,#4789,.T.);
#6912 = ORIENTED_EDGE('',*,*,#6913,.T.);
#6913 = EDGE_CURVE('',#4790,#2329,#6914,.T.);
#6914 = SEAM_CURVE('',#6915,(#6919,#6926),.PCURVE_S1.);
#6915 = LINE('',#6916,#6917);
#6916 = CARTESIAN_POINT('',(25.498679,-3.834892,-0.1));
#6917 = VECTOR('',#6918,1.);
#6918 = DIRECTION('',(0.,0.,1.));
#6919 = PCURVE('',#2349,#6920);
#6920 = DEFINITIONAL_REPRESENTATION('',(#6921),#6925);
#6921 = LINE('',#6922,#6923);
#6922 = CARTESIAN_POINT('',(-6.28318530718,0.));
#6923 = VECTOR('',#6924,1.);
#6924 = DIRECTION('',(-0.,-1.));
#6925 = ( GEOMETRIC_REPRESENTATION_CONTEXT(2) 
PARAMETRIC_REPRESENTATION_CONTEXT() REPRESENTATION_CONTEXT('2D SPACE',''
  ) );
#6926 = PCURVE('',#2349,#6927);
#6927 = DEFINITIONAL_REPRESENTATION('',(#6928),#6932);
#6928 = LINE('',#6929,#6930);
#6929 = CARTESIAN_POINT('',(-0.,0.));
#6930 = VECTOR('',#6931,1.);
#6931 = DIRECTION('',(-0.,-1.));
#6932 = ( GEOMETRIC_REPRESENTATION_CONTEXT(2) 
PARAMETRIC_REPRESENTATION_CONTEXT() REPRESENTATION_CONTEXT('2D SPACE',''
  ) );
#6933 = ORIENTED_EDGE('',*,*,#2328,.F.);
#6934 = ORIENTED_EDGE('',*,*,#6913,.F.);
#6935 = ADVANCED_FACE('',(#6936),#2384,.F.);
#6936 = FACE_BOUND('',#6937,.T.);
#6937 = EDGE_LOOP('',(#6938,#6939,#6960,#6961));
#6938 = ORIENTED_EDGE('',*,*,#4819,.T.);
#6939 = ORIENTED_EDGE('',*,*,#6940,.T.);
#6940 = EDGE_CURVE('',#4820,#2364,#6941,.T.);
#6941 = SEAM_CURVE('',#6942,(#6946,#6953),.PCURVE_S1.);
#6942 = LINE('',#6943,#6944);
#6943 = CARTESIAN_POINT('',(25.498933,-1.294892,-0.1));
#6944 = VECTOR('',#6945,1.);
#6945 = DIRECTION('',(0.,0.,1.));
#6946 = PCURVE('',#2384,#6947);
#6947 = DEFINITIONAL_REPRESENTATION('',(#6948),#6952);
#6948 = LINE('',#6949,#6950);
#6949 = CARTESIAN_POINT('',(-6.28318530718,0.));
#6950 = VECTOR('',#6951,1.);
#6951 = DIRECTION('',(-0.,-1.));
#6952 = ( GEOMETRIC_REPRESENTATION_CONTEXT(2) 
PARAMETRIC_REPRESENTATION_CONTEXT() REPRESENTATION_CONTEXT('2D SPACE',''
  ) );
#6953 = PCURVE('',#2384,#6954);
#6954 = DEFINITIONAL_REPRESENTATION('',(#6955),#6959);
#6955 = LINE('',#6956,#6957);
#6956 = CARTESIAN_POINT('',(-0.,0.));
#6957 = VECTOR('',#6958,1.);
#6958 = DIRECTION('',(-0.,-1.));
#6959 = ( GEOMETRIC_REPRESENTATION_CONTEXT(2) 
PARAMETRIC_REPRESENTATION_CONTEXT() REPRESENTATION_CONTEXT('2D SPACE',''
  ) );
#6960 = ORIENTED_EDGE('',*,*,#2363,.F.);
#6961 = ORIENTED_EDGE('',*,*,#6940,.F.);
#6962 = ADVANCED_FACE('',(#6963),#2419,.F.);
#6963 = FACE_BOUND('',#6964,.T.);
#6964 = EDGE_LOOP('',(#6965,#6966,#6987,#6988));
#6965 = ORIENTED_EDGE('',*,*,#4849,.T.);
#6966 = ORIENTED_EDGE('',*,*,#6967,.T.);
#6967 = EDGE_CURVE('',#4850,#2399,#6968,.T.);
#6968 = SEAM_CURVE('',#6969,(#6973,#6980),.PCURVE_S1.);
#6969 = LINE('',#6970,#6971);
#6970 = CARTESIAN_POINT('',(42.498899,-8.914892,-0.1));
#6971 = VECTOR('',#6972,1.);
#6972 = DIRECTION('',(0.,0.,1.));
#6973 = PCURVE('',#2419,#6974);
#6974 = DEFINITIONAL_REPRESENTATION('',(#6975),#6979);
#6975 = LINE('',#6976,#6977);
#6976 = CARTESIAN_POINT('',(-6.28318530718,0.));
#6977 = VECTOR('',#6978,1.);
#6978 = DIRECTION('',(-0.,-1.));
#6979 = ( GEOMETRIC_REPRESENTATION_CONTEXT(2) 
PARAMETRIC_REPRESENTATION_CONTEXT() REPRESENTATION_CONTEXT('2D SPACE',''
  ) );
#6980 = PCURVE('',#2419,#6981);
#6981 = DEFINITIONAL_REPRESENTATION('',(#6982),#6986);
#6982 = LINE('',#6983,#6984);
#6983 = CARTESIAN_POINT('',(-0.,0.));
#6984 = VECTOR('',#6985,1.);
#6985 = DIRECTION('',(-0.,-1.));
#6986 = ( GEOMETRIC_REPRESENTATION_CONTEXT(2) 
PARAMETRIC_REPRESENTATION_CONTEXT() REPRESENTATION_CONTEXT('2D SPACE',''
  ) );
#6987 = ORIENTED_EDGE('',*,*,#2398,.F.);
#6988 = ORIENTED_EDGE('',*,*,#6967,.F.);
#6989 = ADVANCED_FACE('',(#6990),#2454,.F.);
#6990 = FACE_BOUND('',#6991,.T.);
#6991 = EDGE_LOOP('',(#6992,#6993,#7014,#7015));
#6992 = ORIENTED_EDGE('',*,*,#4879,.T.);
#6993 = ORIENTED_EDGE('',*,*,#6994,.T.);
#6994 = EDGE_CURVE('',#4880,#2434,#6995,.T.);
#6995 = SEAM_CURVE('',#6996,(#7000,#7007),.PCURVE_S1.);
#6996 = LINE('',#6997,#6998);
#6997 = CARTESIAN_POINT('',(42.498899,-6.374892,-0.1));
#6998 = VECTOR('',#6999,1.);
#6999 = DIRECTION('',(0.,0.,1.));
#7000 = PCURVE('',#2454,#7001);
#7001 = DEFINITIONAL_REPRESENTATION('',(#7002),#7006);
#7002 = LINE('',#7003,#7004);
#7003 = CARTESIAN_POINT('',(-6.28318530718,0.));
#7004 = VECTOR('',#7005,1.);
#7005 = DIRECTION('',(-0.,-1.));
#7006 = ( GEOMETRIC_REPRESENTATION_CONTEXT(2) 
PARAMETRIC_REPRESENTATION_CONTEXT() REPRESENTATION_CONTEXT('2D SPACE',''
  ) );
#7007 = PCURVE('',#2454,#7008);
#7008 = DEFINITIONAL_REPRESENTATION('',(#7009),#7013);
#7009 = LINE('',#7010,#7011);
#7010 = CARTESIAN_POINT('',(-0.,0.));
#7011 = VECTOR('',#7012,1.);
#7012 = DIRECTION('',(-0.,-1.));
#7013 = ( GEOMETRIC_REPRESENTATION_CONTEXT(2) 
PARAMETRIC_REPRESENTATION_CONTEXT() REPRESENTATION_CONTEXT('2D SPACE',''
  ) );
#7014 = ORIENTED_EDGE('',*,*,#2433,.F.);
#7015 = ORIENTED_EDGE('',*,*,#6994,.F.);
#7016 = ADVANCED_FACE('',(#7017),#2489,.F.);
#7017 = FACE_BOUND('',#7018,.T.);
#7018 = EDGE_LOOP('',(#7019,#7020,#7041,#7042));
#7019 = ORIENTED_EDGE('',*,*,#4909,.T.);
#7020 = ORIENTED_EDGE('',*,*,#7021,.T.);
#7021 = EDGE_CURVE('',#4910,#2469,#7022,.T.);
#7022 = SEAM_CURVE('',#7023,(#7027,#7034),.PCURVE_S1.);
#7023 = LINE('',#7024,#7025);
#7024 = CARTESIAN_POINT('',(42.498899,-3.834892,-0.1));
#7025 = VECTOR('',#7026,1.);
#7026 = DIRECTION('',(0.,0.,1.));
#7027 = PCURVE('',#2489,#7028);
#7028 = DEFINITIONAL_REPRESENTATION('',(#7029),#7033);
#7029 = LINE('',#7030,#7031);
#7030 = CARTESIAN_POINT('',(-6.28318530718,0.));
#7031 = VECTOR('',#7032,1.);
#7032 = DIRECTION('',(-0.,-1.));
#7033 = ( GEOMETRIC_REPRESENTATION_CONTEXT(2) 
PARAMETRIC_REPRESENTATION_CONTEXT() REPRESENTATION_CONTEXT('2D SPACE',''
  ) );
#7034 = PCURVE('',#2489,#7035);
#7035 = DEFINITIONAL_REPRESENTATION('',(#7036),#7040);
#7036 = LINE('',#7037,#7038);
#7037 = CARTESIAN_POINT('',(-0.,0.));
#7038 = VECTOR('',#7039,1.);
#7039 = DIRECTION('',(-0.,-1.));
#7040 = ( GEOMETRIC_REPRESENTATION_CONTEXT(2) 
PARAMETRIC_REPRESENTATION_CONTEXT() REPRESENTATION_CONTEXT('2D SPACE',''
  ) );
#7041 = ORIENTED_EDGE('',*,*,#2468,.F.);
#7042 = ORIENTED_EDGE('',*,*,#7021,.F.);
#7043 = ADVANCED_FACE('',(#7044),#2524,.F.);
#7044 = FACE_BOUND('',#7045,.T.);
#7045 = EDGE_LOOP('',(#7046,#7047,#7068,#7069));
#7046 = ORIENTED_EDGE('',*,*,#4939,.T.);
#7047 = ORIENTED_EDGE('',*,*,#7048,.T.);
#7048 = EDGE_CURVE('',#4940,#2504,#7049,.T.);
#7049 = SEAM_CURVE('',#7050,(#7054,#7061),.PCURVE_S1.);
#7050 = LINE('',#7051,#7052);
#7051 = CARTESIAN_POINT('',(42.498899,-1.294892,-0.1));
#7052 = VECTOR('',#7053,1.);
#7053 = DIRECTION('',(0.,0.,1.));
#7054 = PCURVE('',#2524,#7055);
#7055 = DEFINITIONAL_REPRESENTATION('',(#7056),#7060);
#7056 = LINE('',#7057,#7058);
#7057 = CARTESIAN_POINT('',(-6.28318530718,0.));
#7058 = VECTOR('',#7059,1.);
#7059 = DIRECTION('',(-0.,-1.));
#7060 = ( GEOMETRIC_REPRESENTATION_CONTEXT(2) 
PARAMETRIC_REPRESENTATION_CONTEXT() REPRESENTATION_CONTEXT('2D SPACE',''
  ) );
#7061 = PCURVE('',#2524,#7062);
#7062 = DEFINITIONAL_REPRESENTATION('',(#7063),#7067);
#7063 = LINE('',#7064,#7065);
#7064 = CARTESIAN_POINT('',(-0.,0.));
#7065 = VECTOR('',#7066,1.);
#7066 = DIRECTION('',(-0.,-1.));
#7067 = ( GEOMETRIC_REPRESENTATION_CONTEXT(2) 
PARAMETRIC_REPRESENTATION_CONTEXT() REPRESENTATION_CONTEXT('2D SPACE',''
  ) );
#7068 = ORIENTED_EDGE('',*,*,#2503,.F.);
#7069 = ORIENTED_EDGE('',*,*,#7048,.F.);
#7070 = ADVANCED_FACE('',(#7071),#2559,.F.);
#7071 = FACE_BOUND('',#7072,.T.);
#7072 = EDGE_LOOP('',(#7073,#7074,#7095,#7096));
#7073 = ORIENTED_EDGE('',*,*,#4969,.T.);
#7074 = ORIENTED_EDGE('',*,*,#7075,.T.);
#7075 = EDGE_CURVE('',#4970,#2539,#7076,.T.);
#7076 = SEAM_CURVE('',#7077,(#7081,#7088),.PCURVE_S1.);
#7077 = LINE('',#7078,#7079);
#7078 = CARTESIAN_POINT('',(45.7239116,-35.729926,-0.1));
#7079 = VECTOR('',#7080,1.);
#7080 = DIRECTION('',(0.,0.,1.));
#7081 = PCURVE('',#2559,#7082);
#7082 = DEFINITIONAL_REPRESENTATION('',(#7083),#7087);
#7083 = LINE('',#7084,#7085);
#7084 = CARTESIAN_POINT('',(-6.28318530718,0.));
#7085 = VECTOR('',#7086,1.);
#7086 = DIRECTION('',(-0.,-1.));
#7087 = ( GEOMETRIC_REPRESENTATION_CONTEXT(2) 
PARAMETRIC_REPRESENTATION_CONTEXT() REPRESENTATION_CONTEXT('2D SPACE',''
  ) );
#7088 = PCURVE('',#2559,#7089);
#7089 = DEFINITIONAL_REPRESENTATION('',(#7090),#7094);
#7090 = LINE('',#7091,#7092);
#7091 = CARTESIAN_POINT('',(-0.,0.));
#7092 = VECTOR('',#7093,1.);
#7093 = DIRECTION('',(-0.,-1.));
#7094 = ( GEOMETRIC_REPRESENTATION_CONTEXT(2) 
PARAMETRIC_REPRESENTATION_CONTEXT() REPRESENTATION_CONTEXT('2D SPACE',''
  ) );
#7095 = ORIENTED_EDGE('',*,*,#2538,.F.);
#7096 = ORIENTED_EDGE('',*,*,#7075,.F.);
#7097 = ADVANCED_FACE('',(#7098),#2594,.F.);
#7098 = FACE_BOUND('',#7099,.T.);
#7099 = EDGE_LOOP('',(#7100,#7101,#7122,#7123));
#7100 = ORIENTED_EDGE('',*,*,#4999,.T.);
#7101 = ORIENTED_EDGE('',*,*,#7102,.T.);
#7102 = EDGE_CURVE('',#5000,#2574,#7103,.T.);
#7103 = SEAM_CURVE('',#7104,(#7108,#7115),.PCURVE_S1.);
#7104 = LINE('',#7105,#7106);
#7105 = CARTESIAN_POINT('',(48.9000038,-25.500076,-0.1));
#7106 = VECTOR('',#7107,1.);
#7107 = DIRECTION('',(0.,0.,1.));
#7108 = PCURVE('',#2594,#7109);
#7109 = DEFINITIONAL_REPRESENTATION('',(#7110),#7114);
#7110 = LINE('',#7111,#7112);
#7111 = CARTESIAN_POINT('',(-6.28318530718,0.));
#7112 = VECTOR('',#7113,1.);
#7113 = DIRECTION('',(-0.,-1.));
#7114 = ( GEOMETRIC_REPRESENTATION_CONTEXT(2) 
PARAMETRIC_REPRESENTATION_CONTEXT() REPRESENTATION_CONTEXT('2D SPACE',''
  ) );
#7115 = PCURVE('',#2594,#7116);
#7116 = DEFINITIONAL_REPRESENTATION('',(#7117),#7121);
#7117 = LINE('',#7118,#7119);
#7118 = CARTESIAN_POINT('',(-0.,0.));
#7119 = VECTOR('',#7120,1.);
#7120 = DIRECTION('',(-0.,-1.));
#7121 = ( GEOMETRIC_REPRESENTATION_CONTEXT(2) 
PARAMETRIC_REPRESENTATION_CONTEXT() REPRESENTATION_CONTEXT('2D SPACE',''
  ) );
#7122 = ORIENTED_EDGE('',*,*,#2573,.F.);
#7123 = ORIENTED_EDGE('',*,*,#7102,.F.);
#7124 = ADVANCED_FACE('',(#7125),#2629,.F.);
#7125 = FACE_BOUND('',#7126,.T.);
#7126 = EDGE_LOOP('',(#7127,#7128,#7149,#7150));
#7127 = ORIENTED_EDGE('',*,*,#5029,.T.);
#7128 = ORIENTED_EDGE('',*,*,#7129,.T.);
#7129 = EDGE_CURVE('',#5030,#2609,#7130,.T.);
#7130 = SEAM_CURVE('',#7131,(#7135,#7142),.PCURVE_S1.);
#7131 = LINE('',#7132,#7133);
#7132 = CARTESIAN_POINT('',(64.7744196,-35.729926,-0.1));
#7133 = VECTOR('',#7134,1.);
#7134 = DIRECTION('',(0.,0.,1.));
#7135 = PCURVE('',#2629,#7136);
#7136 = DEFINITIONAL_REPRESENTATION('',(#7137),#7141);
#7137 = LINE('',#7138,#7139);
#7138 = CARTESIAN_POINT('',(-6.28318530718,0.));
#7139 = VECTOR('',#7140,1.);
#7140 = DIRECTION('',(-0.,-1.));
#7141 = ( GEOMETRIC_REPRESENTATION_CONTEXT(2) 
PARAMETRIC_REPRESENTATION_CONTEXT() REPRESENTATION_CONTEXT('2D SPACE',''
  ) );
#7142 = PCURVE('',#2629,#7143);
#7143 = DEFINITIONAL_REPRESENTATION('',(#7144),#7148);
#7144 = LINE('',#7145,#7146);
#7145 = CARTESIAN_POINT('',(-0.,0.));
#7146 = VECTOR('',#7147,1.);
#7147 = DIRECTION('',(-0.,-1.));
#7148 = ( GEOMETRIC_REPRESENTATION_CONTEXT(2) 
PARAMETRIC_REPRESENTATION_CONTEXT() REPRESENTATION_CONTEXT('2D SPACE',''
  ) );
#7149 = ORIENTED_EDGE('',*,*,#2608,.F.);
#7150 = ORIENTED_EDGE('',*,*,#7129,.F.);
#7151 = ADVANCED_FACE('',(#7152),#2664,.F.);
#7152 = FACE_BOUND('',#7153,.T.);
#7153 = EDGE_LOOP('',(#7154,#7155,#7176,#7177));
#7154 = ORIENTED_EDGE('',*,*,#5059,.T.);
#7155 = ORIENTED_EDGE('',*,*,#7156,.T.);
#7156 = EDGE_CURVE('',#5060,#2644,#7157,.T.);
#7157 = SEAM_CURVE('',#7158,(#7162,#7169),.PCURVE_S1.);
#7158 = LINE('',#7159,#7160);
#7159 = CARTESIAN_POINT('',(75.3000018,-25.500076,-0.1));
#7160 = VECTOR('',#7161,1.);
#7161 = DIRECTION('',(0.,0.,1.));
#7162 = PCURVE('',#2664,#7163);
#7163 = DEFINITIONAL_REPRESENTATION('',(#7164),#7168);
#7164 = LINE('',#7165,#7166);
#7165 = CARTESIAN_POINT('',(-6.28318530718,0.));
#7166 = VECTOR('',#7167,1.);
#7167 = DIRECTION('',(-0.,-1.));
#7168 = ( GEOMETRIC_REPRESENTATION_CONTEXT(2) 
PARAMETRIC_REPRESENTATION_CONTEXT() REPRESENTATION_CONTEXT('2D SPACE',''
  ) );
#7169 = PCURVE('',#2664,#7170);
#7170 = DEFINITIONAL_REPRESENTATION('',(#7171),#7175);
#7171 = LINE('',#7172,#7173);
#7172 = CARTESIAN_POINT('',(-0.,0.));
#7173 = VECTOR('',#7174,1.);
#7174 = DIRECTION('',(-0.,-1.));
#7175 = ( GEOMETRIC_REPRESENTATION_CONTEXT(2) 
PARAMETRIC_REPRESENTATION_CONTEXT() REPRESENTATION_CONTEXT('2D SPACE',''
  ) );
#7176 = ORIENTED_EDGE('',*,*,#2643,.F.);
#7177 = ORIENTED_EDGE('',*,*,#7156,.F.);
#7178 = ADVANCED_FACE('',(#7179),#2699,.F.);
#7179 = FACE_BOUND('',#7180,.T.);
#7180 = EDGE_LOOP('',(#7181,#7182,#7203,#7204));
#7181 = ORIENTED_EDGE('',*,*,#5089,.T.);
#7182 = ORIENTED_EDGE('',*,*,#7183,.T.);
#7183 = EDGE_CURVE('',#5090,#2679,#7184,.T.);
#7184 = SEAM_CURVE('',#7185,(#7189,#7196),.PCURVE_S1.);
#7185 = LINE('',#7186,#7187);
#7186 = CARTESIAN_POINT('',(48.9000038,-2.500122,-0.1));
#7187 = VECTOR('',#7188,1.);
#7188 = DIRECTION('',(0.,0.,1.));
#7189 = PCURVE('',#2699,#7190);
#7190 = DEFINITIONAL_REPRESENTATION('',(#7191),#7195);
#7191 = LINE('',#7192,#7193);
#7192 = CARTESIAN_POINT('',(-6.28318530718,0.));
#7193 = VECTOR('',#7194,1.);
#7194 = DIRECTION('',(-0.,-1.));
#7195 = ( GEOMETRIC_REPRESENTATION_CONTEXT(2) 
PARAMETRIC_REPRESENTATION_CONTEXT() REPRESENTATION_CONTEXT('2D SPACE',''
  ) );
#7196 = PCURVE('',#2699,#7197);
#7197 = DEFINITIONAL_REPRESENTATION('',(#7198),#7202);
#7198 = LINE('',#7199,#7200);
#7199 = CARTESIAN_POINT('',(-0.,0.));
#7200 = VECTOR('',#7201,1.);
#7201 = DIRECTION('',(-0.,-1.));
#7202 = ( GEOMETRIC_REPRESENTATION_CONTEXT(2) 
PARAMETRIC_REPRESENTATION_CONTEXT() REPRESENTATION_CONTEXT('2D SPACE',''
  ) );
#7203 = ORIENTED_EDGE('',*,*,#2678,.F.);
#7204 = ORIENTED_EDGE('',*,*,#7183,.F.);
#7205 = ADVANCED_FACE('',(#7206),#2734,.F.);
#7206 = FACE_BOUND('',#7207,.T.);
#7207 = EDGE_LOOP('',(#7208,#7209,#7230,#7231));
#7208 = ORIENTED_EDGE('',*,*,#5119,.T.);
#7209 = ORIENTED_EDGE('',*,*,#7210,.T.);
#7210 = EDGE_CURVE('',#5120,#2714,#7211,.T.);
#7211 = SEAM_CURVE('',#7212,(#7216,#7223),.PCURVE_S1.);
#7212 = LINE('',#7213,#7214);
#7213 = CARTESIAN_POINT('',(52.6206466,-2.499106,-0.1));
#7214 = VECTOR('',#7215,1.);
#7215 = DIRECTION('',(0.,0.,1.));
#7216 = PCURVE('',#2734,#7217);
#7217 = DEFINITIONAL_REPRESENTATION('',(#7218),#7222);
#7218 = LINE('',#7219,#7220);
#7219 = CARTESIAN_POINT('',(-6.28318530718,0.));
#7220 = VECTOR('',#7221,1.);
#7221 = DIRECTION('',(-0.,-1.));
#7222 = ( GEOMETRIC_REPRESENTATION_CONTEXT(2) 
PARAMETRIC_REPRESENTATION_CONTEXT() REPRESENTATION_CONTEXT('2D SPACE',''
  ) );
#7223 = PCURVE('',#2734,#7224);
#7224 = DEFINITIONAL_REPRESENTATION('',(#7225),#7229);
#7225 = LINE('',#7226,#7227);
#7226 = CARTESIAN_POINT('',(-0.,0.));
#7227 = VECTOR('',#7228,1.);
#7228 = DIRECTION('',(-0.,-1.));
#7229 = ( GEOMETRIC_REPRESENTATION_CONTEXT(2) 
PARAMETRIC_REPRESENTATION_CONTEXT() REPRESENTATION_CONTEXT('2D SPACE',''
  ) );
#7230 = ORIENTED_EDGE('',*,*,#2713,.F.);
#7231 = ORIENTED_EDGE('',*,*,#7210,.F.);
#7232 = ADVANCED_FACE('',(#7233),#2769,.F.);
#7233 = FACE_BOUND('',#7234,.T.);
#7234 = EDGE_LOOP('',(#7235,#7236,#7257,#7258));
#7235 = ORIENTED_EDGE('',*,*,#5149,.T.);
#7236 = ORIENTED_EDGE('',*,*,#7237,.T.);
#7237 = EDGE_CURVE('',#5150,#2749,#7238,.T.);
#7238 = SEAM_CURVE('',#7239,(#7243,#7250),.PCURVE_S1.);
#7239 = LINE('',#7240,#7241);
#7240 = CARTESIAN_POINT('',(55.1606466,-2.499106,-0.1));
#7241 = VECTOR('',#7242,1.);
#7242 = DIRECTION('',(0.,0.,1.));
#7243 = PCURVE('',#2769,#7244);
#7244 = DEFINITIONAL_REPRESENTATION('',(#7245),#7249);
#7245 = LINE('',#7246,#7247);
#7246 = CARTESIAN_POINT('',(-6.28318530718,0.));
#7247 = VECTOR('',#7248,1.);
#7248 = DIRECTION('',(-0.,-1.));
#7249 = ( GEOMETRIC_REPRESENTATION_CONTEXT(2) 
PARAMETRIC_REPRESENTATION_CONTEXT() REPRESENTATION_CONTEXT('2D SPACE',''
  ) );
#7250 = PCURVE('',#2769,#7251);
#7251 = DEFINITIONAL_REPRESENTATION('',(#7252),#7256);
#7252 = LINE('',#7253,#7254);
#7253 = CARTESIAN_POINT('',(-0.,0.));
#7254 = VECTOR('',#7255,1.);
#7255 = DIRECTION('',(-0.,-1.));
#7256 = ( GEOMETRIC_REPRESENTATION_CONTEXT(2) 
PARAMETRIC_REPRESENTATION_CONTEXT() REPRESENTATION_CONTEXT('2D SPACE',''
  ) );
#7257 = ORIENTED_EDGE('',*,*,#2748,.F.);
#7258 = ORIENTED_EDGE('',*,*,#7237,.F.);
#7259 = ADVANCED_FACE('',(#7260),#2804,.F.);
#7260 = FACE_BOUND('',#7261,.T.);
#7261 = EDGE_LOOP('',(#7262,#7263,#7284,#7285));
#7262 = ORIENTED_EDGE('',*,*,#5179,.T.);
#7263 = ORIENTED_EDGE('',*,*,#7264,.T.);
#7264 = EDGE_CURVE('',#5180,#2784,#7265,.T.);
#7265 = SEAM_CURVE('',#7266,(#7270,#7277),.PCURVE_S1.);
#7266 = LINE('',#7267,#7268);
#7267 = CARTESIAN_POINT('',(57.7006466,-2.499106,-0.1));
#7268 = VECTOR('',#7269,1.);
#7269 = DIRECTION('',(0.,0.,1.));
#7270 = PCURVE('',#2804,#7271);
#7271 = DEFINITIONAL_REPRESENTATION('',(#7272),#7276);
#7272 = LINE('',#7273,#7274);
#7273 = CARTESIAN_POINT('',(-6.28318530718,0.));
#7274 = VECTOR('',#7275,1.);
#7275 = DIRECTION('',(-0.,-1.));
#7276 = ( GEOMETRIC_REPRESENTATION_CONTEXT(2) 
PARAMETRIC_REPRESENTATION_CONTEXT() REPRESENTATION_CONTEXT('2D SPACE',''
  ) );
#7277 = PCURVE('',#2804,#7278);
#7278 = DEFINITIONAL_REPRESENTATION('',(#7279),#7283);
#7279 = LINE('',#7280,#7281);
#7280 = CARTESIAN_POINT('',(-0.,0.));
#7281 = VECTOR('',#7282,1.);
#7282 = DIRECTION('',(-0.,-1.));
#7283 = ( GEOMETRIC_REPRESENTATION_CONTEXT(2) 
PARAMETRIC_REPRESENTATION_CONTEXT() REPRESENTATION_CONTEXT('2D SPACE',''
  ) );
#7284 = ORIENTED_EDGE('',*,*,#2783,.F.);
#7285 = ORIENTED_EDGE('',*,*,#7264,.F.);
#7286 = ADVANCED_FACE('',(#7287),#2839,.F.);
#7287 = FACE_BOUND('',#7288,.T.);
#7288 = EDGE_LOOP('',(#7289,#7290,#7311,#7312));
#7289 = ORIENTED_EDGE('',*,*,#5209,.T.);
#7290 = ORIENTED_EDGE('',*,*,#7291,.T.);
#7291 = EDGE_CURVE('',#5210,#2819,#7292,.T.);
#7292 = SEAM_CURVE('',#7293,(#7297,#7304),.PCURVE_S1.);
#7293 = LINE('',#7294,#7295);
#7294 = CARTESIAN_POINT('',(60.2406466,-2.499106,-0.1));
#7295 = VECTOR('',#7296,1.);
#7296 = DIRECTION('',(0.,0.,1.));
#7297 = PCURVE('',#2839,#7298);
#7298 = DEFINITIONAL_REPRESENTATION('',(#7299),#7303);
#7299 = LINE('',#7300,#7301);
#7300 = CARTESIAN_POINT('',(-6.28318530718,0.));
#7301 = VECTOR('',#7302,1.);
#7302 = DIRECTION('',(-0.,-1.));
#7303 = ( GEOMETRIC_REPRESENTATION_CONTEXT(2) 
PARAMETRIC_REPRESENTATION_CONTEXT() REPRESENTATION_CONTEXT('2D SPACE',''
  ) );
#7304 = PCURVE('',#2839,#7305);
#7305 = DEFINITIONAL_REPRESENTATION('',(#7306),#7310);
#7306 = LINE('',#7307,#7308);
#7307 = CARTESIAN_POINT('',(-0.,0.));
#7308 = VECTOR('',#7309,1.);
#7309 = DIRECTION('',(-0.,-1.));
#7310 = ( GEOMETRIC_REPRESENTATION_CONTEXT(2) 
PARAMETRIC_REPRESENTATION_CONTEXT() REPRESENTATION_CONTEXT('2D SPACE',''
  ) );
#7311 = ORIENTED_EDGE('',*,*,#2818,.F.);
#7312 = ORIENTED_EDGE('',*,*,#7291,.F.);
#7313 = ADVANCED_FACE('',(#7314),#2874,.F.);
#7314 = FACE_BOUND('',#7315,.T.);
#7315 = EDGE_LOOP('',(#7316,#7317,#7338,#7339));
#7316 = ORIENTED_EDGE('',*,*,#5239,.T.);
#7317 = ORIENTED_EDGE('',*,*,#7318,.T.);
#7318 = EDGE_CURVE('',#5240,#2854,#7319,.T.);
#7319 = SEAM_CURVE('',#7320,(#7324,#7331),.PCURVE_S1.);
#7320 = LINE('',#7321,#7322);
#7321 = CARTESIAN_POINT('',(62.7806466,-2.499106,-0.1));
#7322 = VECTOR('',#7323,1.);
#7323 = DIRECTION('',(0.,0.,1.));
#7324 = PCURVE('',#2874,#7325);
#7325 = DEFINITIONAL_REPRESENTATION('',(#7326),#7330);
#7326 = LINE('',#7327,#7328);
#7327 = CARTESIAN_POINT('',(-6.28318530718,0.));
#7328 = VECTOR('',#7329,1.);
#7329 = DIRECTION('',(-0.,-1.));
#7330 = ( GEOMETRIC_REPRESENTATION_CONTEXT(2) 
PARAMETRIC_REPRESENTATION_CONTEXT() REPRESENTATION_CONTEXT('2D SPACE',''
  ) );
#7331 = PCURVE('',#2874,#7332);
#7332 = DEFINITIONAL_REPRESENTATION('',(#7333),#7337);
#7333 = LINE('',#7334,#7335);
#7334 = CARTESIAN_POINT('',(-0.,0.));
#7335 = VECTOR('',#7336,1.);
#7336 = DIRECTION('',(-0.,-1.));
#7337 = ( GEOMETRIC_REPRESENTATION_CONTEXT(2) 
PARAMETRIC_REPRESENTATION_CONTEXT() REPRESENTATION_CONTEXT('2D SPACE',''
  ) );
#7338 = ORIENTED_EDGE('',*,*,#2853,.F.);
#7339 = ORIENTED_EDGE('',*,*,#7318,.F.);
#7340 = ADVANCED_FACE('',(#7341),#2909,.F.);
#7341 = FACE_BOUND('',#7342,.T.);
#7342 = EDGE_LOOP('',(#7343,#7344,#7365,#7366));
#7343 = ORIENTED_EDGE('',*,*,#5269,.T.);
#7344 = ORIENTED_EDGE('',*,*,#7345,.T.);
#7345 = EDGE_CURVE('',#5270,#2889,#7346,.T.);
#7346 = SEAM_CURVE('',#7347,(#7351,#7358),.PCURVE_S1.);
#7347 = LINE('',#7348,#7349);
#7348 = CARTESIAN_POINT('',(65.3206466,-2.499106,-0.1));
#7349 = VECTOR('',#7350,1.);
#7350 = DIRECTION('',(0.,0.,1.));
#7351 = PCURVE('',#2909,#7352);
#7352 = DEFINITIONAL_REPRESENTATION('',(#7353),#7357);
#7353 = LINE('',#7354,#7355);
#7354 = CARTESIAN_POINT('',(-6.28318530718,0.));
#7355 = VECTOR('',#7356,1.);
#7356 = DIRECTION('',(-0.,-1.));
#7357 = ( GEOMETRIC_REPRESENTATION_CONTEXT(2) 
PARAMETRIC_REPRESENTATION_CONTEXT() REPRESENTATION_CONTEXT('2D SPACE',''
  ) );
#7358 = PCURVE('',#2909,#7359);
#7359 = DEFINITIONAL_REPRESENTATION('',(#7360),#7364);
#7360 = LINE('',#7361,#7362);
#7361 = CARTESIAN_POINT('',(-0.,0.));
#7362 = VECTOR('',#7363,1.);
#7363 = DIRECTION('',(-0.,-1.));
#7364 = ( GEOMETRIC_REPRESENTATION_CONTEXT(2) 
PARAMETRIC_REPRESENTATION_CONTEXT() REPRESENTATION_CONTEXT('2D SPACE',''
  ) );
#7365 = ORIENTED_EDGE('',*,*,#2888,.F.);
#7366 = ORIENTED_EDGE('',*,*,#7345,.F.);
#7367 = ADVANCED_FACE('',(#7368),#2944,.F.);
#7368 = FACE_BOUND('',#7369,.T.);
#7369 = EDGE_LOOP('',(#7370,#7371,#7392,#7393));
#7370 = ORIENTED_EDGE('',*,*,#5299,.T.);
#7371 = ORIENTED_EDGE('',*,*,#7372,.T.);
#7372 = EDGE_CURVE('',#5300,#2924,#7373,.T.);
#7373 = SEAM_CURVE('',#7374,(#7378,#7385),.PCURVE_S1.);
#7374 = LINE('',#7375,#7376);
#7375 = CARTESIAN_POINT('',(67.8606466,-2.499106,-0.1));
#7376 = VECTOR('',#7377,1.);
#7377 = DIRECTION('',(0.,0.,1.));
#7378 = PCURVE('',#2944,#7379);
#7379 = DEFINITIONAL_REPRESENTATION('',(#7380),#7384);
#7380 = LINE('',#7381,#7382);
#7381 = CARTESIAN_POINT('',(-6.28318530718,0.));
#7382 = VECTOR('',#7383,1.);
#7383 = DIRECTION('',(-0.,-1.));
#7384 = ( GEOMETRIC_REPRESENTATION_CONTEXT(2) 
PARAMETRIC_REPRESENTATION_CONTEXT() REPRESENTATION_CONTEXT('2D SPACE',''
  ) );
#7385 = PCURVE('',#2944,#7386);
#7386 = DEFINITIONAL_REPRESENTATION('',(#7387),#7391);
#7387 = LINE('',#7388,#7389);
#7388 = CARTESIAN_POINT('',(-0.,0.));
#7389 = VECTOR('',#7390,1.);
#7390 = DIRECTION('',(-0.,-1.));
#7391 = ( GEOMETRIC_REPRESENTATION_CONTEXT(2) 
PARAMETRIC_REPRESENTATION_CONTEXT() REPRESENTATION_CONTEXT('2D SPACE',''
  ) );
#7392 = ORIENTED_EDGE('',*,*,#2923,.F.);
#7393 = ORIENTED_EDGE('',*,*,#7372,.F.);
#7394 = ADVANCED_FACE('',(#7395),#2979,.F.);
#7395 = FACE_BOUND('',#7396,.T.);
#7396 = EDGE_LOOP('',(#7397,#7398,#7419,#7420));
#7397 = ORIENTED_EDGE('',*,*,#5329,.T.);
#7398 = ORIENTED_EDGE('',*,*,#7399,.T.);
#7399 = EDGE_CURVE('',#5330,#2959,#7400,.T.);
#7400 = SEAM_CURVE('',#7401,(#7405,#7412),.PCURVE_S1.);
#7401 = LINE('',#7402,#7403);
#7402 = CARTESIAN_POINT('',(70.4006466,-2.499106,-0.1));
#7403 = VECTOR('',#7404,1.);
#7404 = DIRECTION('',(0.,0.,1.));
#7405 = PCURVE('',#2979,#7406);
#7406 = DEFINITIONAL_REPRESENTATION('',(#7407),#7411);
#7407 = LINE('',#7408,#7409);
#7408 = CARTESIAN_POINT('',(-6.28318530718,0.));
#7409 = VECTOR('',#7410,1.);
#7410 = DIRECTION('',(-0.,-1.));
#7411 = ( GEOMETRIC_REPRESENTATION_CONTEXT(2) 
PARAMETRIC_REPRESENTATION_CONTEXT() REPRESENTATION_CONTEXT('2D SPACE',''
  ) );
#7412 = PCURVE('',#2979,#7413);
#7413 = DEFINITIONAL_REPRESENTATION('',(#7414),#7418);
#7414 = LINE('',#7415,#7416);
#7415 = CARTESIAN_POINT('',(-0.,0.));
#7416 = VECTOR('',#7417,1.);
#7417 = DIRECTION('',(-0.,-1.));
#7418 = ( GEOMETRIC_REPRESENTATION_CONTEXT(2) 
PARAMETRIC_REPRESENTATION_CONTEXT() REPRESENTATION_CONTEXT('2D SPACE',''
  ) );
#7419 = ORIENTED_EDGE('',*,*,#2958,.F.);
#7420 = ORIENTED_EDGE('',*,*,#7399,.F.);
#7421 = ADVANCED_FACE('',(#7422),#3014,.F.);
#7422 = FACE_BOUND('',#7423,.T.);
#7423 = EDGE_LOOP('',(#7424,#7425,#7446,#7447));
#7424 = ORIENTED_EDGE('',*,*,#5359,.T.);
#7425 = ORIENTED_EDGE('',*,*,#7426,.T.);
#7426 = EDGE_CURVE('',#5360,#2994,#7427,.T.);
#7427 = SEAM_CURVE('',#7428,(#7432,#7439),.PCURVE_S1.);
#7428 = LINE('',#7429,#7430);
#7429 = CARTESIAN_POINT('',(75.3000018,-2.500122,-0.1));
#7430 = VECTOR('',#7431,1.);
#7431 = DIRECTION('',(0.,0.,1.));
#7432 = PCURVE('',#3014,#7433);
#7433 = DEFINITIONAL_REPRESENTATION('',(#7434),#7438);
#7434 = LINE('',#7435,#7436);
#7435 = CARTESIAN_POINT('',(-6.28318530718,0.));
#7436 = VECTOR('',#7437,1.);
#7437 = DIRECTION('',(-0.,-1.));
#7438 = ( GEOMETRIC_REPRESENTATION_CONTEXT(2) 
PARAMETRIC_REPRESENTATION_CONTEXT() REPRESENTATION_CONTEXT('2D SPACE',''
  ) );
#7439 = PCURVE('',#3014,#7440);
#7440 = DEFINITIONAL_REPRESENTATION('',(#7441),#7445);
#7441 = LINE('',#7442,#7443);
#7442 = CARTESIAN_POINT('',(-0.,0.));
#7443 = VECTOR('',#7444,1.);
#7444 = DIRECTION('',(-0.,-1.));
#7445 = ( GEOMETRIC_REPRESENTATION_CONTEXT(2) 
PARAMETRIC_REPRESENTATION_CONTEXT() REPRESENTATION_CONTEXT('2D SPACE',''
  ) );
#7446 = ORIENTED_EDGE('',*,*,#2993,.F.);
#7447 = ORIENTED_EDGE('',*,*,#7426,.F.);
#7448 = ADVANCED_FACE('',(#7449),#3049,.F.);
#7449 = FACE_BOUND('',#7450,.T.);
#7450 = EDGE_LOOP('',(#7451,#7452,#7473,#7474));
#7451 = ORIENTED_EDGE('',*,*,#5389,.T.);
#7452 = ORIENTED_EDGE('',*,*,#7453,.T.);
#7453 = EDGE_CURVE('',#5390,#3029,#7454,.T.);
#7454 = SEAM_CURVE('',#7455,(#7459,#7466),.PCURVE_S1.);
#7455 = LINE('',#7456,#7457);
#7456 = CARTESIAN_POINT('',(82.0999628,-3.50012,-0.1));
#7457 = VECTOR('',#7458,1.);
#7458 = DIRECTION('',(0.,0.,1.));
#7459 = PCURVE('',#3049,#7460);
#7460 = DEFINITIONAL_REPRESENTATION('',(#7461),#7465);
#7461 = LINE('',#7462,#7463);
#7462 = CARTESIAN_POINT('',(-6.28318530718,0.));
#7463 = VECTOR('',#7464,1.);
#7464 = DIRECTION('',(-0.,-1.));
#7465 = ( GEOMETRIC_REPRESENTATION_CONTEXT(2) 
PARAMETRIC_REPRESENTATION_CONTEXT() REPRESENTATION_CONTEXT('2D SPACE',''
  ) );
#7466 = PCURVE('',#3049,#7467);
#7467 = DEFINITIONAL_REPRESENTATION('',(#7468),#7472);
#7468 = LINE('',#7469,#7470);
#7469 = CARTESIAN_POINT('',(-0.,0.));
#7470 = VECTOR('',#7471,1.);
#7471 = DIRECTION('',(-0.,-1.));
#7472 = ( GEOMETRIC_REPRESENTATION_CONTEXT(2) 
PARAMETRIC_REPRESENTATION_CONTEXT() REPRESENTATION_CONTEXT('2D SPACE',''
  ) );
#7473 = ORIENTED_EDGE('',*,*,#3028,.F.);
#7474 = ORIENTED_EDGE('',*,*,#7453,.F.);
#7475 = ( GEOMETRIC_REPRESENTATION_CONTEXT(3) 
GLOBAL_UNCERTAINTY_ASSIGNED_CONTEXT((#7479)) 
GLOBAL_UNIT_ASSIGNED_CONTEXT((#7476,#7477,#7478)) REPRESENTATION_CONTEXT
('Context #1','3D Context with UNIT and UNCERTAINTY') );
#7476 = ( LENGTH_UNIT() NAMED_UNIT(*) SI_UNIT(.MILLI.,.METRE.) );
#7477 = ( NAMED_UNIT(*) PLANE_ANGLE_UNIT() SI_UNIT($,.RADIAN.) );
#7478 = ( NAMED_UNIT(*) SI_UNIT($,.STERADIAN.) SOLID_ANGLE_UNIT() );
#7479 = UNCERTAINTY_MEASURE_WITH_UNIT(LENGTH_MEASURE(1.E-07),#7476,
  'distance_accuracy_value','confusion accuracy');
#7480 = CONTEXT_DEPENDENT_SHAPE_REPRESENTATION(#7481,#7483);
#7481 = ( REPRESENTATION_RELATIONSHIP('','',#152,#10) 
REPRESENTATION_RELATIONSHIP_WITH_TRANSFORMATION(#7482) 
SHAPE_REPRESENTATION_RELATIONSHIP() );
#7482 = ITEM_DEFINED_TRANSFORMATION('','',#11,#15);
#7483 = PRODUCT_DEFINITION_SHAPE('Placement','Placement of an item',
  #7484);
#7484 = NEXT_ASSEMBLY_USAGE_OCCURRENCE('16','','',#5,#147,$);
#7485 = PRODUCT_RELATED_PRODUCT_CATEGORY('part',$,(#149));
#7486 = SHAPE_DEFINITION_REPRESENTATION(#7487,#7493);
#7487 = PRODUCT_DEFINITION_SHAPE('','',#7488);
#7488 = PRODUCT_DEFINITION('design','',#7489,#7492);
#7489 = PRODUCT_DEFINITION_FORMATION('','',#7490);
#7490 = PRODUCT('Open CASCADE STEP translator 7.9 5.2',
  'Open CASCADE STEP translator 7.9 5.2','',(#7491));
#7491 = PRODUCT_CONTEXT('',#2,'mechanical');
#7492 = PRODUCT_DEFINITION_CONTEXT('part definition',#2,'design');
#7493 = ADVANCED_BREP_SHAPE_REPRESENTATION('',(#11,#7494),#7824);
#7494 = MANIFOLD_SOLID_BREP('',#7495);
#7495 = CLOSED_SHELL('',(#7496,#7616,#7716,#7763,#7810,#7817));
#7496 = ADVANCED_FACE('',(#7497),#7511,.F.);
#7497 = FACE_BOUND('',#7498,.F.);
#7498 = EDGE_LOOP('',(#7499,#7534,#7562,#7590));
#7499 = ORIENTED_EDGE('',*,*,#7500,.F.);
#7500 = EDGE_CURVE('',#7501,#7503,#7505,.T.);
#7501 = VERTEX_POINT('',#7502);
#7502 = CARTESIAN_POINT('',(45.300005,-27.999995,7.6));
#7503 = VERTEX_POINT('',#7504);
#7504 = CARTESIAN_POINT('',(45.300005,-27.999995,9.2));
#7505 = SURFACE_CURVE('',#7506,(#7510,#7522),.PCURVE_S1.);
#7506 = LINE('',#7507,#7508);
#7507 = CARTESIAN_POINT('',(45.300005,-27.999995,7.6));
#7508 = VECTOR('',#7509,1.);
#7509 = DIRECTION('',(0.,0.,1.));
#7510 = PCURVE('',#7511,#7516);
#7511 = PLANE('',#7512);
#7512 = AXIS2_PLACEMENT_3D('',#7513,#7514,#7515);
#7513 = CARTESIAN_POINT('',(45.300005,-27.999995,7.6));
#7514 = DIRECTION('',(1.,0.,0.));
#7515 = DIRECTION('',(0.,0.,1.));
#7516 = DEFINITIONAL_REPRESENTATION('',(#7517),#7521);
#7517 = LINE('',#7518,#7519);
#7518 = CARTESIAN_POINT('',(0.,0.));
#7519 = VECTOR('',#7520,1.);
#7520 = DIRECTION('',(1.,0.));
#7521 = ( GEOMETRIC_REPRESENTATION_CONTEXT(2) 
PARAMETRIC_REPRESENTATION_CONTEXT() REPRESENTATION_CONTEXT('2D SPACE',''
  ) );
#7522 = PCURVE('',#7523,#7528);
#7523 = PLANE('',#7524);
#7524 = AXIS2_PLACEMENT_3D('',#7525,#7526,#7527);
#7525 = CARTESIAN_POINT('',(45.300005,-27.999995,7.6));
#7526 = DIRECTION('',(0.,1.,0.));
#7527 = DIRECTION('',(0.,0.,1.));
#7528 = DEFINITIONAL_REPRESENTATION('',(#7529),#7533);
#7529 = LINE('',#7530,#7531);
#7530 = CARTESIAN_POINT('',(0.,0.));
#7531 = VECTOR('',#7532,1.);
#7532 = DIRECTION('',(1.,0.));
#7533 = ( GEOMETRIC_REPRESENTATION_CONTEXT(2) 
PARAMETRIC_REPRESENTATION_CONTEXT() REPRESENTATION_CONTEXT('2D SPACE',''
  ) );
#7534 = ORIENTED_EDGE('',*,*,#7535,.T.);
#7535 = EDGE_CURVE('',#7501,#7536,#7538,.T.);
#7536 = VERTEX_POINT('',#7537);
#7537 = CARTESIAN_POINT('',(45.300005,5.000000006916E-06,7.6));
#7538 = SURFACE_CURVE('',#7539,(#7543,#7550),.PCURVE_S1.);
#7539 = LINE('',#7540,#7541);
#7540 = CARTESIAN_POINT('',(45.300005,-27.999995,7.6));
#7541 = VECTOR('',#7542,1.);
#7542 = DIRECTION('',(0.,1.,0.));
#7543 = PCURVE('',#7511,#7544);
#7544 = DEFINITIONAL_REPRESENTATION('',(#7545),#7549);
#7545 = LINE('',#7546,#7547);
#7546 = CARTESIAN_POINT('',(0.,0.));
#7547 = VECTOR('',#7548,1.);
#7548 = DIRECTION('',(0.,-1.));
#7549 = ( GEOMETRIC_REPRESENTATION_CONTEXT(2) 
PARAMETRIC_REPRESENTATION_CONTEXT() REPRESENTATION_CONTEXT('2D SPACE',''
  ) );
#7550 = PCURVE('',#7551,#7556);
#7551 = PLANE('',#7552);
#7552 = AXIS2_PLACEMENT_3D('',#7553,#7554,#7555);
#7553 = CARTESIAN_POINT('',(45.300005,-27.999995,7.6));
#7554 = DIRECTION('',(0.,0.,1.));
#7555 = DIRECTION('',(1.,0.,0.));
#7556 = DEFINITIONAL_REPRESENTATION('',(#7557),#7561);
#7557 = LINE('',#7558,#7559);
#7558 = CARTESIAN_POINT('',(0.,0.));
#7559 = VECTOR('',#7560,1.);
#7560 = DIRECTION('',(0.,1.));
#7561 = ( GEOMETRIC_REPRESENTATION_CONTEXT(2) 
PARAMETRIC_REPRESENTATION_CONTEXT() REPRESENTATION_CONTEXT('2D SPACE',''
  ) );
#7562 = ORIENTED_EDGE('',*,*,#7563,.T.);
#7563 = EDGE_CURVE('',#7536,#7564,#7566,.T.);
#7564 = VERTEX_POINT('',#7565);
#7565 = CARTESIAN_POINT('',(45.300005,5.000000006916E-06,9.2));
#7566 = SURFACE_CURVE('',#7567,(#7571,#7578),.PCURVE_S1.);
#7567 = LINE('',#7568,#7569);
#7568 = CARTESIAN_POINT('',(45.300005,5.000000006916E-06,7.6));
#7569 = VECTOR('',#7570,1.);
#7570 = DIRECTION('',(0.,0.,1.));
#7571 = PCURVE('',#7511,#7572);
#7572 = DEFINITIONAL_REPRESENTATION('',(#7573),#7577);
#7573 = LINE('',#7574,#7575);
#7574 = CARTESIAN_POINT('',(0.,-28.));
#7575 = VECTOR('',#7576,1.);
#7576 = DIRECTION('',(1.,0.));
#7577 = ( GEOMETRIC_REPRESENTATION_CONTEXT(2) 
PARAMETRIC_REPRESENTATION_CONTEXT() REPRESENTATION_CONTEXT('2D SPACE',''
  ) );
#7578 = PCURVE('',#7579,#7584);
#7579 = PLANE('',#7580);
#7580 = AXIS2_PLACEMENT_3D('',#7581,#7582,#7583);
#7581 = CARTESIAN_POINT('',(45.300005,5.000000006916E-06,7.6));
#7582 = DIRECTION('',(0.,1.,0.));
#7583 = DIRECTION('',(0.,0.,1.));
#7584 = DEFINITIONAL_REPRESENTATION('',(#7585),#7589);
#7585 = LINE('',#7586,#7587);
#7586 = CARTESIAN_POINT('',(0.,0.));
#7587 = VECTOR('',#7588,1.);
#7588 = DIRECTION('',(1.,0.));
#7589 = ( GEOMETRIC_REPRESENTATION_CONTEXT(2) 
PARAMETRIC_REPRESENTATION_CONTEXT() REPRESENTATION_CONTEXT('2D SPACE',''
  ) );
#7590 = ORIENTED_EDGE('',*,*,#7591,.F.);
#7591 = EDGE_CURVE('',#7503,#7564,#7592,.T.);
#7592 = SURFACE_CURVE('',#7593,(#7597,#7604),.PCURVE_S1.);
#7593 = LINE('',#7594,#7595);
#7594 = CARTESIAN_POINT('',(45.300005,-27.999995,9.2));
#7595 = VECTOR('',#7596,1.);
#7596 = DIRECTION('',(0.,1.,0.));
#7597 = PCURVE('',#7511,#7598);
#7598 = DEFINITIONAL_REPRESENTATION('',(#7599),#7603);
#7599 = LINE('',#7600,#7601);
#7600 = CARTESIAN_POINT('',(1.6,0.));
#7601 = VECTOR('',#7602,1.);
#7602 = DIRECTION('',(0.,-1.));
#7603 = ( GEOMETRIC_REPRESENTATION_CONTEXT(2) 
PARAMETRIC_REPRESENTATION_CONTEXT() REPRESENTATION_CONTEXT('2D SPACE',''
  ) );
#7604 = PCURVE('',#7605,#7610);
#7605 = PLANE('',#7606);
#7606 = AXIS2_PLACEMENT_3D('',#7607,#7608,#7609);
#7607 = CARTESIAN_POINT('',(45.300005,-27.999995,9.2));
#7608 = DIRECTION('',(0.,0.,1.));
#7609 = DIRECTION('',(1.,0.,0.));
#7610 = DEFINITIONAL_REPRESENTATION('',(#7611),#7615);
#7611 = LINE('',#7612,#7613);
#7612 = CARTESIAN_POINT('',(0.,0.));
#7613 = VECTOR('',#7614,1.);
#7614 = DIRECTION('',(0.,1.));
#7615 = ( GEOMETRIC_REPRESENTATION_CONTEXT(2) 
PARAMETRIC_REPRESENTATION_CONTEXT() REPRESENTATION_CONTEXT('2D SPACE',''
  ) );
#7616 = ADVANCED_FACE('',(#7617),#7631,.T.);
#7617 = FACE_BOUND('',#7618,.T.);
#7618 = EDGE_LOOP('',(#7619,#7649,#7672,#7695));
#7619 = ORIENTED_EDGE('',*,*,#7620,.F.);
#7620 = EDGE_CURVE('',#7621,#7623,#7625,.T.);
#7621 = VERTEX_POINT('',#7622);
#7622 = CARTESIAN_POINT('',(76.700005,-27.999995,7.6));
#7623 = VERTEX_POINT('',#7624);
#7624 = CARTESIAN_POINT('',(76.700005,-27.999995,9.2));
#7625 = SURFACE_CURVE('',#7626,(#7630,#7642),.PCURVE_S1.);
#7626 = LINE('',#7627,#7628);
#7627 = CARTESIAN_POINT('',(76.700005,-27.999995,7.6));
#7628 = VECTOR('',#7629,1.);
#7629 = DIRECTION('',(0.,0.,1.));
#7630 = PCURVE('',#7631,#7636);
#7631 = PLANE('',#7632);
#7632 = AXIS2_PLACEMENT_3D('',#7633,#7634,#7635);
#7633 = CARTESIAN_POINT('',(76.700005,-27.999995,7.6));
#7634 = DIRECTION('',(1.,0.,0.));
#7635 = DIRECTION('',(0.,0.,1.));
#7636 = DEFINITIONAL_REPRESENTATION('',(#7637),#7641);
#7637 = LINE('',#7638,#7639);
#7638 = CARTESIAN_POINT('',(0.,0.));
#7639 = VECTOR('',#7640,1.);
#7640 = DIRECTION('',(1.,0.));
#7641 = ( GEOMETRIC_REPRESENTATION_CONTEXT(2) 
PARAMETRIC_REPRESENTATION_CONTEXT() REPRESENTATION_CONTEXT('2D SPACE',''
  ) );
#7642 = PCURVE('',#7523,#7643);
#7643 = DEFINITIONAL_REPRESENTATION('',(#7644),#7648);
#7644 = LINE('',#7645,#7646);
#7645 = CARTESIAN_POINT('',(0.,31.4));
#7646 = VECTOR('',#7647,1.);
#7647 = DIRECTION('',(1.,0.));
#7648 = ( GEOMETRIC_REPRESENTATION_CONTEXT(2) 
PARAMETRIC_REPRESENTATION_CONTEXT() REPRESENTATION_CONTEXT('2D SPACE',''
  ) );
#7649 = ORIENTED_EDGE('',*,*,#7650,.T.);
#7650 = EDGE_CURVE('',#7621,#7651,#7653,.T.);
#7651 = VERTEX_POINT('',#7652);
#7652 = CARTESIAN_POINT('',(76.700005,5.000000006916E-06,7.6));
#7653 = SURFACE_CURVE('',#7654,(#7658,#7665),.PCURVE_S1.);
#7654 = LINE('',#7655,#7656);
#7655 = CARTESIAN_POINT('',(76.700005,-27.999995,7.6));
#7656 = VECTOR('',#7657,1.);
#7657 = DIRECTION('',(0.,1.,0.));
#7658 = PCURVE('',#7631,#7659);
#7659 = DEFINITIONAL_REPRESENTATION('',(#7660),#7664);
#7660 = LINE('',#7661,#7662);
#7661 = CARTESIAN_POINT('',(0.,0.));
#7662 = VECTOR('',#7663,1.);
#7663 = DIRECTION('',(0.,-1.));
#7664 = ( GEOMETRIC_REPRESENTATION_CONTEXT(2) 
PARAMETRIC_REPRESENTATION_CONTEXT() REPRESENTATION_CONTEXT('2D SPACE',''
  ) );
#7665 = PCURVE('',#7551,#7666);
#7666 = DEFINITIONAL_REPRESENTATION('',(#7667),#7671);
#7667 = LINE('',#7668,#7669);
#7668 = CARTESIAN_POINT('',(31.4,0.));
#7669 = VECTOR('',#7670,1.);
#7670 = DIRECTION('',(0.,1.));
#7671 = ( GEOMETRIC_REPRESENTATION_CONTEXT(2) 
PARAMETRIC_REPRESENTATION_CONTEXT() REPRESENTATION_CONTEXT('2D SPACE',''
  ) );
#7672 = ORIENTED_EDGE('',*,*,#7673,.T.);
#7673 = EDGE_CURVE('',#7651,#7674,#7676,.T.);
#7674 = VERTEX_POINT('',#7675);
#7675 = CARTESIAN_POINT('',(76.700005,5.000000006916E-06,9.2));
#7676 = SURFACE_CURVE('',#7677,(#7681,#7688),.PCURVE_S1.);
#7677 = LINE('',#7678,#7679);
#7678 = CARTESIAN_POINT('',(76.700005,5.000000006916E-06,7.6));
#7679 = VECTOR('',#7680,1.);
#7680 = DIRECTION('',(0.,0.,1.));
#7681 = PCURVE('',#7631,#7682);
#7682 = DEFINITIONAL_REPRESENTATION('',(#7683),#7687);
#7683 = LINE('',#7684,#7685);
#7684 = CARTESIAN_POINT('',(0.,-28.));
#7685 = VECTOR('',#7686,1.);
#7686 = DIRECTION('',(1.,0.));
#7687 = ( GEOMETRIC_REPRESENTATION_CONTEXT(2) 
PARAMETRIC_REPRESENTATION_CONTEXT() REPRESENTATION_CONTEXT('2D SPACE',''
  ) );
#7688 = PCURVE('',#7579,#7689);
#7689 = DEFINITIONAL_REPRESENTATION('',(#7690),#7694);
#7690 = LINE('',#7691,#7692);
#7691 = CARTESIAN_POINT('',(0.,31.4));
#7692 = VECTOR('',#7693,1.);
#7693 = DIRECTION('',(1.,0.));
#7694 = ( GEOMETRIC_REPRESENTATION_CONTEXT(2) 
PARAMETRIC_REPRESENTATION_CONTEXT() REPRESENTATION_CONTEXT('2D SPACE',''
  ) );
#7695 = ORIENTED_EDGE('',*,*,#7696,.F.);
#7696 = EDGE_CURVE('',#7623,#7674,#7697,.T.);
#7697 = SURFACE_CURVE('',#7698,(#7702,#7709),.PCURVE_S1.);
#7698 = LINE('',#7699,#7700);
#7699 = CARTESIAN_POINT('',(76.700005,-27.999995,9.2));
#7700 = VECTOR('',#7701,1.);
#7701 = DIRECTION('',(0.,1.,0.));
#7702 = PCURVE('',#7631,#7703);
#7703 = DEFINITIONAL_REPRESENTATION('',(#7704),#7708);
#7704 = LINE('',#7705,#7706);
#7705 = CARTESIAN_POINT('',(1.6,0.));
#7706 = VECTOR('',#7707,1.);
#7707 = DIRECTION('',(0.,-1.));
#7708 = ( GEOMETRIC_REPRESENTATION_CONTEXT(2) 
PARAMETRIC_REPRESENTATION_CONTEXT() REPRESENTATION_CONTEXT('2D SPACE',''
  ) );
#7709 = PCURVE('',#7605,#7710);
#7710 = DEFINITIONAL_REPRESENTATION('',(#7711),#7715);
#7711 = LINE('',#7712,#7713);
#7712 = CARTESIAN_POINT('',(31.4,0.));
#7713 = VECTOR('',#7714,1.);
#7714 = DIRECTION('',(0.,1.));
#7715 = ( GEOMETRIC_REPRESENTATION_CONTEXT(2) 
PARAMETRIC_REPRESENTATION_CONTEXT() REPRESENTATION_CONTEXT('2D SPACE',''
  ) );
#7716 = ADVANCED_FACE('',(#7717),#7523,.F.);
#7717 = FACE_BOUND('',#7718,.F.);
#7718 = EDGE_LOOP('',(#7719,#7740,#7741,#7762));
#7719 = ORIENTED_EDGE('',*,*,#7720,.F.);
#7720 = EDGE_CURVE('',#7501,#7621,#7721,.T.);
#7721 = SURFACE_CURVE('',#7722,(#7726,#7733),.PCURVE_S1.);
#7722 = LINE('',#7723,#7724);
#7723 = CARTESIAN_POINT('',(45.300005,-27.999995,7.6));
#7724 = VECTOR('',#7725,1.);
#7725 = DIRECTION('',(1.,0.,0.));
#7726 = PCURVE('',#7523,#7727);
#7727 = DEFINITIONAL_REPRESENTATION('',(#7728),#7732);
#7728 = LINE('',#7729,#7730);
#7729 = CARTESIAN_POINT('',(0.,0.));
#7730 = VECTOR('',#7731,1.);
#7731 = DIRECTION('',(0.,1.));
#7732 = ( GEOMETRIC_REPRESENTATION_CONTEXT(2) 
PARAMETRIC_REPRESENTATION_CONTEXT() REPRESENTATION_CONTEXT('2D SPACE',''
  ) );
#7733 = PCURVE('',#7551,#7734);
#7734 = DEFINITIONAL_REPRESENTATION('',(#7735),#7739);
#7735 = LINE('',#7736,#7737);
#7736 = CARTESIAN_POINT('',(0.,0.));
#7737 = VECTOR('',#7738,1.);
#7738 = DIRECTION('',(1.,0.));
#7739 = ( GEOMETRIC_REPRESENTATION_CONTEXT(2) 
PARAMETRIC_REPRESENTATION_CONTEXT() REPRESENTATION_CONTEXT('2D SPACE',''
  ) );
#7740 = ORIENTED_EDGE('',*,*,#7500,.T.);
#7741 = ORIENTED_EDGE('',*,*,#7742,.T.);
#7742 = EDGE_CURVE('',#7503,#7623,#7743,.T.);
#7743 = SURFACE_CURVE('',#7744,(#7748,#7755),.PCURVE_S1.);
#7744 = LINE('',#7745,#7746);
#7745 = CARTESIAN_POINT('',(45.300005,-27.999995,9.2));
#7746 = VECTOR('',#7747,1.);
#7747 = DIRECTION('',(1.,0.,0.));
#7748 = PCURVE('',#7523,#7749);
#7749 = DEFINITIONAL_REPRESENTATION('',(#7750),#7754);
#7750 = LINE('',#7751,#7752);
#7751 = CARTESIAN_POINT('',(1.6,0.));
#7752 = VECTOR('',#7753,1.);
#7753 = DIRECTION('',(0.,1.));
#7754 = ( GEOMETRIC_REPRESENTATION_CONTEXT(2) 
PARAMETRIC_REPRESENTATION_CONTEXT() REPRESENTATION_CONTEXT('2D SPACE',''
  ) );
#7755 = PCURVE('',#7605,#7756);
#7756 = DEFINITIONAL_REPRESENTATION('',(#7757),#7761);
#7757 = LINE('',#7758,#7759);
#7758 = CARTESIAN_POINT('',(0.,0.));
#7759 = VECTOR('',#7760,1.);
#7760 = DIRECTION('',(1.,0.));
#7761 = ( GEOMETRIC_REPRESENTATION_CONTEXT(2) 
PARAMETRIC_REPRESENTATION_CONTEXT() REPRESENTATION_CONTEXT('2D SPACE',''
  ) );
#7762 = ORIENTED_EDGE('',*,*,#7620,.F.);
#7763 = ADVANCED_FACE('',(#7764),#7579,.T.);
#7764 = FACE_BOUND('',#7765,.T.);
#7765 = EDGE_LOOP('',(#7766,#7787,#7788,#7809));
#7766 = ORIENTED_EDGE('',*,*,#7767,.F.);
#7767 = EDGE_CURVE('',#7536,#7651,#7768,.T.);
#7768 = SURFACE_CURVE('',#7769,(#7773,#7780),.PCURVE_S1.);
#7769 = LINE('',#7770,#7771);
#7770 = CARTESIAN_POINT('',(45.300005,5.000000006916E-06,7.6));
#7771 = VECTOR('',#7772,1.);
#7772 = DIRECTION('',(1.,0.,0.));
#7773 = PCURVE('',#7579,#7774);
#7774 = DEFINITIONAL_REPRESENTATION('',(#7775),#7779);
#7775 = LINE('',#7776,#7777);
#7776 = CARTESIAN_POINT('',(0.,0.));
#7777 = VECTOR('',#7778,1.);
#7778 = DIRECTION('',(0.,1.));
#7779 = ( GEOMETRIC_REPRESENTATION_CONTEXT(2) 
PARAMETRIC_REPRESENTATION_CONTEXT() REPRESENTATION_CONTEXT('2D SPACE',''
  ) );
#7780 = PCURVE('',#7551,#7781);
#7781 = DEFINITIONAL_REPRESENTATION('',(#7782),#7786);
#7782 = LINE('',#7783,#7784);
#7783 = CARTESIAN_POINT('',(0.,28.));
#7784 = VECTOR('',#7785,1.);
#7785 = DIRECTION('',(1.,0.));
#7786 = ( GEOMETRIC_REPRESENTATION_CONTEXT(2) 
PARAMETRIC_REPRESENTATION_CONTEXT() REPRESENTATION_CONTEXT('2D SPACE',''
  ) );
#7787 = ORIENTED_EDGE('',*,*,#7563,.T.);
#7788 = ORIENTED_EDGE('',*,*,#7789,.T.);
#7789 = EDGE_CURVE('',#7564,#7674,#7790,.T.);
#7790 = SURFACE_CURVE('',#7791,(#7795,#7802),.PCURVE_S1.);
#7791 = LINE('',#7792,#7793);
#7792 = CARTESIAN_POINT('',(45.300005,5.000000006916E-06,9.2));
#7793 = VECTOR('',#7794,1.);
#7794 = DIRECTION('',(1.,0.,0.));
#7795 = PCURVE('',#7579,#7796);
#7796 = DEFINITIONAL_REPRESENTATION('',(#7797),#7801);
#7797 = LINE('',#7798,#7799);
#7798 = CARTESIAN_POINT('',(1.6,0.));
#7799 = VECTOR('',#7800,1.);
#7800 = DIRECTION('',(0.,1.));
#7801 = ( GEOMETRIC_REPRESENTATION_CONTEXT(2) 
PARAMETRIC_REPRESENTATION_CONTEXT() REPRESENTATION_CONTEXT('2D SPACE',''
  ) );
#7802 = PCURVE('',#7605,#7803);
#7803 = DEFINITIONAL_REPRESENTATION('',(#7804),#7808);
#7804 = LINE('',#7805,#7806);
#7805 = CARTESIAN_POINT('',(0.,28.));
#7806 = VECTOR('',#7807,1.);
#7807 = DIRECTION('',(1.,0.));
#7808 = ( GEOMETRIC_REPRESENTATION_CONTEXT(2) 
PARAMETRIC_REPRESENTATION_CONTEXT() REPRESENTATION_CONTEXT('2D SPACE',''
  ) );
#7809 = ORIENTED_EDGE('',*,*,#7673,.F.);
#7810 = ADVANCED_FACE('',(#7811),#7551,.F.);
#7811 = FACE_BOUND('',#7812,.F.);
#7812 = EDGE_LOOP('',(#7813,#7814,#7815,#7816));
#7813 = ORIENTED_EDGE('',*,*,#7535,.F.);
#7814 = ORIENTED_EDGE('',*,*,#7720,.T.);
#7815 = ORIENTED_EDGE('',*,*,#7650,.T.);
#7816 = ORIENTED_EDGE('',*,*,#7767,.F.);
#7817 = ADVANCED_FACE('',(#7818),#7605,.T.);
#7818 = FACE_BOUND('',#7819,.T.);
#7819 = EDGE_LOOP('',(#7820,#7821,#7822,#7823));
#7820 = ORIENTED_EDGE('',*,*,#7591,.F.);
#7821 = ORIENTED_EDGE('',*,*,#7742,.T.);
#7822 = ORIENTED_EDGE('',*,*,#7696,.T.);
#7823 = ORIENTED_EDGE('',*,*,#7789,.F.);
#7824 = ( GEOMETRIC_REPRESENTATION_CONTEXT(3) 
GLOBAL_UNCERTAINTY_ASSIGNED_CONTEXT((#7828)) 
GLOBAL_UNIT_ASSIGNED_CONTEXT((#7825,#7826,#7827)) REPRESENTATION_CONTEXT
('Context #1','3D Context with UNIT and UNCERTAINTY') );
#7825 = ( LENGTH_UNIT() NAMED_UNIT(*) SI_UNIT(.MILLI.,.METRE.) );
#7826 = ( NAMED_UNIT(*) PLANE_ANGLE_UNIT() SI_UNIT($,.RADIAN.) );
#7827 = ( NAMED_UNIT(*) SI_UNIT($,.STERADIAN.) SOLID_ANGLE_UNIT() );
#7828 = UNCERTAINTY_MEASURE_WITH_UNIT(LENGTH_MEASURE(1.E-07),#7825,
  'distance_accuracy_value','confusion accuracy');
#7829 = CONTEXT_DEPENDENT_SHAPE_REPRESENTATION(#7830,#7832);
#7830 = ( REPRESENTATION_RELATIONSHIP('','',#7493,#10) 
REPRESENTATION_RELATIONSHIP_WITH_TRANSFORMATION(#7831) 
SHAPE_REPRESENTATION_RELATIONSHIP() );
#7831 = ITEM_DEFINED_TRANSFORMATION('','',#11,#19);
#7832 = PRODUCT_DEFINITION_SHAPE('Placement','Placement of an item',
  #7833);
#7833 = NEXT_ASSEMBLY_USAGE_OCCURRENCE('17','','',#5,#7488,$);
#7834 = PRODUCT_RELATED_PRODUCT_CATEGORY('part',$,(#7490));
#7835 = SHAPE_DEFINITION_REPRESENTATION(#7836,#7842);
#7836 = PRODUCT_DEFINITION_SHAPE('','',#7837);
#7837 = PRODUCT_DEFINITION('design','',#7838,#7841);
#7838 = PRODUCT_DEFINITION_FORMATION('','',#7839);
#7839 = PRODUCT('Open CASCADE STEP translator 7.9 5.3',
  'Open CASCADE STEP translator 7.9 5.3','',(#7840));
#7840 = PRODUCT_CONTEXT('',#2,'mechanical');
#7841 = PRODUCT_DEFINITION_CONTEXT('part definition',#2,'design');
#7842 = ADVANCED_BREP_SHAPE_REPRESENTATION('',(#11,#7843),#8173);
#7843 = MANIFOLD_SOLID_BREP('',#7844);
#7844 = CLOSED_SHELL('',(#7845,#7965,#8065,#8112,#8159,#8166));
#7845 = ADVANCED_FACE('',(#7846),#7860,.F.);
#7846 = FACE_BOUND('',#7847,.F.);
#7847 = EDGE_LOOP('',(#7848,#7883,#7911,#7939));
#7848 = ORIENTED_EDGE('',*,*,#7849,.F.);
#7849 = EDGE_CURVE('',#7850,#7852,#7854,.T.);
#7850 = VERTEX_POINT('',#7851);
#7851 = CARTESIAN_POINT('',(47.500005,-24.949995,9.15));
#7852 = VERTEX_POINT('',#7853);
#7853 = CARTESIAN_POINT('',(47.500005,-24.949995,12.05));
#7854 = SURFACE_CURVE('',#7855,(#7859,#7871),.PCURVE_S1.);
#7855 = LINE('',#7856,#7857);
#7856 = CARTESIAN_POINT('',(47.500005,-24.949995,9.15));
#7857 = VECTOR('',#7858,1.);
#7858 = DIRECTION('',(0.,0.,1.));
#7859 = PCURVE('',#7860,#7865);
#7860 = PLANE('',#7861);
#7861 = AXIS2_PLACEMENT_3D('',#7862,#7863,#7864);
#7862 = CARTESIAN_POINT('',(47.500005,-24.949995,9.15));
#7863 = DIRECTION('',(1.,0.,0.));
#7864 = DIRECTION('',(0.,0.,1.));
#7865 = DEFINITIONAL_REPRESENTATION('',(#7866),#7870);
#7866 = LINE('',#7867,#7868);
#7867 = CARTESIAN_POINT('',(0.,0.));
#7868 = VECTOR('',#7869,1.);
#7869 = DIRECTION('',(1.,0.));
#7870 = ( GEOMETRIC_REPRESENTATION_CONTEXT(2) 
PARAMETRIC_REPRESENTATION_CONTEXT() REPRESENTATION_CONTEXT('2D SPACE',''
  ) );
#7871 = PCURVE('',#7872,#7877);
#7872 = PLANE('',#7873);
#7873 = AXIS2_PLACEMENT_3D('',#7874,#7875,#7876);
#7874 = CARTESIAN_POINT('',(47.500005,-24.949995,9.15));
#7875 = DIRECTION('',(0.,1.,0.));
#7876 = DIRECTION('',(0.,0.,1.));
#7877 = DEFINITIONAL_REPRESENTATION('',(#7878),#7882);
#7878 = LINE('',#7879,#7880);
#7879 = CARTESIAN_POINT('',(0.,0.));
#7880 = VECTOR('',#7881,1.);
#7881 = DIRECTION('',(1.,0.));
#7882 = ( GEOMETRIC_REPRESENTATION_CONTEXT(2) 
PARAMETRIC_REPRESENTATION_CONTEXT() REPRESENTATION_CONTEXT('2D SPACE',''
  ) );
#7883 = ORIENTED_EDGE('',*,*,#7884,.T.);
#7884 = EDGE_CURVE('',#7850,#7885,#7887,.T.);
#7885 = VERTEX_POINT('',#7886);
#7886 = CARTESIAN_POINT('',(47.500005,-7.449995,9.15));
#7887 = SURFACE_CURVE('',#7888,(#7892,#7899),.PCURVE_S1.);
#7888 = LINE('',#7889,#7890);
#7889 = CARTESIAN_POINT('',(47.500005,-24.949995,9.15));
#7890 = VECTOR('',#7891,1.);
#7891 = DIRECTION('',(0.,1.,0.));
#7892 = PCURVE('',#7860,#7893);
#7893 = DEFINITIONAL_REPRESENTATION('',(#7894),#7898);
#7894 = LINE('',#7895,#7896);
#7895 = CARTESIAN_POINT('',(0.,0.));
#7896 = VECTOR('',#7897,1.);
#7897 = DIRECTION('',(0.,-1.));
#7898 = ( GEOMETRIC_REPRESENTATION_CONTEXT(2) 
PARAMETRIC_REPRESENTATION_CONTEXT() REPRESENTATION_CONTEXT('2D SPACE',''
  ) );
#7899 = PCURVE('',#7900,#7905);
#7900 = PLANE('',#7901);
#7901 = AXIS2_PLACEMENT_3D('',#7902,#7903,#7904);
#7902 = CARTESIAN_POINT('',(47.500005,-24.949995,9.15));
#7903 = DIRECTION('',(0.,0.,1.));
#7904 = DIRECTION('',(1.,0.,0.));
#7905 = DEFINITIONAL_REPRESENTATION('',(#7906),#7910);
#7906 = LINE('',#7907,#7908);
#7907 = CARTESIAN_POINT('',(0.,0.));
#7908 = VECTOR('',#7909,1.);
#7909 = DIRECTION('',(0.,1.));
#7910 = ( GEOMETRIC_REPRESENTATION_CONTEXT(2) 
PARAMETRIC_REPRESENTATION_CONTEXT() REPRESENTATION_CONTEXT('2D SPACE',''
  ) );
#7911 = ORIENTED_EDGE('',*,*,#7912,.T.);
#7912 = EDGE_CURVE('',#7885,#7913,#7915,.T.);
#7913 = VERTEX_POINT('',#7914);
#7914 = CARTESIAN_POINT('',(47.500005,-7.449995,12.05));
#7915 = SURFACE_CURVE('',#7916,(#7920,#7927),.PCURVE_S1.);
#7916 = LINE('',#7917,#7918);
#7917 = CARTESIAN_POINT('',(47.500005,-7.449995,9.15));
#7918 = VECTOR('',#7919,1.);
#7919 = DIRECTION('',(0.,0.,1.));
#7920 = PCURVE('',#7860,#7921);
#7921 = DEFINITIONAL_REPRESENTATION('',(#7922),#7926);
#7922 = LINE('',#7923,#7924);
#7923 = CARTESIAN_POINT('',(0.,-17.5));
#7924 = VECTOR('',#7925,1.);
#7925 = DIRECTION('',(1.,0.));
#7926 = ( GEOMETRIC_REPRESENTATION_CONTEXT(2) 
PARAMETRIC_REPRESENTATION_CONTEXT() REPRESENTATION_CONTEXT('2D SPACE',''
  ) );
#7927 = PCURVE('',#7928,#7933);
#7928 = PLANE('',#7929);
#7929 = AXIS2_PLACEMENT_3D('',#7930,#7931,#7932);
#7930 = CARTESIAN_POINT('',(47.500005,-7.449995,9.15));
#7931 = DIRECTION('',(0.,1.,0.));
#7932 = DIRECTION('',(0.,0.,1.));
#7933 = DEFINITIONAL_REPRESENTATION('',(#7934),#7938);
#7934 = LINE('',#7935,#7936);
#7935 = CARTESIAN_POINT('',(0.,0.));
#7936 = VECTOR('',#7937,1.);
#7937 = DIRECTION('',(1.,0.));
#7938 = ( GEOMETRIC_REPRESENTATION_CONTEXT(2) 
PARAMETRIC_REPRESENTATION_CONTEXT() REPRESENTATION_CONTEXT('2D SPACE',''
  ) );
#7939 = ORIENTED_EDGE('',*,*,#7940,.F.);
#7940 = EDGE_CURVE('',#7852,#7913,#7941,.T.);
#7941 = SURFACE_CURVE('',#7942,(#7946,#7953),.PCURVE_S1.);
#7942 = LINE('',#7943,#7944);
#7943 = CARTESIAN_POINT('',(47.500005,-24.949995,12.05));
#7944 = VECTOR('',#7945,1.);
#7945 = DIRECTION('',(0.,1.,0.));
#7946 = PCURVE('',#7860,#7947);
#7947 = DEFINITIONAL_REPRESENTATION('',(#7948),#7952);
#7948 = LINE('',#7949,#7950);
#7949 = CARTESIAN_POINT('',(2.9,0.));
#7950 = VECTOR('',#7951,1.);
#7951 = DIRECTION('',(0.,-1.));
#7952 = ( GEOMETRIC_REPRESENTATION_CONTEXT(2) 
PARAMETRIC_REPRESENTATION_CONTEXT() REPRESENTATION_CONTEXT('2D SPACE',''
  ) );
#7953 = PCURVE('',#7954,#7959);
#7954 = PLANE('',#7955);
#7955 = AXIS2_PLACEMENT_3D('',#7956,#7957,#7958);
#7956 = CARTESIAN_POINT('',(47.500005,-24.949995,12.05));
#7957 = DIRECTION('',(0.,0.,1.));
#7958 = DIRECTION('',(1.,0.,0.));
#7959 = DEFINITIONAL_REPRESENTATION('',(#7960),#7964);
#7960 = LINE('',#7961,#7962);
#7961 = CARTESIAN_POINT('',(0.,0.));
#7962 = VECTOR('',#7963,1.);
#7963 = DIRECTION('',(0.,1.));
#7964 = ( GEOMETRIC_REPRESENTATION_CONTEXT(2) 
PARAMETRIC_REPRESENTATION_CONTEXT() REPRESENTATION_CONTEXT('2D SPACE',''
  ) );
#7965 = ADVANCED_FACE('',(#7966),#7980,.T.);
#7966 = FACE_BOUND('',#7967,.T.);
#7967 = EDGE_LOOP('',(#7968,#7998,#8021,#8044));
#7968 = ORIENTED_EDGE('',*,*,#7969,.F.);
#7969 = EDGE_CURVE('',#7970,#7972,#7974,.T.);
#7970 = VERTEX_POINT('',#7971);
#7971 = CARTESIAN_POINT('',(74.500005,-24.949995,9.15));
#7972 = VERTEX_POINT('',#7973);
#7973 = CARTESIAN_POINT('',(74.500005,-24.949995,12.05));
#7974 = SURFACE_CURVE('',#7975,(#7979,#7991),.PCURVE_S1.);
#7975 = LINE('',#7976,#7977);
#7976 = CARTESIAN_POINT('',(74.500005,-24.949995,9.15));
#7977 = VECTOR('',#7978,1.);
#7978 = DIRECTION('',(0.,0.,1.));
#7979 = PCURVE('',#7980,#7985);
#7980 = PLANE('',#7981);
#7981 = AXIS2_PLACEMENT_3D('',#7982,#7983,#7984);
#7982 = CARTESIAN_POINT('',(74.500005,-24.949995,9.15));
#7983 = DIRECTION('',(1.,0.,0.));
#7984 = DIRECTION('',(0.,0.,1.));
#7985 = DEFINITIONAL_REPRESENTATION('',(#7986),#7990);
#7986 = LINE('',#7987,#7988);
#7987 = CARTESIAN_POINT('',(0.,0.));
#7988 = VECTOR('',#7989,1.);
#7989 = DIRECTION('',(1.,0.));
#7990 = ( GEOMETRIC_REPRESENTATION_CONTEXT(2) 
PARAMETRIC_REPRESENTATION_CONTEXT() REPRESENTATION_CONTEXT('2D SPACE',''
  ) );
#7991 = PCURVE('',#7872,#7992);
#7992 = DEFINITIONAL_REPRESENTATION('',(#7993),#7997);
#7993 = LINE('',#7994,#7995);
#7994 = CARTESIAN_POINT('',(0.,27.));
#7995 = VECTOR('',#7996,1.);
#7996 = DIRECTION('',(1.,0.));
#7997 = ( GEOMETRIC_REPRESENTATION_CONTEXT(2) 
PARAMETRIC_REPRESENTATION_CONTEXT() REPRESENTATION_CONTEXT('2D SPACE',''
  ) );
#7998 = ORIENTED_EDGE('',*,*,#7999,.T.);
#7999 = EDGE_CURVE('',#7970,#8000,#8002,.T.);
#8000 = VERTEX_POINT('',#8001);
#8001 = CARTESIAN_POINT('',(74.500005,-7.449995,9.15));
#8002 = SURFACE_CURVE('',#8003,(#8007,#8014),.PCURVE_S1.);
#8003 = LINE('',#8004,#8005);
#8004 = CARTESIAN_POINT('',(74.500005,-24.949995,9.15));
#8005 = VECTOR('',#8006,1.);
#8006 = DIRECTION('',(0.,1.,0.));
#8007 = PCURVE('',#7980,#8008);
#8008 = DEFINITIONAL_REPRESENTATION('',(#8009),#8013);
#8009 = LINE('',#8010,#8011);
#8010 = CARTESIAN_POINT('',(0.,0.));
#8011 = VECTOR('',#8012,1.);
#8012 = DIRECTION('',(0.,-1.));
#8013 = ( GEOMETRIC_REPRESENTATION_CONTEXT(2) 
PARAMETRIC_REPRESENTATION_CONTEXT() REPRESENTATION_CONTEXT('2D SPACE',''
  ) );
#8014 = PCURVE('',#7900,#8015);
#8015 = DEFINITIONAL_REPRESENTATION('',(#8016),#8020);
#8016 = LINE('',#8017,#8018);
#8017 = CARTESIAN_POINT('',(27.,0.));
#8018 = VECTOR('',#8019,1.);
#8019 = DIRECTION('',(0.,1.));
#8020 = ( GEOMETRIC_REPRESENTATION_CONTEXT(2) 
PARAMETRIC_REPRESENTATION_CONTEXT() REPRESENTATION_CONTEXT('2D SPACE',''
  ) );
#8021 = ORIENTED_EDGE('',*,*,#8022,.T.);
#8022 = EDGE_CURVE('',#8000,#8023,#8025,.T.);
#8023 = VERTEX_POINT('',#8024);
#8024 = CARTESIAN_POINT('',(74.500005,-7.449995,12.05));
#8025 = SURFACE_CURVE('',#8026,(#8030,#8037),.PCURVE_S1.);
#8026 = LINE('',#8027,#8028);
#8027 = CARTESIAN_POINT('',(74.500005,-7.449995,9.15));
#8028 = VECTOR('',#8029,1.);
#8029 = DIRECTION('',(0.,0.,1.));
#8030 = PCURVE('',#7980,#8031);
#8031 = DEFINITIONAL_REPRESENTATION('',(#8032),#8036);
#8032 = LINE('',#8033,#8034);
#8033 = CARTESIAN_POINT('',(0.,-17.5));
#8034 = VECTOR('',#8035,1.);
#8035 = DIRECTION('',(1.,0.));
#8036 = ( GEOMETRIC_REPRESENTATION_CONTEXT(2) 
PARAMETRIC_REPRESENTATION_CONTEXT() REPRESENTATION_CONTEXT('2D SPACE',''
  ) );
#8037 = PCURVE('',#7928,#8038);
#8038 = DEFINITIONAL_REPRESENTATION('',(#8039),#8043);
#8039 = LINE('',#8040,#8041);
#8040 = CARTESIAN_POINT('',(0.,27.));
#8041 = VECTOR('',#8042,1.);
#8042 = DIRECTION('',(1.,0.));
#8043 = ( GEOMETRIC_REPRESENTATION_CONTEXT(2) 
PARAMETRIC_REPRESENTATION_CONTEXT() REPRESENTATION_CONTEXT('2D SPACE',''
  ) );
#8044 = ORIENTED_EDGE('',*,*,#8045,.F.);
#8045 = EDGE_CURVE('',#7972,#8023,#8046,.T.);
#8046 = SURFACE_CURVE('',#8047,(#8051,#8058),.PCURVE_S1.);
#8047 = LINE('',#8048,#8049);
#8048 = CARTESIAN_POINT('',(74.500005,-24.949995,12.05));
#8049 = VECTOR('',#8050,1.);
#8050 = DIRECTION('',(0.,1.,0.));
#8051 = PCURVE('',#7980,#8052);
#8052 = DEFINITIONAL_REPRESENTATION('',(#8053),#8057);
#8053 = LINE('',#8054,#8055);
#8054 = CARTESIAN_POINT('',(2.9,0.));
#8055 = VECTOR('',#8056,1.);
#8056 = DIRECTION('',(0.,-1.));
#8057 = ( GEOMETRIC_REPRESENTATION_CONTEXT(2) 
PARAMETRIC_REPRESENTATION_CONTEXT() REPRESENTATION_CONTEXT('2D SPACE',''
  ) );
#8058 = PCURVE('',#7954,#8059);
#8059 = DEFINITIONAL_REPRESENTATION('',(#8060),#8064);
#8060 = LINE('',#8061,#8062);
#8061 = CARTESIAN_POINT('',(27.,0.));
#8062 = VECTOR('',#8063,1.);
#8063 = DIRECTION('',(0.,1.));
#8064 = ( GEOMETRIC_REPRESENTATION_CONTEXT(2) 
PARAMETRIC_REPRESENTATION_CONTEXT() REPRESENTATION_CONTEXT('2D SPACE',''
  ) );
#8065 = ADVANCED_FACE('',(#8066),#7872,.F.);
#8066 = FACE_BOUND('',#8067,.F.);
#8067 = EDGE_LOOP('',(#8068,#8089,#8090,#8111));
#8068 = ORIENTED_EDGE('',*,*,#8069,.F.);
#8069 = EDGE_CURVE('',#7850,#7970,#8070,.T.);
#8070 = SURFACE_CURVE('',#8071,(#8075,#8082),.PCURVE_S1.);
#8071 = LINE('',#8072,#8073);
#8072 = CARTESIAN_POINT('',(47.500005,-24.949995,9.15));
#8073 = VECTOR('',#8074,1.);
#8074 = DIRECTION('',(1.,0.,0.));
#8075 = PCURVE('',#7872,#8076);
#8076 = DEFINITIONAL_REPRESENTATION('',(#8077),#8081);
#8077 = LINE('',#8078,#8079);
#8078 = CARTESIAN_POINT('',(0.,0.));
#8079 = VECTOR('',#8080,1.);
#8080 = DIRECTION('',(0.,1.));
#8081 = ( GEOMETRIC_REPRESENTATION_CONTEXT(2) 
PARAMETRIC_REPRESENTATION_CONTEXT() REPRESENTATION_CONTEXT('2D SPACE',''
  ) );
#8082 = PCURVE('',#7900,#8083);
#8083 = DEFINITIONAL_REPRESENTATION('',(#8084),#8088);
#8084 = LINE('',#8085,#8086);
#8085 = CARTESIAN_POINT('',(0.,0.));
#8086 = VECTOR('',#8087,1.);
#8087 = DIRECTION('',(1.,0.));
#8088 = ( GEOMETRIC_REPRESENTATION_CONTEXT(2) 
PARAMETRIC_REPRESENTATION_CONTEXT() REPRESENTATION_CONTEXT('2D SPACE',''
  ) );
#8089 = ORIENTED_EDGE('',*,*,#7849,.T.);
#8090 = ORIENTED_EDGE('',*,*,#8091,.T.);
#8091 = EDGE_CURVE('',#7852,#7972,#8092,.T.);
#8092 = SURFACE_CURVE('',#8093,(#8097,#8104),.PCURVE_S1.);
#8093 = LINE('',#8094,#8095);
#8094 = CARTESIAN_POINT('',(47.500005,-24.949995,12.05));
#8095 = VECTOR('',#8096,1.);
#8096 = DIRECTION('',(1.,0.,0.));
#8097 = PCURVE('',#7872,#8098);
#8098 = DEFINITIONAL_REPRESENTATION('',(#8099),#8103);
#8099 = LINE('',#8100,#8101);
#8100 = CARTESIAN_POINT('',(2.9,0.));
#8101 = VECTOR('',#8102,1.);
#8102 = DIRECTION('',(0.,1.));
#8103 = ( GEOMETRIC_REPRESENTATION_CONTEXT(2) 
PARAMETRIC_REPRESENTATION_CONTEXT() REPRESENTATION_CONTEXT('2D SPACE',''
  ) );
#8104 = PCURVE('',#7954,#8105);
#8105 = DEFINITIONAL_REPRESENTATION('',(#8106),#8110);
#8106 = LINE('',#8107,#8108);
#8107 = CARTESIAN_POINT('',(0.,0.));
#8108 = VECTOR('',#8109,1.);
#8109 = DIRECTION('',(1.,0.));
#8110 = ( GEOMETRIC_REPRESENTATION_CONTEXT(2) 
PARAMETRIC_REPRESENTATION_CONTEXT() REPRESENTATION_CONTEXT('2D SPACE',''
  ) );
#8111 = ORIENTED_EDGE('',*,*,#7969,.F.);
#8112 = ADVANCED_FACE('',(#8113),#7928,.T.);
#8113 = FACE_BOUND('',#8114,.T.);
#8114 = EDGE_LOOP('',(#8115,#8136,#8137,#8158));
#8115 = ORIENTED_EDGE('',*,*,#8116,.F.);
#8116 = EDGE_CURVE('',#7885,#8000,#8117,.T.);
#8117 = SURFACE_CURVE('',#8118,(#8122,#8129),.PCURVE_S1.);
#8118 = LINE('',#8119,#8120);
#8119 = CARTESIAN_POINT('',(47.500005,-7.449995,9.15));
#8120 = VECTOR('',#8121,1.);
#8121 = DIRECTION('',(1.,0.,0.));
#8122 = PCURVE('',#7928,#8123);
#8123 = DEFINITIONAL_REPRESENTATION('',(#8124),#8128);
#8124 = LINE('',#8125,#8126);
#8125 = CARTESIAN_POINT('',(0.,0.));
#8126 = VECTOR('',#8127,1.);
#8127 = DIRECTION('',(0.,1.));
#8128 = ( GEOMETRIC_REPRESENTATION_CONTEXT(2) 
PARAMETRIC_REPRESENTATION_CONTEXT() REPRESENTATION_CONTEXT('2D SPACE',''
  ) );
#8129 = PCURVE('',#7900,#8130);
#8130 = DEFINITIONAL_REPRESENTATION('',(#8131),#8135);
#8131 = LINE('',#8132,#8133);
#8132 = CARTESIAN_POINT('',(0.,17.5));
#8133 = VECTOR('',#8134,1.);
#8134 = DIRECTION('',(1.,0.));
#8135 = ( GEOMETRIC_REPRESENTATION_CONTEXT(2) 
PARAMETRIC_REPRESENTATION_CONTEXT() REPRESENTATION_CONTEXT('2D SPACE',''
  ) );
#8136 = ORIENTED_EDGE('',*,*,#7912,.T.);
#8137 = ORIENTED_EDGE('',*,*,#8138,.T.);
#8138 = EDGE_CURVE('',#7913,#8023,#8139,.T.);
#8139 = SURFACE_CURVE('',#8140,(#8144,#8151),.PCURVE_S1.);
#8140 = LINE('',#8141,#8142);
#8141 = CARTESIAN_POINT('',(47.500005,-7.449995,12.05));
#8142 = VECTOR('',#8143,1.);
#8143 = DIRECTION('',(1.,0.,0.));
#8144 = PCURVE('',#7928,#8145);
#8145 = DEFINITIONAL_REPRESENTATION('',(#8146),#8150);
#8146 = LINE('',#8147,#8148);
#8147 = CARTESIAN_POINT('',(2.9,0.));
#8148 = VECTOR('',#8149,1.);
#8149 = DIRECTION('',(0.,1.));
#8150 = ( GEOMETRIC_REPRESENTATION_CONTEXT(2) 
PARAMETRIC_REPRESENTATION_CONTEXT() REPRESENTATION_CONTEXT('2D SPACE',''
  ) );
#8151 = PCURVE('',#7954,#8152);
#8152 = DEFINITIONAL_REPRESENTATION('',(#8153),#8157);
#8153 = LINE('',#8154,#8155);
#8154 = CARTESIAN_POINT('',(0.,17.5));
#8155 = VECTOR('',#8156,1.);
#8156 = DIRECTION('',(1.,0.));
#8157 = ( GEOMETRIC_REPRESENTATION_CONTEXT(2) 
PARAMETRIC_REPRESENTATION_CONTEXT() REPRESENTATION_CONTEXT('2D SPACE',''
  ) );
#8158 = ORIENTED_EDGE('',*,*,#8022,.F.);
#8159 = ADVANCED_FACE('',(#8160),#7900,.F.);
#8160 = FACE_BOUND('',#8161,.F.);
#8161 = EDGE_LOOP('',(#8162,#8163,#8164,#8165));
#8162 = ORIENTED_EDGE('',*,*,#7884,.F.);
#8163 = ORIENTED_EDGE('',*,*,#8069,.T.);
#8164 = ORIENTED_EDGE('',*,*,#7999,.T.);
#8165 = ORIENTED_EDGE('',*,*,#8116,.F.);
#8166 = ADVANCED_FACE('',(#8167),#7954,.T.);
#8167 = FACE_BOUND('',#8168,.T.);
#8168 = EDGE_LOOP('',(#8169,#8170,#8171,#8172));
#8169 = ORIENTED_EDGE('',*,*,#7940,.F.);
#8170 = ORIENTED_EDGE('',*,*,#8091,.T.);
#8171 = ORIENTED_EDGE('',*,*,#8045,.T.);
#8172 = ORIENTED_EDGE('',*,*,#8138,.F.);
#8173 = ( GEOMETRIC_REPRESENTATION_CONTEXT(3) 
GLOBAL_UNCERTAINTY_ASSIGNED_CONTEXT((#8177)) 
GLOBAL_UNIT_ASSIGNED_CONTEXT((#8174,#8175,#8176)) REPRESENTATION_CONTEXT
('Context #1','3D Context with UNIT and UNCERTAINTY') );
#8174 = ( LENGTH_UNIT() NAMED_UNIT(*) SI_UNIT(.MILLI.,.METRE.) );
#8175 = ( NAMED_UNIT(*) PLANE_ANGLE_UNIT() SI_UNIT($,.RADIAN.) );
#8176 = ( NAMED_UNIT(*) SI_UNIT($,.STERADIAN.) SOLID_ANGLE_UNIT() );
#8177 = UNCERTAINTY_MEASURE_WITH_UNIT(LENGTH_MEASURE(1.E-07),#8174,
  'distance_accuracy_value','confusion accuracy');
#8178 = CONTEXT_DEPENDENT_SHAPE_REPRESENTATION(#8179,#8181);
#8179 = ( REPRESENTATION_RELATIONSHIP('','',#7842,#10) 
REPRESENTATION_RELATIONSHIP_WITH_TRANSFORMATION(#8180) 
SHAPE_REPRESENTATION_RELATIONSHIP() );
#8180 = ITEM_DEFINED_TRANSFORMATION('','',#11,#23);
#8181 = PRODUCT_DEFINITION_SHAPE('Placement','Placement of an item',
  #8182);
#8182 = NEXT_ASSEMBLY_USAGE_OCCURRENCE('18','','',#5,#7837,$);
#8183 = PRODUCT_RELATED_PRODUCT_CATEGORY('part',$,(#7839));
#8184 = SHAPE_DEFINITION_REPRESENTATION(#8185,#8191);
#8185 = PRODUCT_DEFINITION_SHAPE('','',#8186);
#8186 = PRODUCT_DEFINITION('design','',#8187,#8190);
#8187 = PRODUCT_DEFINITION_FORMATION('','',#8188);
#8188 = PRODUCT('Open CASCADE STEP translator 7.9 5.4',
  'Open CASCADE STEP translator 7.9 5.4','',(#8189));
#8189 = PRODUCT_CONTEXT('',#2,'mechanical');
#8190 = PRODUCT_DEFINITION_CONTEXT('part definition',#2,'design');
#8191 = ADVANCED_BREP_SHAPE_REPRESENTATION('',(#11,#8192),#8522);
#8192 = MANIFOLD_SOLID_BREP('',#8193);
#8193 = CLOSED_SHELL('',(#8194,#8314,#8414,#8461,#8508,#8515));
#8194 = ADVANCED_FACE('',(#8195),#8209,.F.);
#8195 = FACE_BOUND('',#8196,.F.);
#8196 = EDGE_LOOP('',(#8197,#8232,#8260,#8288));
#8197 = ORIENTED_EDGE('',*,*,#8198,.F.);
#8198 = EDGE_CURVE('',#8199,#8201,#8203,.T.);
#8199 = VERTEX_POINT('',#8200);
#8200 = CARTESIAN_POINT('',(50.150005,-21.599995,12.));
#8201 = VERTEX_POINT('',#8202);
#8202 = CARTESIAN_POINT('',(50.150005,-21.599995,12.1));
#8203 = SURFACE_CURVE('',#8204,(#8208,#8220),.PCURVE_S1.);
#8204 = LINE('',#8205,#8206);
#8205 = CARTESIAN_POINT('',(50.150005,-21.599995,12.));
#8206 = VECTOR('',#8207,1.);
#8207 = DIRECTION('',(0.,0.,1.));
#8208 = PCURVE('',#8209,#8214);
#8209 = PLANE('',#8210);
#8210 = AXIS2_PLACEMENT_3D('',#8211,#8212,#8213);
#8211 = CARTESIAN_POINT('',(50.150005,-21.599995,12.));
#8212 = DIRECTION('',(1.,0.,0.));
#8213 = DIRECTION('',(0.,0.,1.));
#8214 = DEFINITIONAL_REPRESENTATION('',(#8215),#8219);
#8215 = LINE('',#8216,#8217);
#8216 = CARTESIAN_POINT('',(0.,0.));
#8217 = VECTOR('',#8218,1.);
#8218 = DIRECTION('',(1.,0.));
#8219 = ( GEOMETRIC_REPRESENTATION_CONTEXT(2) 
PARAMETRIC_REPRESENTATION_CONTEXT() REPRESENTATION_CONTEXT('2D SPACE',''
  ) );
#8220 = PCURVE('',#8221,#8226);
#8221 = PLANE('',#8222);
#8222 = AXIS2_PLACEMENT_3D('',#8223,#8224,#8225);
#8223 = CARTESIAN_POINT('',(50.150005,-21.599995,12.));
#8224 = DIRECTION('',(0.,1.,0.));
#8225 = DIRECTION('',(0.,0.,1.));
#8226 = DEFINITIONAL_REPRESENTATION('',(#8227),#8231);
#8227 = LINE('',#8228,#8229);
#8228 = CARTESIAN_POINT('',(0.,0.));
#8229 = VECTOR('',#8230,1.);
#8230 = DIRECTION('',(1.,0.));
#8231 = ( GEOMETRIC_REPRESENTATION_CONTEXT(2) 
PARAMETRIC_REPRESENTATION_CONTEXT() REPRESENTATION_CONTEXT('2D SPACE',''
  ) );
#8232 = ORIENTED_EDGE('',*,*,#8233,.T.);
#8233 = EDGE_CURVE('',#8199,#8234,#8236,.T.);
#8234 = VERTEX_POINT('',#8235);
#8235 = CARTESIAN_POINT('',(50.150005,-10.799995,12.));
#8236 = SURFACE_CURVE('',#8237,(#8241,#8248),.PCURVE_S1.);
#8237 = LINE('',#8238,#8239);
#8238 = CARTESIAN_POINT('',(50.150005,-21.599995,12.));
#8239 = VECTOR('',#8240,1.);
#8240 = DIRECTION('',(0.,1.,0.));
#8241 = PCURVE('',#8209,#8242);
#8242 = DEFINITIONAL_REPRESENTATION('',(#8243),#8247);
#8243 = LINE('',#8244,#8245);
#8244 = CARTESIAN_POINT('',(0.,0.));
#8245 = VECTOR('',#8246,1.);
#8246 = DIRECTION('',(0.,-1.));
#8247 = ( GEOMETRIC_REPRESENTATION_CONTEXT(2) 
PARAMETRIC_REPRESENTATION_CONTEXT() REPRESENTATION_CONTEXT('2D SPACE',''
  ) );
#8248 = PCURVE('',#8249,#8254);
#8249 = PLANE('',#8250);
#8250 = AXIS2_PLACEMENT_3D('',#8251,#8252,#8253);
#8251 = CARTESIAN_POINT('',(50.150005,-21.599995,12.));
#8252 = DIRECTION('',(0.,0.,1.));
#8253 = DIRECTION('',(1.,0.,0.));
#8254 = DEFINITIONAL_REPRESENTATION('',(#8255),#8259);
#8255 = LINE('',#8256,#8257);
#8256 = CARTESIAN_POINT('',(0.,0.));
#8257 = VECTOR('',#8258,1.);
#8258 = DIRECTION('',(0.,1.));
#8259 = ( GEOMETRIC_REPRESENTATION_CONTEXT(2) 
PARAMETRIC_REPRESENTATION_CONTEXT() REPRESENTATION_CONTEXT('2D SPACE',''
  ) );
#8260 = ORIENTED_EDGE('',*,*,#8261,.T.);
#8261 = EDGE_CURVE('',#8234,#8262,#8264,.T.);
#8262 = VERTEX_POINT('',#8263);
#8263 = CARTESIAN_POINT('',(50.150005,-10.799995,12.1));
#8264 = SURFACE_CURVE('',#8265,(#8269,#8276),.PCURVE_S1.);
#8265 = LINE('',#8266,#8267);
#8266 = CARTESIAN_POINT('',(50.150005,-10.799995,12.));
#8267 = VECTOR('',#8268,1.);
#8268 = DIRECTION('',(0.,0.,1.));
#8269 = PCURVE('',#8209,#8270);
#8270 = DEFINITIONAL_REPRESENTATION('',(#8271),#8275);
#8271 = LINE('',#8272,#8273);
#8272 = CARTESIAN_POINT('',(0.,-10.8));
#8273 = VECTOR('',#8274,1.);
#8274 = DIRECTION('',(1.,0.));
#8275 = ( GEOMETRIC_REPRESENTATION_CONTEXT(2) 
PARAMETRIC_REPRESENTATION_CONTEXT() REPRESENTATION_CONTEXT('2D SPACE',''
  ) );
#8276 = PCURVE('',#8277,#8282);
#8277 = PLANE('',#8278);
#8278 = AXIS2_PLACEMENT_3D('',#8279,#8280,#8281);
#8279 = CARTESIAN_POINT('',(50.150005,-10.799995,12.));
#8280 = DIRECTION('',(0.,1.,0.));
#8281 = DIRECTION('',(0.,0.,1.));
#8282 = DEFINITIONAL_REPRESENTATION('',(#8283),#8287);
#8283 = LINE('',#8284,#8285);
#8284 = CARTESIAN_POINT('',(0.,0.));
#8285 = VECTOR('',#8286,1.);
#8286 = DIRECTION('',(1.,0.));
#8287 = ( GEOMETRIC_REPRESENTATION_CONTEXT(2) 
PARAMETRIC_REPRESENTATION_CONTEXT() REPRESENTATION_CONTEXT('2D SPACE',''
  ) );
#8288 = ORIENTED_EDGE('',*,*,#8289,.F.);
#8289 = EDGE_CURVE('',#8201,#8262,#8290,.T.);
#8290 = SURFACE_CURVE('',#8291,(#8295,#8302),.PCURVE_S1.);
#8291 = LINE('',#8292,#8293);
#8292 = CARTESIAN_POINT('',(50.150005,-21.599995,12.1));
#8293 = VECTOR('',#8294,1.);
#8294 = DIRECTION('',(0.,1.,0.));
#8295 = PCURVE('',#8209,#8296);
#8296 = DEFINITIONAL_REPRESENTATION('',(#8297),#8301);
#8297 = LINE('',#8298,#8299);
#8298 = CARTESIAN_POINT('',(1.E-01,0.));
#8299 = VECTOR('',#8300,1.);
#8300 = DIRECTION('',(0.,-1.));
#8301 = ( GEOMETRIC_REPRESENTATION_CONTEXT(2) 
PARAMETRIC_REPRESENTATION_CONTEXT() REPRESENTATION_CONTEXT('2D SPACE',''
  ) );
#8302 = PCURVE('',#8303,#8308);
#8303 = PLANE('',#8304);
#8304 = AXIS2_PLACEMENT_3D('',#8305,#8306,#8307);
#8305 = CARTESIAN_POINT('',(50.150005,-21.599995,12.1));
#8306 = DIRECTION('',(0.,0.,1.));
#8307 = DIRECTION('',(1.,0.,0.));
#8308 = DEFINITIONAL_REPRESENTATION('',(#8309),#8313);
#8309 = LINE('',#8310,#8311);
#8310 = CARTESIAN_POINT('',(0.,0.));
#8311 = VECTOR('',#8312,1.);
#8312 = DIRECTION('',(0.,1.));
#8313 = ( GEOMETRIC_REPRESENTATION_CONTEXT(2) 
PARAMETRIC_REPRESENTATION_CONTEXT() REPRESENTATION_CONTEXT('2D SPACE',''
  ) );
#8314 = ADVANCED_FACE('',(#8315),#8329,.T.);
#8315 = FACE_BOUND('',#8316,.T.);
#8316 = EDGE_LOOP('',(#8317,#8347,#8370,#8393));
#8317 = ORIENTED_EDGE('',*,*,#8318,.F.);
#8318 = EDGE_CURVE('',#8319,#8321,#8323,.T.);
#8319 = VERTEX_POINT('',#8320);
#8320 = CARTESIAN_POINT('',(71.850005,-21.599995,12.));
#8321 = VERTEX_POINT('',#8322);
#8322 = CARTESIAN_POINT('',(71.850005,-21.599995,12.1));
#8323 = SURFACE_CURVE('',#8324,(#8328,#8340),.PCURVE_S1.);
#8324 = LINE('',#8325,#8326);
#8325 = CARTESIAN_POINT('',(71.850005,-21.599995,12.));
#8326 = VECTOR('',#8327,1.);
#8327 = DIRECTION('',(0.,0.,1.));
#8328 = PCURVE('',#8329,#8334);
#8329 = PLANE('',#8330);
#8330 = AXIS2_PLACEMENT_3D('',#8331,#8332,#8333);
#8331 = CARTESIAN_POINT('',(71.850005,-21.599995,12.));
#8332 = DIRECTION('',(1.,0.,0.));
#8333 = DIRECTION('',(0.,0.,1.));
#8334 = DEFINITIONAL_REPRESENTATION('',(#8335),#8339);
#8335 = LINE('',#8336,#8337);
#8336 = CARTESIAN_POINT('',(0.,0.));
#8337 = VECTOR('',#8338,1.);
#8338 = DIRECTION('',(1.,0.));
#8339 = ( GEOMETRIC_REPRESENTATION_CONTEXT(2) 
PARAMETRIC_REPRESENTATION_CONTEXT() REPRESENTATION_CONTEXT('2D SPACE',''
  ) );
#8340 = PCURVE('',#8221,#8341);
#8341 = DEFINITIONAL_REPRESENTATION('',(#8342),#8346);
#8342 = LINE('',#8343,#8344);
#8343 = CARTESIAN_POINT('',(0.,21.7));
#8344 = VECTOR('',#8345,1.);
#8345 = DIRECTION('',(1.,0.));
#8346 = ( GEOMETRIC_REPRESENTATION_CONTEXT(2) 
PARAMETRIC_REPRESENTATION_CONTEXT() REPRESENTATION_CONTEXT('2D SPACE',''
  ) );
#8347 = ORIENTED_EDGE('',*,*,#8348,.T.);
#8348 = EDGE_CURVE('',#8319,#8349,#8351,.T.);
#8349 = VERTEX_POINT('',#8350);
#8350 = CARTESIAN_POINT('',(71.850005,-10.799995,12.));
#8351 = SURFACE_CURVE('',#8352,(#8356,#8363),.PCURVE_S1.);
#8352 = LINE('',#8353,#8354);
#8353 = CARTESIAN_POINT('',(71.850005,-21.599995,12.));
#8354 = VECTOR('',#8355,1.);
#8355 = DIRECTION('',(0.,1.,0.));
#8356 = PCURVE('',#8329,#8357);
#8357 = DEFINITIONAL_REPRESENTATION('',(#8358),#8362);
#8358 = LINE('',#8359,#8360);
#8359 = CARTESIAN_POINT('',(0.,0.));
#8360 = VECTOR('',#8361,1.);
#8361 = DIRECTION('',(0.,-1.));
#8362 = ( GEOMETRIC_REPRESENTATION_CONTEXT(2) 
PARAMETRIC_REPRESENTATION_CONTEXT() REPRESENTATION_CONTEXT('2D SPACE',''
  ) );
#8363 = PCURVE('',#8249,#8364);
#8364 = DEFINITIONAL_REPRESENTATION('',(#8365),#8369);
#8365 = LINE('',#8366,#8367);
#8366 = CARTESIAN_POINT('',(21.7,0.));
#8367 = VECTOR('',#8368,1.);
#8368 = DIRECTION('',(0.,1.));
#8369 = ( GEOMETRIC_REPRESENTATION_CONTEXT(2) 
PARAMETRIC_REPRESENTATION_CONTEXT() REPRESENTATION_CONTEXT('2D SPACE',''
  ) );
#8370 = ORIENTED_EDGE('',*,*,#8371,.T.);
#8371 = EDGE_CURVE('',#8349,#8372,#8374,.T.);
#8372 = VERTEX_POINT('',#8373);
#8373 = CARTESIAN_POINT('',(71.850005,-10.799995,12.1));
#8374 = SURFACE_CURVE('',#8375,(#8379,#8386),.PCURVE_S1.);
#8375 = LINE('',#8376,#8377);
#8376 = CARTESIAN_POINT('',(71.850005,-10.799995,12.));
#8377 = VECTOR('',#8378,1.);
#8378 = DIRECTION('',(0.,0.,1.));
#8379 = PCURVE('',#8329,#8380);
#8380 = DEFINITIONAL_REPRESENTATION('',(#8381),#8385);
#8381 = LINE('',#8382,#8383);
#8382 = CARTESIAN_POINT('',(0.,-10.8));
#8383 = VECTOR('',#8384,1.);
#8384 = DIRECTION('',(1.,0.));
#8385 = ( GEOMETRIC_REPRESENTATION_CONTEXT(2) 
PARAMETRIC_REPRESENTATION_CONTEXT() REPRESENTATION_CONTEXT('2D SPACE',''
  ) );
#8386 = PCURVE('',#8277,#8387);
#8387 = DEFINITIONAL_REPRESENTATION('',(#8388),#8392);
#8388 = LINE('',#8389,#8390);
#8389 = CARTESIAN_POINT('',(0.,21.7));
#8390 = VECTOR('',#8391,1.);
#8391 = DIRECTION('',(1.,0.));
#8392 = ( GEOMETRIC_REPRESENTATION_CONTEXT(2) 
PARAMETRIC_REPRESENTATION_CONTEXT() REPRESENTATION_CONTEXT('2D SPACE',''
  ) );
#8393 = ORIENTED_EDGE('',*,*,#8394,.F.);
#8394 = EDGE_CURVE('',#8321,#8372,#8395,.T.);
#8395 = SURFACE_CURVE('',#8396,(#8400,#8407),.PCURVE_S1.);
#8396 = LINE('',#8397,#8398);
#8397 = CARTESIAN_POINT('',(71.850005,-21.599995,12.1));
#8398 = VECTOR('',#8399,1.);
#8399 = DIRECTION('',(0.,1.,0.));
#8400 = PCURVE('',#8329,#8401);
#8401 = DEFINITIONAL_REPRESENTATION('',(#8402),#8406);
#8402 = LINE('',#8403,#8404);
#8403 = CARTESIAN_POINT('',(1.E-01,0.));
#8404 = VECTOR('',#8405,1.);
#8405 = DIRECTION('',(0.,-1.));
#8406 = ( GEOMETRIC_REPRESENTATION_CONTEXT(2) 
PARAMETRIC_REPRESENTATION_CONTEXT() REPRESENTATION_CONTEXT('2D SPACE',''
  ) );
#8407 = PCURVE('',#8303,#8408);
#8408 = DEFINITIONAL_REPRESENTATION('',(#8409),#8413);
#8409 = LINE('',#8410,#8411);
#8410 = CARTESIAN_POINT('',(21.7,0.));
#8411 = VECTOR('',#8412,1.);
#8412 = DIRECTION('',(0.,1.));
#8413 = ( GEOMETRIC_REPRESENTATION_CONTEXT(2) 
PARAMETRIC_REPRESENTATION_CONTEXT() REPRESENTATION_CONTEXT('2D SPACE',''
  ) );
#8414 = ADVANCED_FACE('',(#8415),#8221,.F.);
#8415 = FACE_BOUND('',#8416,.F.);
#8416 = EDGE_LOOP('',(#8417,#8438,#8439,#8460));
#8417 = ORIENTED_EDGE('',*,*,#8418,.F.);
#8418 = EDGE_CURVE('',#8199,#8319,#8419,.T.);
#8419 = SURFACE_CURVE('',#8420,(#8424,#8431),.PCURVE_S1.);
#8420 = LINE('',#8421,#8422);
#8421 = CARTESIAN_POINT('',(50.150005,-21.599995,12.));
#8422 = VECTOR('',#8423,1.);
#8423 = DIRECTION('',(1.,0.,0.));
#8424 = PCURVE('',#8221,#8425);
#8425 = DEFINITIONAL_REPRESENTATION('',(#8426),#8430);
#8426 = LINE('',#8427,#8428);
#8427 = CARTESIAN_POINT('',(0.,0.));
#8428 = VECTOR('',#8429,1.);
#8429 = DIRECTION('',(0.,1.));
#8430 = ( GEOMETRIC_REPRESENTATION_CONTEXT(2) 
PARAMETRIC_REPRESENTATION_CONTEXT() REPRESENTATION_CONTEXT('2D SPACE',''
  ) );
#8431 = PCURVE('',#8249,#8432);
#8432 = DEFINITIONAL_REPRESENTATION('',(#8433),#8437);
#8433 = LINE('',#8434,#8435);
#8434 = CARTESIAN_POINT('',(0.,0.));
#8435 = VECTOR('',#8436,1.);
#8436 = DIRECTION('',(1.,0.));
#8437 = ( GEOMETRIC_REPRESENTATION_CONTEXT(2) 
PARAMETRIC_REPRESENTATION_CONTEXT() REPRESENTATION_CONTEXT('2D SPACE',''
  ) );
#8438 = ORIENTED_EDGE('',*,*,#8198,.T.);
#8439 = ORIENTED_EDGE('',*,*,#8440,.T.);
#8440 = EDGE_CURVE('',#8201,#8321,#8441,.T.);
#8441 = SURFACE_CURVE('',#8442,(#8446,#8453),.PCURVE_S1.);
#8442 = LINE('',#8443,#8444);
#8443 = CARTESIAN_POINT('',(50.150005,-21.599995,12.1));
#8444 = VECTOR('',#8445,1.);
#8445 = DIRECTION('',(1.,0.,0.));
#8446 = PCURVE('',#8221,#8447);
#8447 = DEFINITIONAL_REPRESENTATION('',(#8448),#8452);
#8448 = LINE('',#8449,#8450);
#8449 = CARTESIAN_POINT('',(1.E-01,0.));
#8450 = VECTOR('',#8451,1.);
#8451 = DIRECTION('',(0.,1.));
#8452 = ( GEOMETRIC_REPRESENTATION_CONTEXT(2) 
PARAMETRIC_REPRESENTATION_CONTEXT() REPRESENTATION_CONTEXT('2D SPACE',''
  ) );
#8453 = PCURVE('',#8303,#8454);
#8454 = DEFINITIONAL_REPRESENTATION('',(#8455),#8459);
#8455 = LINE('',#8456,#8457);
#8456 = CARTESIAN_POINT('',(0.,0.));
#8457 = VECTOR('',#8458,1.);
#8458 = DIRECTION('',(1.,0.));
#8459 = ( GEOMETRIC_REPRESENTATION_CONTEXT(2) 
PARAMETRIC_REPRESENTATION_CONTEXT() REPRESENTATION_CONTEXT('2D SPACE',''
  ) );
#8460 = ORIENTED_EDGE('',*,*,#8318,.F.);
#8461 = ADVANCED_FACE('',(#8462),#8277,.T.);
#8462 = FACE_BOUND('',#8463,.T.);
#8463 = EDGE_LOOP('',(#8464,#8485,#8486,#8507));
#8464 = ORIENTED_EDGE('',*,*,#8465,.F.);
#8465 = EDGE_CURVE('',#8234,#8349,#8466,.T.);
#8466 = SURFACE_CURVE('',#8467,(#8471,#8478),.PCURVE_S1.);
#8467 = LINE('',#8468,#8469);
#8468 = CARTESIAN_POINT('',(50.150005,-10.799995,12.));
#8469 = VECTOR('',#8470,1.);
#8470 = DIRECTION('',(1.,0.,0.));
#8471 = PCURVE('',#8277,#8472);
#8472 = DEFINITIONAL_REPRESENTATION('',(#8473),#8477);
#8473 = LINE('',#8474,#8475);
#8474 = CARTESIAN_POINT('',(0.,0.));
#8475 = VECTOR('',#8476,1.);
#8476 = DIRECTION('',(0.,1.));
#8477 = ( GEOMETRIC_REPRESENTATION_CONTEXT(2) 
PARAMETRIC_REPRESENTATION_CONTEXT() REPRESENTATION_CONTEXT('2D SPACE',''
  ) );
#8478 = PCURVE('',#8249,#8479);
#8479 = DEFINITIONAL_REPRESENTATION('',(#8480),#8484);
#8480 = LINE('',#8481,#8482);
#8481 = CARTESIAN_POINT('',(0.,10.8));
#8482 = VECTOR('',#8483,1.);
#8483 = DIRECTION('',(1.,0.));
#8484 = ( GEOMETRIC_REPRESENTATION_CONTEXT(2) 
PARAMETRIC_REPRESENTATION_CONTEXT() REPRESENTATION_CONTEXT('2D SPACE',''
  ) );
#8485 = ORIENTED_EDGE('',*,*,#8261,.T.);
#8486 = ORIENTED_EDGE('',*,*,#8487,.T.);
#8487 = EDGE_CURVE('',#8262,#8372,#8488,.T.);
#8488 = SURFACE_CURVE('',#8489,(#8493,#8500),.PCURVE_S1.);
#8489 = LINE('',#8490,#8491);
#8490 = CARTESIAN_POINT('',(50.150005,-10.799995,12.1));
#8491 = VECTOR('',#8492,1.);
#8492 = DIRECTION('',(1.,0.,0.));
#8493 = PCURVE('',#8277,#8494);
#8494 = DEFINITIONAL_REPRESENTATION('',(#8495),#8499);
#8495 = LINE('',#8496,#8497);
#8496 = CARTESIAN_POINT('',(1.E-01,0.));
#8497 = VECTOR('',#8498,1.);
#8498 = DIRECTION('',(0.,1.));
#8499 = ( GEOMETRIC_REPRESENTATION_CONTEXT(2) 
PARAMETRIC_REPRESENTATION_CONTEXT() REPRESENTATION_CONTEXT('2D SPACE',''
  ) );
#8500 = PCURVE('',#8303,#8501);
#8501 = DEFINITIONAL_REPRESENTATION('',(#8502),#8506);
#8502 = LINE('',#8503,#8504);
#8503 = CARTESIAN_POINT('',(0.,10.8));
#8504 = VECTOR('',#8505,1.);
#8505 = DIRECTION('',(1.,0.));
#8506 = ( GEOMETRIC_REPRESENTATION_CONTEXT(2) 
PARAMETRIC_REPRESENTATION_CONTEXT() REPRESENTATION_CONTEXT('2D SPACE',''
  ) );
#8507 = ORIENTED_EDGE('',*,*,#8371,.F.);
#8508 = ADVANCED_FACE('',(#8509),#8249,.F.);
#8509 = FACE_BOUND('',#8510,.F.);
#8510 = EDGE_LOOP('',(#8511,#8512,#8513,#8514));
#8511 = ORIENTED_EDGE('',*,*,#8233,.F.);
#8512 = ORIENTED_EDGE('',*,*,#8418,.T.);
#8513 = ORIENTED_EDGE('',*,*,#8348,.T.);
#8514 = ORIENTED_EDGE('',*,*,#8465,.F.);
#8515 = ADVANCED_FACE('',(#8516),#8303,.T.);
#8516 = FACE_BOUND('',#8517,.T.);
#8517 = EDGE_LOOP('',(#8518,#8519,#8520,#8521));
#8518 = ORIENTED_EDGE('',*,*,#8289,.F.);
#8519 = ORIENTED_EDGE('',*,*,#8440,.T.);
#8520 = ORIENTED_EDGE('',*,*,#8394,.T.);
#8521 = ORIENTED_EDGE('',*,*,#8487,.F.);
#8522 = ( GEOMETRIC_REPRESENTATION_CONTEXT(3) 
GLOBAL_UNCERTAINTY_ASSIGNED_CONTEXT((#8526)) 
GLOBAL_UNIT_ASSIGNED_CONTEXT((#8523,#8524,#8525)) REPRESENTATION_CONTEXT
('Context #1','3D Context with UNIT and UNCERTAINTY') );
#8523 = ( LENGTH_UNIT() NAMED_UNIT(*) SI_UNIT(.MILLI.,.METRE.) );
#8524 = ( NAMED_UNIT(*) PLANE_ANGLE_UNIT() SI_UNIT($,.RADIAN.) );
#8525 = ( NAMED_UNIT(*) SI_UNIT($,.STERADIAN.) SOLID_ANGLE_UNIT() );
#8526 = UNCERTAINTY_MEASURE_WITH_UNIT(LENGTH_MEASURE(1.E-07),#8523,
  'distance_accuracy_value','confusion accuracy');
#8527 = CONTEXT_DEPENDENT_SHAPE_REPRESENTATION(#8528,#8530);
#8528 = ( REPRESENTATION_RELATIONSHIP('','',#8191,#10) 
REPRESENTATION_RELATIONSHIP_WITH_TRANSFORMATION(#8529) 
SHAPE_REPRESENTATION_RELATIONSHIP() );
#8529 = ITEM_DEFINED_TRANSFORMATION('','',#11,#27);
#8530 = PRODUCT_DEFINITION_SHAPE('Placement','Placement of an item',
  #8531);
#8531 = NEXT_ASSEMBLY_USAGE_OCCURRENCE('19','','',#5,#8186,$);
#8532 = PRODUCT_RELATED_PRODUCT_CATEGORY('part',$,(#8188));
#8533 = SHAPE_DEFINITION_REPRESENTATION(#8534,#8540);
#8534 = PRODUCT_DEFINITION_SHAPE('','',#8535);
#8535 = PRODUCT_DEFINITION('design','',#8536,#8539);
#8536 = PRODUCT_DEFINITION_FORMATION('','',#8537);
#8537 = PRODUCT('Open CASCADE STEP translator 7.9 5.5',
  'Open CASCADE STEP translator 7.9 5.5','',(#8538));
#8538 = PRODUCT_CONTEXT('',#2,'mechanical');
#8539 = PRODUCT_DEFINITION_CONTEXT('part definition',#2,'design');
#8540 = ADVANCED_BREP_SHAPE_REPRESENTATION('',(#11,#8541),#8871);
#8541 = MANIFOLD_SOLID_BREP('',#8542);
#8542 = CLOSED_SHELL('',(#8543,#8663,#8763,#8810,#8857,#8864));
#8543 = ADVANCED_FACE('',(#8544),#8558,.F.);
#8544 = FACE_BOUND('',#8545,.F.);
#8545 = EDGE_LOOP('',(#8546,#8581,#8609,#8637));
#8546 = ORIENTED_EDGE('',*,*,#8547,.F.);
#8547 = EDGE_CURVE('',#8548,#8550,#8552,.T.);
#8548 = VERTEX_POINT('',#8549);
#8549 = CARTESIAN_POINT('',(50.840005,-3.749995,1.6));
#8550 = VERTEX_POINT('',#8551);
#8551 = CARTESIAN_POINT('',(50.840005,-3.749995,7.65));
#8552 = SURFACE_CURVE('',#8553,(#8557,#8569),.PCURVE_S1.);
#8553 = LINE('',#8554,#8555);
#8554 = CARTESIAN_POINT('',(50.840005,-3.749995,1.6));
#8555 = VECTOR('',#8556,1.);
#8556 = DIRECTION('',(0.,0.,1.));
#8557 = PCURVE('',#8558,#8563);
#8558 = PLANE('',#8559);
#8559 = AXIS2_PLACEMENT_3D('',#8560,#8561,#8562);
#8560 = CARTESIAN_POINT('',(50.840005,-3.749995,1.6));
#8561 = DIRECTION('',(1.,0.,0.));
#8562 = DIRECTION('',(0.,0.,1.));
#8563 = DEFINITIONAL_REPRESENTATION('',(#8564),#8568);
#8564 = LINE('',#8565,#8566);
#8565 = CARTESIAN_POINT('',(0.,0.));
#8566 = VECTOR('',#8567,1.);
#8567 = DIRECTION('',(1.,0.));
#8568 = ( GEOMETRIC_REPRESENTATION_CONTEXT(2) 
PARAMETRIC_REPRESENTATION_CONTEXT() REPRESENTATION_CONTEXT('2D SPACE',''
  ) );
#8569 = PCURVE('',#8570,#8575);
#8570 = PLANE('',#8571);
#8571 = AXIS2_PLACEMENT_3D('',#8572,#8573,#8574);
#8572 = CARTESIAN_POINT('',(50.840005,-3.749995,1.6));
#8573 = DIRECTION('',(0.,1.,0.));
#8574 = DIRECTION('',(0.,0.,1.));
#8575 = DEFINITIONAL_REPRESENTATION('',(#8576),#8580);
#8576 = LINE('',#8577,#8578);
#8577 = CARTESIAN_POINT('',(0.,0.));
#8578 = VECTOR('',#8579,1.);
#8579 = DIRECTION('',(1.,0.));
#8580 = ( GEOMETRIC_REPRESENTATION_CONTEXT(2) 
PARAMETRIC_REPRESENTATION_CONTEXT() REPRESENTATION_CONTEXT('2D SPACE',''
  ) );
#8581 = ORIENTED_EDGE('',*,*,#8582,.T.);
#8582 = EDGE_CURVE('',#8548,#8583,#8585,.T.);
#8583 = VERTEX_POINT('',#8584);
#8584 = CARTESIAN_POINT('',(50.840005,-1.249995,1.6));
#8585 = SURFACE_CURVE('',#8586,(#8590,#8597),.PCURVE_S1.);
#8586 = LINE('',#8587,#8588);
#8587 = CARTESIAN_POINT('',(50.840005,-3.749995,1.6));
#8588 = VECTOR('',#8589,1.);
#8589 = DIRECTION('',(0.,1.,0.));
#8590 = PCURVE('',#8558,#8591);
#8591 = DEFINITIONAL_REPRESENTATION('',(#8592),#8596);
#8592 = LINE('',#8593,#8594);
#8593 = CARTESIAN_POINT('',(0.,0.));
#8594 = VECTOR('',#8595,1.);
#8595 = DIRECTION('',(0.,-1.));
#8596 = ( GEOMETRIC_REPRESENTATION_CONTEXT(2) 
PARAMETRIC_REPRESENTATION_CONTEXT() REPRESENTATION_CONTEXT('2D SPACE',''
  ) );
#8597 = PCURVE('',#8598,#8603);
#8598 = PLANE('',#8599);
#8599 = AXIS2_PLACEMENT_3D('',#8600,#8601,#8602);
#8600 = CARTESIAN_POINT('',(50.840005,-3.749995,1.6));
#8601 = DIRECTION('',(0.,0.,1.));
#8602 = DIRECTION('',(1.,0.,0.));
#8603 = DEFINITIONAL_REPRESENTATION('',(#8604),#8608);
#8604 = LINE('',#8605,#8606);
#8605 = CARTESIAN_POINT('',(0.,0.));
#8606 = VECTOR('',#8607,1.);
#8607 = DIRECTION('',(0.,1.));
#8608 = ( GEOMETRIC_REPRESENTATION_CONTEXT(2) 
PARAMETRIC_REPRESENTATION_CONTEXT() REPRESENTATION_CONTEXT('2D SPACE',''
  ) );
#8609 = ORIENTED_EDGE('',*,*,#8610,.T.);
#8610 = EDGE_CURVE('',#8583,#8611,#8613,.T.);
#8611 = VERTEX_POINT('',#8612);
#8612 = CARTESIAN_POINT('',(50.840005,-1.249995,7.65));
#8613 = SURFACE_CURVE('',#8614,(#8618,#8625),.PCURVE_S1.);
#8614 = LINE('',#8615,#8616);
#8615 = CARTESIAN_POINT('',(50.840005,-1.249995,1.6));
#8616 = VECTOR('',#8617,1.);
#8617 = DIRECTION('',(0.,0.,1.));
#8618 = PCURVE('',#8558,#8619);
#8619 = DEFINITIONAL_REPRESENTATION('',(#8620),#8624);
#8620 = LINE('',#8621,#8622);
#8621 = CARTESIAN_POINT('',(0.,-2.5));
#8622 = VECTOR('',#8623,1.);
#8623 = DIRECTION('',(1.,0.));
#8624 = ( GEOMETRIC_REPRESENTATION_CONTEXT(2) 
PARAMETRIC_REPRESENTATION_CONTEXT() REPRESENTATION_CONTEXT('2D SPACE',''
  ) );
#8625 = PCURVE('',#8626,#8631);
#8626 = PLANE('',#8627);
#8627 = AXIS2_PLACEMENT_3D('',#8628,#8629,#8630);
#8628 = CARTESIAN_POINT('',(50.840005,-1.249995,1.6));
#8629 = DIRECTION('',(0.,1.,0.));
#8630 = DIRECTION('',(0.,0.,1.));
#8631 = DEFINITIONAL_REPRESENTATION('',(#8632),#8636);
#8632 = LINE('',#8633,#8634);
#8633 = CARTESIAN_POINT('',(0.,0.));
#8634 = VECTOR('',#8635,1.);
#8635 = DIRECTION('',(1.,0.));
#8636 = ( GEOMETRIC_REPRESENTATION_CONTEXT(2) 
PARAMETRIC_REPRESENTATION_CONTEXT() REPRESENTATION_CONTEXT('2D SPACE',''
  ) );
#8637 = ORIENTED_EDGE('',*,*,#8638,.F.);
#8638 = EDGE_CURVE('',#8550,#8611,#8639,.T.);
#8639 = SURFACE_CURVE('',#8640,(#8644,#8651),.PCURVE_S1.);
#8640 = LINE('',#8641,#8642);
#8641 = CARTESIAN_POINT('',(50.840005,-3.749995,7.65));
#8642 = VECTOR('',#8643,1.);
#8643 = DIRECTION('',(0.,1.,0.));
#8644 = PCURVE('',#8558,#8645);
#8645 = DEFINITIONAL_REPRESENTATION('',(#8646),#8650);
#8646 = LINE('',#8647,#8648);
#8647 = CARTESIAN_POINT('',(6.05,0.));
#8648 = VECTOR('',#8649,1.);
#8649 = DIRECTION('',(0.,-1.));
#8650 = ( GEOMETRIC_REPRESENTATION_CONTEXT(2) 
PARAMETRIC_REPRESENTATION_CONTEXT() REPRESENTATION_CONTEXT('2D SPACE',''
  ) );
#8651 = PCURVE('',#8652,#8657);
#8652 = PLANE('',#8653);
#8653 = AXIS2_PLACEMENT_3D('',#8654,#8655,#8656);
#8654 = CARTESIAN_POINT('',(50.840005,-3.749995,7.65));
#8655 = DIRECTION('',(0.,0.,1.));
#8656 = DIRECTION('',(1.,0.,0.));
#8657 = DEFINITIONAL_REPRESENTATION('',(#8658),#8662);
#8658 = LINE('',#8659,#8660);
#8659 = CARTESIAN_POINT('',(0.,0.));
#8660 = VECTOR('',#8661,1.);
#8661 = DIRECTION('',(0.,1.));
#8662 = ( GEOMETRIC_REPRESENTATION_CONTEXT(2) 
PARAMETRIC_REPRESENTATION_CONTEXT() REPRESENTATION_CONTEXT('2D SPACE',''
  ) );
#8663 = ADVANCED_FACE('',(#8664),#8678,.T.);
#8664 = FACE_BOUND('',#8665,.T.);
#8665 = EDGE_LOOP('',(#8666,#8696,#8719,#8742));
#8666 = ORIENTED_EDGE('',*,*,#8667,.F.);
#8667 = EDGE_CURVE('',#8668,#8670,#8672,.T.);
#8668 = VERTEX_POINT('',#8669);
#8669 = CARTESIAN_POINT('',(71.160005,-3.749995,1.6));
#8670 = VERTEX_POINT('',#8671);
#8671 = CARTESIAN_POINT('',(71.160005,-3.749995,7.65));
#8672 = SURFACE_CURVE('',#8673,(#8677,#8689),.PCURVE_S1.);
#8673 = LINE('',#8674,#8675);
#8674 = CARTESIAN_POINT('',(71.160005,-3.749995,1.6));
#8675 = VECTOR('',#8676,1.);
#8676 = DIRECTION('',(0.,0.,1.));
#8677 = PCURVE('',#8678,#8683);
#8678 = PLANE('',#8679);
#8679 = AXIS2_PLACEMENT_3D('',#8680,#8681,#8682);
#8680 = CARTESIAN_POINT('',(71.160005,-3.749995,1.6));
#8681 = DIRECTION('',(1.,0.,0.));
#8682 = DIRECTION('',(0.,0.,1.));
#8683 = DEFINITIONAL_REPRESENTATION('',(#8684),#8688);
#8684 = LINE('',#8685,#8686);
#8685 = CARTESIAN_POINT('',(0.,0.));
#8686 = VECTOR('',#8687,1.);
#8687 = DIRECTION('',(1.,0.));
#8688 = ( GEOMETRIC_REPRESENTATION_CONTEXT(2) 
PARAMETRIC_REPRESENTATION_CONTEXT() REPRESENTATION_CONTEXT('2D SPACE',''
  ) );
#8689 = PCURVE('',#8570,#8690);
#8690 = DEFINITIONAL_REPRESENTATION('',(#8691),#8695);
#8691 = LINE('',#8692,#8693);
#8692 = CARTESIAN_POINT('',(0.,20.32));
#8693 = VECTOR('',#8694,1.);
#8694 = DIRECTION('',(1.,0.));
#8695 = ( GEOMETRIC_REPRESENTATION_CONTEXT(2) 
PARAMETRIC_REPRESENTATION_CONTEXT() REPRESENTATION_CONTEXT('2D SPACE',''
  ) );
#8696 = ORIENTED_EDGE('',*,*,#8697,.T.);
#8697 = EDGE_CURVE('',#8668,#8698,#8700,.T.);
#8698 = VERTEX_POINT('',#8699);
#8699 = CARTESIAN_POINT('',(71.160005,-1.249995,1.6));
#8700 = SURFACE_CURVE('',#8701,(#8705,#8712),.PCURVE_S1.);
#8701 = LINE('',#8702,#8703);
#8702 = CARTESIAN_POINT('',(71.160005,-3.749995,1.6));
#8703 = VECTOR('',#8704,1.);
#8704 = DIRECTION('',(0.,1.,0.));
#8705 = PCURVE('',#8678,#8706);
#8706 = DEFINITIONAL_REPRESENTATION('',(#8707),#8711);
#8707 = LINE('',#8708,#8709);
#8708 = CARTESIAN_POINT('',(0.,0.));
#8709 = VECTOR('',#8710,1.);
#8710 = DIRECTION('',(0.,-1.));
#8711 = ( GEOMETRIC_REPRESENTATION_CONTEXT(2) 
PARAMETRIC_REPRESENTATION_CONTEXT() REPRESENTATION_CONTEXT('2D SPACE',''
  ) );
#8712 = PCURVE('',#8598,#8713);
#8713 = DEFINITIONAL_REPRESENTATION('',(#8714),#8718);
#8714 = LINE('',#8715,#8716);
#8715 = CARTESIAN_POINT('',(20.32,0.));
#8716 = VECTOR('',#8717,1.);
#8717 = DIRECTION('',(0.,1.));
#8718 = ( GEOMETRIC_REPRESENTATION_CONTEXT(2) 
PARAMETRIC_REPRESENTATION_CONTEXT() REPRESENTATION_CONTEXT('2D SPACE',''
  ) );
#8719 = ORIENTED_EDGE('',*,*,#8720,.T.);
#8720 = EDGE_CURVE('',#8698,#8721,#8723,.T.);
#8721 = VERTEX_POINT('',#8722);
#8722 = CARTESIAN_POINT('',(71.160005,-1.249995,7.65));
#8723 = SURFACE_CURVE('',#8724,(#8728,#8735),.PCURVE_S1.);
#8724 = LINE('',#8725,#8726);
#8725 = CARTESIAN_POINT('',(71.160005,-1.249995,1.6));
#8726 = VECTOR('',#8727,1.);
#8727 = DIRECTION('',(0.,0.,1.));
#8728 = PCURVE('',#8678,#8729);
#8729 = DEFINITIONAL_REPRESENTATION('',(#8730),#8734);
#8730 = LINE('',#8731,#8732);
#8731 = CARTESIAN_POINT('',(0.,-2.5));
#8732 = VECTOR('',#8733,1.);
#8733 = DIRECTION('',(1.,0.));
#8734 = ( GEOMETRIC_REPRESENTATION_CONTEXT(2) 
PARAMETRIC_REPRESENTATION_CONTEXT() REPRESENTATION_CONTEXT('2D SPACE',''
  ) );
#8735 = PCURVE('',#8626,#8736);
#8736 = DEFINITIONAL_REPRESENTATION('',(#8737),#8741);
#8737 = LINE('',#8738,#8739);
#8738 = CARTESIAN_POINT('',(0.,20.32));
#8739 = VECTOR('',#8740,1.);
#8740 = DIRECTION('',(1.,0.));
#8741 = ( GEOMETRIC_REPRESENTATION_CONTEXT(2) 
PARAMETRIC_REPRESENTATION_CONTEXT() REPRESENTATION_CONTEXT('2D SPACE',''
  ) );
#8742 = ORIENTED_EDGE('',*,*,#8743,.F.);
#8743 = EDGE_CURVE('',#8670,#8721,#8744,.T.);
#8744 = SURFACE_CURVE('',#8745,(#8749,#8756),.PCURVE_S1.);
#8745 = LINE('',#8746,#8747);
#8746 = CARTESIAN_POINT('',(71.160005,-3.749995,7.65));
#8747 = VECTOR('',#8748,1.);
#8748 = DIRECTION('',(0.,1.,0.));
#8749 = PCURVE('',#8678,#8750);
#8750 = DEFINITIONAL_REPRESENTATION('',(#8751),#8755);
#8751 = LINE('',#8752,#8753);
#8752 = CARTESIAN_POINT('',(6.05,0.));
#8753 = VECTOR('',#8754,1.);
#8754 = DIRECTION('',(0.,-1.));
#8755 = ( GEOMETRIC_REPRESENTATION_CONTEXT(2) 
PARAMETRIC_REPRESENTATION_CONTEXT() REPRESENTATION_CONTEXT('2D SPACE',''
  ) );
#8756 = PCURVE('',#8652,#8757);
#8757 = DEFINITIONAL_REPRESENTATION('',(#8758),#8762);
#8758 = LINE('',#8759,#8760);
#8759 = CARTESIAN_POINT('',(20.32,0.));
#8760 = VECTOR('',#8761,1.);
#8761 = DIRECTION('',(0.,1.));
#8762 = ( GEOMETRIC_REPRESENTATION_CONTEXT(2) 
PARAMETRIC_REPRESENTATION_CONTEXT() REPRESENTATION_CONTEXT('2D SPACE',''
  ) );
#8763 = ADVANCED_FACE('',(#8764),#8570,.F.);
#8764 = FACE_BOUND('',#8765,.F.);
#8765 = EDGE_LOOP('',(#8766,#8787,#8788,#8809));
#8766 = ORIENTED_EDGE('',*,*,#8767,.F.);
#8767 = EDGE_CURVE('',#8548,#8668,#8768,.T.);
#8768 = SURFACE_CURVE('',#8769,(#8773,#8780),.PCURVE_S1.);
#8769 = LINE('',#8770,#8771);
#8770 = CARTESIAN_POINT('',(50.840005,-3.749995,1.6));
#8771 = VECTOR('',#8772,1.);
#8772 = DIRECTION('',(1.,0.,0.));
#8773 = PCURVE('',#8570,#8774);
#8774 = DEFINITIONAL_REPRESENTATION('',(#8775),#8779);
#8775 = LINE('',#8776,#8777);
#8776 = CARTESIAN_POINT('',(0.,0.));
#8777 = VECTOR('',#8778,1.);
#8778 = DIRECTION('',(0.,1.));
#8779 = ( GEOMETRIC_REPRESENTATION_CONTEXT(2) 
PARAMETRIC_REPRESENTATION_CONTEXT() REPRESENTATION_CONTEXT('2D SPACE',''
  ) );
#8780 = PCURVE('',#8598,#8781);
#8781 = DEFINITIONAL_REPRESENTATION('',(#8782),#8786);
#8782 = LINE('',#8783,#8784);
#8783 = CARTESIAN_POINT('',(0.,0.));
#8784 = VECTOR('',#8785,1.);
#8785 = DIRECTION('',(1.,0.));
#8786 = ( GEOMETRIC_REPRESENTATION_CONTEXT(2) 
PARAMETRIC_REPRESENTATION_CONTEXT() REPRESENTATION_CONTEXT('2D SPACE',''
  ) );
#8787 = ORIENTED_EDGE('',*,*,#8547,.T.);
#8788 = ORIENTED_EDGE('',*,*,#8789,.T.);
#8789 = EDGE_CURVE('',#8550,#8670,#8790,.T.);
#8790 = SURFACE_CURVE('',#8791,(#8795,#8802),.PCURVE_S1.);
#8791 = LINE('',#8792,#8793);
#8792 = CARTESIAN_POINT('',(50.840005,-3.749995,7.65));
#8793 = VECTOR('',#8794,1.);
#8794 = DIRECTION('',(1.,0.,0.));
#8795 = PCURVE('',#8570,#8796);
#8796 = DEFINITIONAL_REPRESENTATION('',(#8797),#8801);
#8797 = LINE('',#8798,#8799);
#8798 = CARTESIAN_POINT('',(6.05,0.));
#8799 = VECTOR('',#8800,1.);
#8800 = DIRECTION('',(0.,1.));
#8801 = ( GEOMETRIC_REPRESENTATION_CONTEXT(2) 
PARAMETRIC_REPRESENTATION_CONTEXT() REPRESENTATION_CONTEXT('2D SPACE',''
  ) );
#8802 = PCURVE('',#8652,#8803);
#8803 = DEFINITIONAL_REPRESENTATION('',(#8804),#8808);
#8804 = LINE('',#8805,#8806);
#8805 = CARTESIAN_POINT('',(0.,0.));
#8806 = VECTOR('',#8807,1.);
#8807 = DIRECTION('',(1.,0.));
#8808 = ( GEOMETRIC_REPRESENTATION_CONTEXT(2) 
PARAMETRIC_REPRESENTATION_CONTEXT() REPRESENTATION_CONTEXT('2D SPACE',''
  ) );
#8809 = ORIENTED_EDGE('',*,*,#8667,.F.);
#8810 = ADVANCED_FACE('',(#8811),#8626,.T.);
#8811 = FACE_BOUND('',#8812,.T.);
#8812 = EDGE_LOOP('',(#8813,#8834,#8835,#8856));
#8813 = ORIENTED_EDGE('',*,*,#8814,.F.);
#8814 = EDGE_CURVE('',#8583,#8698,#8815,.T.);
#8815 = SURFACE_CURVE('',#8816,(#8820,#8827),.PCURVE_S1.);
#8816 = LINE('',#8817,#8818);
#8817 = CARTESIAN_POINT('',(50.840005,-1.249995,1.6));
#8818 = VECTOR('',#8819,1.);
#8819 = DIRECTION('',(1.,0.,0.));
#8820 = PCURVE('',#8626,#8821);
#8821 = DEFINITIONAL_REPRESENTATION('',(#8822),#8826);
#8822 = LINE('',#8823,#8824);
#8823 = CARTESIAN_POINT('',(0.,0.));
#8824 = VECTOR('',#8825,1.);
#8825 = DIRECTION('',(0.,1.));
#8826 = ( GEOMETRIC_REPRESENTATION_CONTEXT(2) 
PARAMETRIC_REPRESENTATION_CONTEXT() REPRESENTATION_CONTEXT('2D SPACE',''
  ) );
#8827 = PCURVE('',#8598,#8828);
#8828 = DEFINITIONAL_REPRESENTATION('',(#8829),#8833);
#8829 = LINE('',#8830,#8831);
#8830 = CARTESIAN_POINT('',(0.,2.5));
#8831 = VECTOR('',#8832,1.);
#8832 = DIRECTION('',(1.,0.));
#8833 = ( GEOMETRIC_REPRESENTATION_CONTEXT(2) 
PARAMETRIC_REPRESENTATION_CONTEXT() REPRESENTATION_CONTEXT('2D SPACE',''
  ) );
#8834 = ORIENTED_EDGE('',*,*,#8610,.T.);
#8835 = ORIENTED_EDGE('',*,*,#8836,.T.);
#8836 = EDGE_CURVE('',#8611,#8721,#8837,.T.);
#8837 = SURFACE_CURVE('',#8838,(#8842,#8849),.PCURVE_S1.);
#8838 = LINE('',#8839,#8840);
#8839 = CARTESIAN_POINT('',(50.840005,-1.249995,7.65));
#8840 = VECTOR('',#8841,1.);
#8841 = DIRECTION('',(1.,0.,0.));
#8842 = PCURVE('',#8626,#8843);
#8843 = DEFINITIONAL_REPRESENTATION('',(#8844),#8848);
#8844 = LINE('',#8845,#8846);
#8845 = CARTESIAN_POINT('',(6.05,0.));
#8846 = VECTOR('',#8847,1.);
#8847 = DIRECTION('',(0.,1.));
#8848 = ( GEOMETRIC_REPRESENTATION_CONTEXT(2) 
PARAMETRIC_REPRESENTATION_CONTEXT() REPRESENTATION_CONTEXT('2D SPACE',''
  ) );
#8849 = PCURVE('',#8652,#8850);
#8850 = DEFINITIONAL_REPRESENTATION('',(#8851),#8855);
#8851 = LINE('',#8852,#8853);
#8852 = CARTESIAN_POINT('',(0.,2.5));
#8853 = VECTOR('',#8854,1.);
#8854 = DIRECTION('',(1.,0.));
#8855 = ( GEOMETRIC_REPRESENTATION_CONTEXT(2) 
PARAMETRIC_REPRESENTATION_CONTEXT() REPRESENTATION_CONTEXT('2D SPACE',''
  ) );
#8856 = ORIENTED_EDGE('',*,*,#8720,.F.);
#8857 = ADVANCED_FACE('',(#8858),#8598,.F.);
#8858 = FACE_BOUND('',#8859,.F.);
#8859 = EDGE_LOOP('',(#8860,#8861,#8862,#8863));
#8860 = ORIENTED_EDGE('',*,*,#8582,.F.);
#8861 = ORIENTED_EDGE('',*,*,#8767,.T.);
#8862 = ORIENTED_EDGE('',*,*,#8697,.T.);
#8863 = ORIENTED_EDGE('',*,*,#8814,.F.);
#8864 = ADVANCED_FACE('',(#8865),#8652,.T.);
#8865 = FACE_BOUND('',#8866,.T.);
#8866 = EDGE_LOOP('',(#8867,#8868,#8869,#8870));
#8867 = ORIENTED_EDGE('',*,*,#8638,.F.);
#8868 = ORIENTED_EDGE('',*,*,#8789,.T.);
#8869 = ORIENTED_EDGE('',*,*,#8743,.T.);
#8870 = ORIENTED_EDGE('',*,*,#8836,.F.);
#8871 = ( GEOMETRIC_REPRESENTATION_CONTEXT(3) 
GLOBAL_UNCERTAINTY_ASSIGNED_CONTEXT((#8875)) 
GLOBAL_UNIT_ASSIGNED_CONTEXT((#8872,#8873,#8874)) REPRESENTATION_CONTEXT
('Context #1','3D Context with UNIT and UNCERTAINTY') );
#8872 = ( LENGTH_UNIT() NAMED_UNIT(*) SI_UNIT(.MILLI.,.METRE.) );
#8873 = ( NAMED_UNIT(*) PLANE_ANGLE_UNIT() SI_UNIT($,.RADIAN.) );
#8874 = ( NAMED_UNIT(*) SI_UNIT($,.STERADIAN.) SOLID_ANGLE_UNIT() );
#8875 = UNCERTAINTY_MEASURE_WITH_UNIT(LENGTH_MEASURE(1.E-07),#8872,
  'distance_accuracy_value','confusion accuracy');
#8876 = CONTEXT_DEPENDENT_SHAPE_REPRESENTATION(#8877,#8879);
#8877 = ( REPRESENTATION_RELATIONSHIP('','',#8540,#10) 
REPRESENTATION_RELATIONSHIP_WITH_TRANSFORMATION(#8878) 
SHAPE_REPRESENTATION_RELATIONSHIP() );
#8878 = ITEM_DEFINED_TRANSFORMATION('','',#11,#31);
#8879 = PRODUCT_DEFINITION_SHAPE('Placement','Placement of an item',
  #8880);
#8880 = NEXT_ASSEMBLY_USAGE_OCCURRENCE('20','','',#5,#8535,$);
#8881 = PRODUCT_RELATED_PRODUCT_CATEGORY('part',$,(#8537));
#8882 = SHAPE_DEFINITION_REPRESENTATION(#8883,#8889);
#8883 = PRODUCT_DEFINITION_SHAPE('','',#8884);
#8884 = PRODUCT_DEFINITION('design','',#8885,#8888);
#8885 = PRODUCT_DEFINITION_FORMATION('','',#8886);
#8886 = PRODUCT('Open CASCADE STEP translator 7.9 5.6',
  'Open CASCADE STEP translator 7.9 5.6','',(#8887));
#8887 = PRODUCT_CONTEXT('',#2,'mechanical');
#8888 = PRODUCT_DEFINITION_CONTEXT('part definition',#2,'design');
#8889 = ADVANCED_BREP_SHAPE_REPRESENTATION('',(#11,#8890),#9220);
#8890 = MANIFOLD_SOLID_BREP('',#8891);
#8891 = CLOSED_SHELL('',(#8892,#9012,#9112,#9159,#9206,#9213));
#8892 = ADVANCED_FACE('',(#8893),#8907,.F.);
#8893 = FACE_BOUND('',#8894,.F.);
#8894 = EDGE_LOOP('',(#8895,#8930,#8958,#8986));
#8895 = ORIENTED_EDGE('',*,*,#8896,.F.);
#8896 = EDGE_CURVE('',#8897,#8899,#8901,.T.);
#8897 = VERTEX_POINT('',#8898);
#8898 = CARTESIAN_POINT('',(9.6349954,-19.9999974,1.6));
#8899 = VERTEX_POINT('',#8900);
#8900 = CARTESIAN_POINT('',(9.6349954,-19.9999974,8.1));
#8901 = SURFACE_CURVE('',#8902,(#8906,#8918),.PCURVE_S1.);
#8902 = LINE('',#8903,#8904);
#8903 = CARTESIAN_POINT('',(9.6349954,-19.9999974,1.6));
#8904 = VECTOR('',#8905,1.);
#8905 = DIRECTION('',(0.,0.,1.));
#8906 = PCURVE('',#8907,#8912);
#8907 = PLANE('',#8908);
#8908 = AXIS2_PLACEMENT_3D('',#8909,#8910,#8911);
#8909 = CARTESIAN_POINT('',(9.6349954,-19.9999974,1.6));
#8910 = DIRECTION('',(1.,0.,0.));
#8911 = DIRECTION('',(0.,0.,1.));
#8912 = DEFINITIONAL_REPRESENTATION('',(#8913),#8917);
#8913 = LINE('',#8914,#8915);
#8914 = CARTESIAN_POINT('',(0.,0.));
#8915 = VECTOR('',#8916,1.);
#8916 = DIRECTION('',(1.,0.));
#8917 = ( GEOMETRIC_REPRESENTATION_CONTEXT(2) 
PARAMETRIC_REPRESENTATION_CONTEXT() REPRESENTATION_CONTEXT('2D SPACE',''
  ) );
#8918 = PCURVE('',#8919,#8924);
#8919 = PLANE('',#8920);
#8920 = AXIS2_PLACEMENT_3D('',#8921,#8922,#8923);
#8921 = CARTESIAN_POINT('',(9.6349954,-19.9999974,1.6));
#8922 = DIRECTION('',(0.,1.,0.));
#8923 = DIRECTION('',(0.,0.,1.));
#8924 = DEFINITIONAL_REPRESENTATION('',(#8925),#8929);
#8925 = LINE('',#8926,#8927);
#8926 = CARTESIAN_POINT('',(0.,0.));
#8927 = VECTOR('',#8928,1.);
#8928 = DIRECTION('',(1.,0.));
#8929 = ( GEOMETRIC_REPRESENTATION_CONTEXT(2) 
PARAMETRIC_REPRESENTATION_CONTEXT() REPRESENTATION_CONTEXT('2D SPACE',''
  ) );
#8930 = ORIENTED_EDGE('',*,*,#8931,.T.);
#8931 = EDGE_CURVE('',#8897,#8932,#8934,.T.);
#8932 = VERTEX_POINT('',#8933);
#8933 = CARTESIAN_POINT('',(9.6349954,-7.9999974,1.6));
#8934 = SURFACE_CURVE('',#8935,(#8939,#8946),.PCURVE_S1.);
#8935 = LINE('',#8936,#8937);
#8936 = CARTESIAN_POINT('',(9.6349954,-19.9999974,1.6));
#8937 = VECTOR('',#8938,1.);
#8938 = DIRECTION('',(0.,1.,0.));
#8939 = PCURVE('',#8907,#8940);
#8940 = DEFINITIONAL_REPRESENTATION('',(#8941),#8945);
#8941 = LINE('',#8942,#8943);
#8942 = CARTESIAN_POINT('',(0.,0.));
#8943 = VECTOR('',#8944,1.);
#8944 = DIRECTION('',(0.,-1.));
#8945 = ( GEOMETRIC_REPRESENTATION_CONTEXT(2) 
PARAMETRIC_REPRESENTATION_CONTEXT() REPRESENTATION_CONTEXT('2D SPACE',''
  ) );
#8946 = PCURVE('',#8947,#8952);
#8947 = PLANE('',#8948);
#8948 = AXIS2_PLACEMENT_3D('',#8949,#8950,#8951);
#8949 = CARTESIAN_POINT('',(9.6349954,-19.9999974,1.6));
#8950 = DIRECTION('',(0.,0.,1.));
#8951 = DIRECTION('',(1.,0.,0.));
#8952 = DEFINITIONAL_REPRESENTATION('',(#8953),#8957);
#8953 = LINE('',#8954,#8955);
#8954 = CARTESIAN_POINT('',(0.,0.));
#8955 = VECTOR('',#8956,1.);
#8956 = DIRECTION('',(0.,1.));
#8957 = ( GEOMETRIC_REPRESENTATION_CONTEXT(2) 
PARAMETRIC_REPRESENTATION_CONTEXT() REPRESENTATION_CONTEXT('2D SPACE',''
  ) );
#8958 = ORIENTED_EDGE('',*,*,#8959,.T.);
#8959 = EDGE_CURVE('',#8932,#8960,#8962,.T.);
#8960 = VERTEX_POINT('',#8961);
#8961 = CARTESIAN_POINT('',(9.6349954,-7.9999974,8.1));
#8962 = SURFACE_CURVE('',#8963,(#8967,#8974),.PCURVE_S1.);
#8963 = LINE('',#8964,#8965);
#8964 = CARTESIAN_POINT('',(9.6349954,-7.9999974,1.6));
#8965 = VECTOR('',#8966,1.);
#8966 = DIRECTION('',(0.,0.,1.));
#8967 = PCURVE('',#8907,#8968);
#8968 = DEFINITIONAL_REPRESENTATION('',(#8969),#8973);
#8969 = LINE('',#8970,#8971);
#8970 = CARTESIAN_POINT('',(0.,-12.));
#8971 = VECTOR('',#8972,1.);
#8972 = DIRECTION('',(1.,0.));
#8973 = ( GEOMETRIC_REPRESENTATION_CONTEXT(2) 
PARAMETRIC_REPRESENTATION_CONTEXT() REPRESENTATION_CONTEXT('2D SPACE',''
  ) );
#8974 = PCURVE('',#8975,#8980);
#8975 = PLANE('',#8976);
#8976 = AXIS2_PLACEMENT_3D('',#8977,#8978,#8979);
#8977 = CARTESIAN_POINT('',(9.6349954,-7.9999974,1.6));
#8978 = DIRECTION('',(0.,1.,0.));
#8979 = DIRECTION('',(0.,0.,1.));
#8980 = DEFINITIONAL_REPRESENTATION('',(#8981),#8985);
#8981 = LINE('',#8982,#8983);
#8982 = CARTESIAN_POINT('',(0.,0.));
#8983 = VECTOR('',#8984,1.);
#8984 = DIRECTION('',(1.,0.));
#8985 = ( GEOMETRIC_REPRESENTATION_CONTEXT(2) 
PARAMETRIC_REPRESENTATION_CONTEXT() REPRESENTATION_CONTEXT('2D SPACE',''
  ) );
#8986 = ORIENTED_EDGE('',*,*,#8987,.F.);
#8987 = EDGE_CURVE('',#8899,#8960,#8988,.T.);
#8988 = SURFACE_CURVE('',#8989,(#8993,#9000),.PCURVE_S1.);
#8989 = LINE('',#8990,#8991);
#8990 = CARTESIAN_POINT('',(9.6349954,-19.9999974,8.1));
#8991 = VECTOR('',#8992,1.);
#8992 = DIRECTION('',(0.,1.,0.));
#8993 = PCURVE('',#8907,#8994);
#8994 = DEFINITIONAL_REPRESENTATION('',(#8995),#8999);
#8995 = LINE('',#8996,#8997);
#8996 = CARTESIAN_POINT('',(6.5,0.));
#8997 = VECTOR('',#8998,1.);
#8998 = DIRECTION('',(0.,-1.));
#8999 = ( GEOMETRIC_REPRESENTATION_CONTEXT(2) 
PARAMETRIC_REPRESENTATION_CONTEXT() REPRESENTATION_CONTEXT('2D SPACE',''
  ) );
#9000 = PCURVE('',#9001,#9006);
#9001 = PLANE('',#9002);
#9002 = AXIS2_PLACEMENT_3D('',#9003,#9004,#9005);
#9003 = CARTESIAN_POINT('',(9.6349954,-19.9999974,8.1));
#9004 = DIRECTION('',(0.,0.,1.));
#9005 = DIRECTION('',(1.,0.,0.));
#9006 = DEFINITIONAL_REPRESENTATION('',(#9007),#9011);
#9007 = LINE('',#9008,#9009);
#9008 = CARTESIAN_POINT('',(0.,0.));
#9009 = VECTOR('',#9010,1.);
#9010 = DIRECTION('',(0.,1.));
#9011 = ( GEOMETRIC_REPRESENTATION_CONTEXT(2) 
PARAMETRIC_REPRESENTATION_CONTEXT() REPRESENTATION_CONTEXT('2D SPACE',''
  ) );
#9012 = ADVANCED_FACE('',(#9013),#9027,.T.);
#9013 = FACE_BOUND('',#9014,.T.);
#9014 = EDGE_LOOP('',(#9015,#9045,#9068,#9091));
#9015 = ORIENTED_EDGE('',*,*,#9016,.F.);
#9016 = EDGE_CURVE('',#9017,#9019,#9021,.T.);
#9017 = VERTEX_POINT('',#9018);
#9018 = CARTESIAN_POINT('',(21.6349954,-19.9999974,1.6));
#9019 = VERTEX_POINT('',#9020);
#9020 = CARTESIAN_POINT('',(21.6349954,-19.9999974,8.1));
#9021 = SURFACE_CURVE('',#9022,(#9026,#9038),.PCURVE_S1.);
#9022 = LINE('',#9023,#9024);
#9023 = CARTESIAN_POINT('',(21.6349954,-19.9999974,1.6));
#9024 = VECTOR('',#9025,1.);
#9025 = DIRECTION('',(0.,0.,1.));
#9026 = PCURVE('',#9027,#9032);
#9027 = PLANE('',#9028);
#9028 = AXIS2_PLACEMENT_3D('',#9029,#9030,#9031);
#9029 = CARTESIAN_POINT('',(21.6349954,-19.9999974,1.6));
#9030 = DIRECTION('',(1.,0.,0.));
#9031 = DIRECTION('',(0.,0.,1.));
#9032 = DEFINITIONAL_REPRESENTATION('',(#9033),#9037);
#9033 = LINE('',#9034,#9035);
#9034 = CARTESIAN_POINT('',(0.,0.));
#9035 = VECTOR('',#9036,1.);
#9036 = DIRECTION('',(1.,0.));
#9037 = ( GEOMETRIC_REPRESENTATION_CONTEXT(2) 
PARAMETRIC_REPRESENTATION_CONTEXT() REPRESENTATION_CONTEXT('2D SPACE',''
  ) );
#9038 = PCURVE('',#8919,#9039);
#9039 = DEFINITIONAL_REPRESENTATION('',(#9040),#9044);
#9040 = LINE('',#9041,#9042);
#9041 = CARTESIAN_POINT('',(0.,12.));
#9042 = VECTOR('',#9043,1.);
#9043 = DIRECTION('',(1.,0.));
#9044 = ( GEOMETRIC_REPRESENTATION_CONTEXT(2) 
PARAMETRIC_REPRESENTATION_CONTEXT() REPRESENTATION_CONTEXT('2D SPACE',''
  ) );
#9045 = ORIENTED_EDGE('',*,*,#9046,.T.);
#9046 = EDGE_CURVE('',#9017,#9047,#9049,.T.);
#9047 = VERTEX_POINT('',#9048);
#9048 = CARTESIAN_POINT('',(21.6349954,-7.9999974,1.6));
#9049 = SURFACE_CURVE('',#9050,(#9054,#9061),.PCURVE_S1.);
#9050 = LINE('',#9051,#9052);
#9051 = CARTESIAN_POINT('',(21.6349954,-19.9999974,1.6));
#9052 = VECTOR('',#9053,1.);
#9053 = DIRECTION('',(0.,1.,0.));
#9054 = PCURVE('',#9027,#9055);
#9055 = DEFINITIONAL_REPRESENTATION('',(#9056),#9060);
#9056 = LINE('',#9057,#9058);
#9057 = CARTESIAN_POINT('',(0.,0.));
#9058 = VECTOR('',#9059,1.);
#9059 = DIRECTION('',(0.,-1.));
#9060 = ( GEOMETRIC_REPRESENTATION_CONTEXT(2) 
PARAMETRIC_REPRESENTATION_CONTEXT() REPRESENTATION_CONTEXT('2D SPACE',''
  ) );
#9061 = PCURVE('',#8947,#9062);
#9062 = DEFINITIONAL_REPRESENTATION('',(#9063),#9067);
#9063 = LINE('',#9064,#9065);
#9064 = CARTESIAN_POINT('',(12.,0.));
#9065 = VECTOR('',#9066,1.);
#9066 = DIRECTION('',(0.,1.));
#9067 = ( GEOMETRIC_REPRESENTATION_CONTEXT(2) 
PARAMETRIC_REPRESENTATION_CONTEXT() REPRESENTATION_CONTEXT('2D SPACE',''
  ) );
#9068 = ORIENTED_EDGE('',*,*,#9069,.T.);
#9069 = EDGE_CURVE('',#9047,#9070,#9072,.T.);
#9070 = VERTEX_POINT('',#9071);
#9071 = CARTESIAN_POINT('',(21.6349954,-7.9999974,8.1));
#9072 = SURFACE_CURVE('',#9073,(#9077,#9084),.PCURVE_S1.);
#9073 = LINE('',#9074,#9075);
#9074 = CARTESIAN_POINT('',(21.6349954,-7.9999974,1.6));
#9075 = VECTOR('',#9076,1.);
#9076 = DIRECTION('',(0.,0.,1.));
#9077 = PCURVE('',#9027,#9078);
#9078 = DEFINITIONAL_REPRESENTATION('',(#9079),#9083);
#9079 = LINE('',#9080,#9081);
#9080 = CARTESIAN_POINT('',(0.,-12.));
#9081 = VECTOR('',#9082,1.);
#9082 = DIRECTION('',(1.,0.));
#9083 = ( GEOMETRIC_REPRESENTATION_CONTEXT(2) 
PARAMETRIC_REPRESENTATION_CONTEXT() REPRESENTATION_CONTEXT('2D SPACE',''
  ) );
#9084 = PCURVE('',#8975,#9085);
#9085 = DEFINITIONAL_REPRESENTATION('',(#9086),#9090);
#9086 = LINE('',#9087,#9088);
#9087 = CARTESIAN_POINT('',(0.,12.));
#9088 = VECTOR('',#9089,1.);
#9089 = DIRECTION('',(1.,0.));
#9090 = ( GEOMETRIC_REPRESENTATION_CONTEXT(2) 
PARAMETRIC_REPRESENTATION_CONTEXT() REPRESENTATION_CONTEXT('2D SPACE',''
  ) );
#9091 = ORIENTED_EDGE('',*,*,#9092,.F.);
#9092 = EDGE_CURVE('',#9019,#9070,#9093,.T.);
#9093 = SURFACE_CURVE('',#9094,(#9098,#9105),.PCURVE_S1.);
#9094 = LINE('',#9095,#9096);
#9095 = CARTESIAN_POINT('',(21.6349954,-19.9999974,8.1));
#9096 = VECTOR('',#9097,1.);
#9097 = DIRECTION('',(0.,1.,0.));
#9098 = PCURVE('',#9027,#9099);
#9099 = DEFINITIONAL_REPRESENTATION('',(#9100),#9104);
#9100 = LINE('',#9101,#9102);
#9101 = CARTESIAN_POINT('',(6.5,0.));
#9102 = VECTOR('',#9103,1.);
#9103 = DIRECTION('',(0.,-1.));
#9104 = ( GEOMETRIC_REPRESENTATION_CONTEXT(2) 
PARAMETRIC_REPRESENTATION_CONTEXT() REPRESENTATION_CONTEXT('2D SPACE',''
  ) );
#9105 = PCURVE('',#9001,#9106);
#9106 = DEFINITIONAL_REPRESENTATION('',(#9107),#9111);
#9107 = LINE('',#9108,#9109);
#9108 = CARTESIAN_POINT('',(12.,0.));
#9109 = VECTOR('',#9110,1.);
#9110 = DIRECTION('',(0.,1.));
#9111 = ( GEOMETRIC_REPRESENTATION_CONTEXT(2) 
PARAMETRIC_REPRESENTATION_CONTEXT() REPRESENTATION_CONTEXT('2D SPACE',''
  ) );
#9112 = ADVANCED_FACE('',(#9113),#8919,.F.);
#9113 = FACE_BOUND('',#9114,.F.);
#9114 = EDGE_LOOP('',(#9115,#9136,#9137,#9158));
#9115 = ORIENTED_EDGE('',*,*,#9116,.F.);
#9116 = EDGE_CURVE('',#8897,#9017,#9117,.T.);
#9117 = SURFACE_CURVE('',#9118,(#9122,#9129),.PCURVE_S1.);
#9118 = LINE('',#9119,#9120);
#9119 = CARTESIAN_POINT('',(9.6349954,-19.9999974,1.6));
#9120 = VECTOR('',#9121,1.);
#9121 = DIRECTION('',(1.,0.,0.));
#9122 = PCURVE('',#8919,#9123);
#9123 = DEFINITIONAL_REPRESENTATION('',(#9124),#9128);
#9124 = LINE('',#9125,#9126);
#9125 = CARTESIAN_POINT('',(0.,0.));
#9126 = VECTOR('',#9127,1.);
#9127 = DIRECTION('',(0.,1.));
#9128 = ( GEOMETRIC_REPRESENTATION_CONTEXT(2) 
PARAMETRIC_REPRESENTATION_CONTEXT() REPRESENTATION_CONTEXT('2D SPACE',''
  ) );
#9129 = PCURVE('',#8947,#9130);
#9130 = DEFINITIONAL_REPRESENTATION('',(#9131),#9135);
#9131 = LINE('',#9132,#9133);
#9132 = CARTESIAN_POINT('',(0.,0.));
#9133 = VECTOR('',#9134,1.);
#9134 = DIRECTION('',(1.,0.));
#9135 = ( GEOMETRIC_REPRESENTATION_CONTEXT(2) 
PARAMETRIC_REPRESENTATION_CONTEXT() REPRESENTATION_CONTEXT('2D SPACE',''
  ) );
#9136 = ORIENTED_EDGE('',*,*,#8896,.T.);
#9137 = ORIENTED_EDGE('',*,*,#9138,.T.);
#9138 = EDGE_CURVE('',#8899,#9019,#9139,.T.);
#9139 = SURFACE_CURVE('',#9140,(#9144,#9151),.PCURVE_S1.);
#9140 = LINE('',#9141,#9142);
#9141 = CARTESIAN_POINT('',(9.6349954,-19.9999974,8.1));
#9142 = VECTOR('',#9143,1.);
#9143 = DIRECTION('',(1.,0.,0.));
#9144 = PCURVE('',#8919,#9145);
#9145 = DEFINITIONAL_REPRESENTATION('',(#9146),#9150);
#9146 = LINE('',#9147,#9148);
#9147 = CARTESIAN_POINT('',(6.5,0.));
#9148 = VECTOR('',#9149,1.);
#9149 = DIRECTION('',(0.,1.));
#9150 = ( GEOMETRIC_REPRESENTATION_CONTEXT(2) 
PARAMETRIC_REPRESENTATION_CONTEXT() REPRESENTATION_CONTEXT('2D SPACE',''
  ) );
#9151 = PCURVE('',#9001,#9152);
#9152 = DEFINITIONAL_REPRESENTATION('',(#9153),#9157);
#9153 = LINE('',#9154,#9155);
#9154 = CARTESIAN_POINT('',(0.,0.));
#9155 = VECTOR('',#9156,1.);
#9156 = DIRECTION('',(1.,0.));
#9157 = ( GEOMETRIC_REPRESENTATION_CONTEXT(2) 
PARAMETRIC_REPRESENTATION_CONTEXT() REPRESENTATION_CONTEXT('2D SPACE',''
  ) );
#9158 = ORIENTED_EDGE('',*,*,#9016,.F.);
#9159 = ADVANCED_FACE('',(#9160),#8975,.T.);
#9160 = FACE_BOUND('',#9161,.T.);
#9161 = EDGE_LOOP('',(#9162,#9183,#9184,#9205));
#9162 = ORIENTED_EDGE('',*,*,#9163,.F.);
#9163 = EDGE_CURVE('',#8932,#9047,#9164,.T.);
#9164 = SURFACE_CURVE('',#9165,(#9169,#9176),.PCURVE_S1.);
#9165 = LINE('',#9166,#9167);
#9166 = CARTESIAN_POINT('',(9.6349954,-7.9999974,1.6));
#9167 = VECTOR('',#9168,1.);
#9168 = DIRECTION('',(1.,0.,0.));
#9169 = PCURVE('',#8975,#9170);
#9170 = DEFINITIONAL_REPRESENTATION('',(#9171),#9175);
#9171 = LINE('',#9172,#9173);
#9172 = CARTESIAN_POINT('',(0.,0.));
#9173 = VECTOR('',#9174,1.);
#9174 = DIRECTION('',(0.,1.));
#9175 = ( GEOMETRIC_REPRESENTATION_CONTEXT(2) 
PARAMETRIC_REPRESENTATION_CONTEXT() REPRESENTATION_CONTEXT('2D SPACE',''
  ) );
#9176 = PCURVE('',#8947,#9177);
#9177 = DEFINITIONAL_REPRESENTATION('',(#9178),#9182);
#9178 = LINE('',#9179,#9180);
#9179 = CARTESIAN_POINT('',(0.,12.));
#9180 = VECTOR('',#9181,1.);
#9181 = DIRECTION('',(1.,0.));
#9182 = ( GEOMETRIC_REPRESENTATION_CONTEXT(2) 
PARAMETRIC_REPRESENTATION_CONTEXT() REPRESENTATION_CONTEXT('2D SPACE',''
  ) );
#9183 = ORIENTED_EDGE('',*,*,#8959,.T.);
#9184 = ORIENTED_EDGE('',*,*,#9185,.T.);
#9185 = EDGE_CURVE('',#8960,#9070,#9186,.T.);
#9186 = SURFACE_CURVE('',#9187,(#9191,#9198),.PCURVE_S1.);
#9187 = LINE('',#9188,#9189);
#9188 = CARTESIAN_POINT('',(9.6349954,-7.9999974,8.1));
#9189 = VECTOR('',#9190,1.);
#9190 = DIRECTION('',(1.,0.,0.));
#9191 = PCURVE('',#8975,#9192);
#9192 = DEFINITIONAL_REPRESENTATION('',(#9193),#9197);
#9193 = LINE('',#9194,#9195);
#9194 = CARTESIAN_POINT('',(6.5,0.));
#9195 = VECTOR('',#9196,1.);
#9196 = DIRECTION('',(0.,1.));
#9197 = ( GEOMETRIC_REPRESENTATION_CONTEXT(2) 
PARAMETRIC_REPRESENTATION_CONTEXT() REPRESENTATION_CONTEXT('2D SPACE',''
  ) );
#9198 = PCURVE('',#9001,#9199);
#9199 = DEFINITIONAL_REPRESENTATION('',(#9200),#9204);
#9200 = LINE('',#9201,#9202);
#9201 = CARTESIAN_POINT('',(0.,12.));
#9202 = VECTOR('',#9203,1.);
#9203 = DIRECTION('',(1.,0.));
#9204 = ( GEOMETRIC_REPRESENTATION_CONTEXT(2) 
PARAMETRIC_REPRESENTATION_CONTEXT() REPRESENTATION_CONTEXT('2D SPACE',''
  ) );
#9205 = ORIENTED_EDGE('',*,*,#9069,.F.);
#9206 = ADVANCED_FACE('',(#9207),#8947,.F.);
#9207 = FACE_BOUND('',#9208,.F.);
#9208 = EDGE_LOOP('',(#9209,#9210,#9211,#9212));
#9209 = ORIENTED_EDGE('',*,*,#8931,.F.);
#9210 = ORIENTED_EDGE('',*,*,#9116,.T.);
#9211 = ORIENTED_EDGE('',*,*,#9046,.T.);
#9212 = ORIENTED_EDGE('',*,*,#9163,.F.);
#9213 = ADVANCED_FACE('',(#9214),#9001,.T.);
#9214 = FACE_BOUND('',#9215,.T.);
#9215 = EDGE_LOOP('',(#9216,#9217,#9218,#9219));
#9216 = ORIENTED_EDGE('',*,*,#8987,.F.);
#9217 = ORIENTED_EDGE('',*,*,#9138,.T.);
#9218 = ORIENTED_EDGE('',*,*,#9092,.T.);
#9219 = ORIENTED_EDGE('',*,*,#9185,.F.);
#9220 = ( GEOMETRIC_REPRESENTATION_CONTEXT(3) 
GLOBAL_UNCERTAINTY_ASSIGNED_CONTEXT((#9224)) 
GLOBAL_UNIT_ASSIGNED_CONTEXT((#9221,#9222,#9223)) REPRESENTATION_CONTEXT
('Context #1','3D Context with UNIT and UNCERTAINTY') );
#9221 = ( LENGTH_UNIT() NAMED_UNIT(*) SI_UNIT(.MILLI.,.METRE.) );
#9222 = ( NAMED_UNIT(*) PLANE_ANGLE_UNIT() SI_UNIT($,.RADIAN.) );
#9223 = ( NAMED_UNIT(*) SI_UNIT($,.STERADIAN.) SOLID_ANGLE_UNIT() );
#9224 = UNCERTAINTY_MEASURE_WITH_UNIT(LENGTH_MEASURE(1.E-07),#9221,
  'distance_accuracy_value','confusion accuracy');
#9225 = CONTEXT_DEPENDENT_SHAPE_REPRESENTATION(#9226,#9228);
#9226 = ( REPRESENTATION_RELATIONSHIP('','',#8889,#10) 
REPRESENTATION_RELATIONSHIP_WITH_TRANSFORMATION(#9227) 
SHAPE_REPRESENTATION_RELATIONSHIP() );
#9227 = ITEM_DEFINED_TRANSFORMATION('','',#11,#35);
#9228 = PRODUCT_DEFINITION_SHAPE('Placement','Placement of an item',
  #9229);
#9229 = NEXT_ASSEMBLY_USAGE_OCCURRENCE('21','','',#5,#8884,$);
#9230 = PRODUCT_RELATED_PRODUCT_CATEGORY('part',$,(#8886));
#9231 = SHAPE_DEFINITION_REPRESENTATION(#9232,#9238);
#9232 = PRODUCT_DEFINITION_SHAPE('','',#9233);
#9233 = PRODUCT_DEFINITION('design','',#9234,#9237);
#9234 = PRODUCT_DEFINITION_FORMATION('','',#9235);
#9235 = PRODUCT('Open CASCADE STEP translator 7.9 5.7',
  'Open CASCADE STEP translator 7.9 5.7','',(#9236));
#9236 = PRODUCT_CONTEXT('',#2,'mechanical');
#9237 = PRODUCT_DEFINITION_CONTEXT('part definition',#2,'design');
#9238 = ADVANCED_BREP_SHAPE_REPRESENTATION('',(#11,#9239),#9337);
#9239 = MANIFOLD_SOLID_BREP('',#9240);
#9240 = CLOSED_SHELL('',(#9241,#9329,#9333));
#9241 = ADVANCED_FACE('',(#9242),#9256,.T.);
#9242 = FACE_BOUND('',#9243,.F.);
#9243 = EDGE_LOOP('',(#9244,#9274,#9301,#9302));
#9244 = ORIENTED_EDGE('',*,*,#9245,.T.);
#9245 = EDGE_CURVE('',#9246,#9248,#9250,.T.);
#9246 = VERTEX_POINT('',#9247);
#9247 = CARTESIAN_POINT('',(18.6349954,-13.9999974,8.05));
#9248 = VERTEX_POINT('',#9249);
#9249 = CARTESIAN_POINT('',(18.6349954,-13.9999974,21.6));
#9250 = SEAM_CURVE('',#9251,(#9255,#9267),.PCURVE_S1.);
#9251 = LINE('',#9252,#9253);
#9252 = CARTESIAN_POINT('',(18.6349954,-13.9999974,8.05));
#9253 = VECTOR('',#9254,1.);
#9254 = DIRECTION('',(0.,0.,1.));
#9255 = PCURVE('',#9256,#9261);
#9256 = CYLINDRICAL_SURFACE('',#9257,3.);
#9257 = AXIS2_PLACEMENT_3D('',#9258,#9259,#9260);
#9258 = CARTESIAN_POINT('',(15.6349954,-13.9999974,8.05));
#9259 = DIRECTION('',(-0.,-0.,-1.));
#9260 = DIRECTION('',(1.,0.,0.));
#9261 = DEFINITIONAL_REPRESENTATION('',(#9262),#9266);
#9262 = LINE('',#9263,#9264);
#9263 = CARTESIAN_POINT('',(-0.,0.));
#9264 = VECTOR('',#9265,1.);
#9265 = DIRECTION('',(-0.,-1.));
#9266 = ( GEOMETRIC_REPRESENTATION_CONTEXT(2) 
PARAMETRIC_REPRESENTATION_CONTEXT() REPRESENTATION_CONTEXT('2D SPACE',''
  ) );
#9267 = PCURVE('',#9256,#9268);
#9268 = DEFINITIONAL_REPRESENTATION('',(#9269),#9273);
#9269 = LINE('',#9270,#9271);
#9270 = CARTESIAN_POINT('',(-6.28318530718,0.));
#9271 = VECTOR('',#9272,1.);
#9272 = DIRECTION('',(-0.,-1.));
#9273 = ( GEOMETRIC_REPRESENTATION_CONTEXT(2) 
PARAMETRIC_REPRESENTATION_CONTEXT() REPRESENTATION_CONTEXT('2D SPACE',''
  ) );
#9274 = ORIENTED_EDGE('',*,*,#9275,.T.);
#9275 = EDGE_CURVE('',#9248,#9248,#9276,.T.);
#9276 = SURFACE_CURVE('',#9277,(#9282,#9289),.PCURVE_S1.);
#9277 = CIRCLE('',#9278,3.);
#9278 = AXIS2_PLACEMENT_3D('',#9279,#9280,#9281);
#9279 = CARTESIAN_POINT('',(15.6349954,-13.9999974,21.6));
#9280 = DIRECTION('',(0.,0.,1.));
#9281 = DIRECTION('',(1.,0.,0.));
#9282 = PCURVE('',#9256,#9283);
#9283 = DEFINITIONAL_REPRESENTATION('',(#9284),#9288);
#9284 = LINE('',#9285,#9286);
#9285 = CARTESIAN_POINT('',(-0.,-13.55));
#9286 = VECTOR('',#9287,1.);
#9287 = DIRECTION('',(-1.,0.));
#9288 = ( GEOMETRIC_REPRESENTATION_CONTEXT(2) 
PARAMETRIC_REPRESENTATION_CONTEXT() REPRESENTATION_CONTEXT('2D SPACE',''
  ) );
#9289 = PCURVE('',#9290,#9295);
#9290 = PLANE('',#9291);
#9291 = AXIS2_PLACEMENT_3D('',#9292,#9293,#9294);
#9292 = CARTESIAN_POINT('',(15.6349954,-13.9999974,21.6));
#9293 = DIRECTION('',(0.,0.,1.));
#9294 = DIRECTION('',(1.,0.,-0.));
#9295 = DEFINITIONAL_REPRESENTATION('',(#9296),#9300);
#9296 = CIRCLE('',#9297,3.);
#9297 = AXIS2_PLACEMENT_2D('',#9298,#9299);
#9298 = CARTESIAN_POINT('',(0.,0.));
#9299 = DIRECTION('',(1.,0.));
#9300 = ( GEOMETRIC_REPRESENTATION_CONTEXT(2) 
PARAMETRIC_REPRESENTATION_CONTEXT() REPRESENTATION_CONTEXT('2D SPACE',''
  ) );
#9301 = ORIENTED_EDGE('',*,*,#9245,.F.);
#9302 = ORIENTED_EDGE('',*,*,#9303,.F.);
#9303 = EDGE_CURVE('',#9246,#9246,#9304,.T.);
#9304 = SURFACE_CURVE('',#9305,(#9310,#9317),.PCURVE_S1.);
#9305 = CIRCLE('',#9306,3.);
#9306 = AXIS2_PLACEMENT_3D('',#9307,#9308,#9309);
#9307 = CARTESIAN_POINT('',(15.6349954,-13.9999974,8.05));
#9308 = DIRECTION('',(0.,0.,1.));
#9309 = DIRECTION('',(1.,0.,0.));
#9310 = PCURVE('',#9256,#9311);
#9311 = DEFINITIONAL_REPRESENTATION('',(#9312),#9316);
#9312 = LINE('',#9313,#9314);
#9313 = CARTESIAN_POINT('',(-0.,0.));
#9314 = VECTOR('',#9315,1.);
#9315 = DIRECTION('',(-1.,0.));
#9316 = ( GEOMETRIC_REPRESENTATION_CONTEXT(2) 
PARAMETRIC_REPRESENTATION_CONTEXT() REPRESENTATION_CONTEXT('2D SPACE',''
  ) );
#9317 = PCURVE('',#9318,#9323);
#9318 = PLANE('',#9319);
#9319 = AXIS2_PLACEMENT_3D('',#9320,#9321,#9322);
#9320 = CARTESIAN_POINT('',(15.6349954,-13.9999974,8.05));
#9321 = DIRECTION('',(0.,0.,1.));
#9322 = DIRECTION('',(1.,0.,-0.));
#9323 = DEFINITIONAL_REPRESENTATION('',(#9324),#9328);
#9324 = CIRCLE('',#9325,3.);
#9325 = AXIS2_PLACEMENT_2D('',#9326,#9327);
#9326 = CARTESIAN_POINT('',(0.,0.));
#9327 = DIRECTION('',(1.,0.));
#9328 = ( GEOMETRIC_REPRESENTATION_CONTEXT(2) 
PARAMETRIC_REPRESENTATION_CONTEXT() REPRESENTATION_CONTEXT('2D SPACE',''
  ) );
#9329 = ADVANCED_FACE('',(#9330),#9318,.F.);
#9330 = FACE_BOUND('',#9331,.F.);
#9331 = EDGE_LOOP('',(#9332));
#9332 = ORIENTED_EDGE('',*,*,#9303,.T.);
#9333 = ADVANCED_FACE('',(#9334),#9290,.T.);
#9334 = FACE_BOUND('',#9335,.T.);
#9335 = EDGE_LOOP('',(#9336));
#9336 = ORIENTED_EDGE('',*,*,#9275,.T.);
#9337 = ( GEOMETRIC_REPRESENTATION_CONTEXT(3) 
GLOBAL_UNCERTAINTY_ASSIGNED_CONTEXT((#9341)) 
GLOBAL_UNIT_ASSIGNED_CONTEXT((#9338,#9339,#9340)) REPRESENTATION_CONTEXT
('Context #1','3D Context with UNIT and UNCERTAINTY') );
#9338 = ( LENGTH_UNIT() NAMED_UNIT(*) SI_UNIT(.MILLI.,.METRE.) );
#9339 = ( NAMED_UNIT(*) PLANE_ANGLE_UNIT() SI_UNIT($,.RADIAN.) );
#9340 = ( NAMED_UNIT(*) SI_UNIT($,.STERADIAN.) SOLID_ANGLE_UNIT() );
#9341 = UNCERTAINTY_MEASURE_WITH_UNIT(LENGTH_MEASURE(1.E-07),#9338,
  'distance_accuracy_value','confusion accuracy');
#9342 = CONTEXT_DEPENDENT_SHAPE_REPRESENTATION(#9343,#9345);
#9343 = ( REPRESENTATION_RELATIONSHIP('','',#9238,#10) 
REPRESENTATION_RELATIONSHIP_WITH_TRANSFORMATION(#9344) 
SHAPE_REPRESENTATION_RELATIONSHIP() );
#9344 = ITEM_DEFINED_TRANSFORMATION('','',#11,#39);
#9345 = PRODUCT_DEFINITION_SHAPE('Placement','Placement of an item',
  #9346);
#9346 = NEXT_ASSEMBLY_USAGE_OCCURRENCE('22','','',#5,#9233,$);
#9347 = PRODUCT_RELATED_PRODUCT_CATEGORY('part',$,(#9235));
#9348 = SHAPE_DEFINITION_REPRESENTATION(#9349,#9355);
#9349 = PRODUCT_DEFINITION_SHAPE('','',#9350);
#9350 = PRODUCT_DEFINITION('design','',#9351,#9354);
#9351 = PRODUCT_DEFINITION_FORMATION('','',#9352);
#9352 = PRODUCT('Open CASCADE STEP translator 7.9 5.8',
  'Open CASCADE STEP translator 7.9 5.8','',(#9353));
#9353 = PRODUCT_CONTEXT('',#2,'mechanical');
#9354 = PRODUCT_DEFINITION_CONTEXT('part definition',#2,'design');
#9355 = ADVANCED_BREP_SHAPE_REPRESENTATION('',(#11,#9356),#9454);
#9356 = MANIFOLD_SOLID_BREP('',#9357);
#9357 = CLOSED_SHELL('',(#9358,#9446,#9450));
#9358 = ADVANCED_FACE('',(#9359),#9373,.T.);
#9359 = FACE_BOUND('',#9360,.F.);
#9360 = EDGE_LOOP('',(#9361,#9391,#9418,#9419));
#9361 = ORIENTED_EDGE('',*,*,#9362,.T.);
#9362 = EDGE_CURVE('',#9363,#9365,#9367,.T.);
#9363 = VERTEX_POINT('',#9364);
#9364 = CARTESIAN_POINT('',(21.6349954,-13.9999974,12.6));
#9365 = VERTEX_POINT('',#9366);
#9366 = CARTESIAN_POINT('',(21.6349954,-13.9999974,25.6));
#9367 = SEAM_CURVE('',#9368,(#9372,#9384),.PCURVE_S1.);
#9368 = LINE('',#9369,#9370);
#9369 = CARTESIAN_POINT('',(21.6349954,-13.9999974,12.6));
#9370 = VECTOR('',#9371,1.);
#9371 = DIRECTION('',(0.,0.,1.));
#9372 = PCURVE('',#9373,#9378);
#9373 = CYLINDRICAL_SURFACE('',#9374,6.);
#9374 = AXIS2_PLACEMENT_3D('',#9375,#9376,#9377);
#9375 = CARTESIAN_POINT('',(15.6349954,-13.9999974,12.6));
#9376 = DIRECTION('',(-0.,-0.,-1.));
#9377 = DIRECTION('',(1.,0.,0.));
#9378 = DEFINITIONAL_REPRESENTATION('',(#9379),#9383);
#9379 = LINE('',#9380,#9381);
#9380 = CARTESIAN_POINT('',(-0.,0.));
#9381 = VECTOR('',#9382,1.);
#9382 = DIRECTION('',(-0.,-1.));
#9383 = ( GEOMETRIC_REPRESENTATION_CONTEXT(2) 
PARAMETRIC_REPRESENTATION_CONTEXT() REPRESENTATION_CONTEXT('2D SPACE',''
  ) );
#9384 = PCURVE('',#9373,#9385);
#9385 = DEFINITIONAL_REPRESENTATION('',(#9386),#9390);
#9386 = LINE('',#9387,#9388);
#9387 = CARTESIAN_POINT('',(-6.28318530718,0.));
#9388 = VECTOR('',#9389,1.);
#9389 = DIRECTION('',(-0.,-1.));
#9390 = ( GEOMETRIC_REPRESENTATION_CONTEXT(2) 
PARAMETRIC_REPRESENTATION_CONTEXT() REPRESENTATION_CONTEXT('2D SPACE',''
  ) );
#9391 = ORIENTED_EDGE('',*,*,#9392,.T.);
#9392 = EDGE_CURVE('',#9365,#9365,#9393,.T.);
#9393 = SURFACE_CURVE('',#9394,(#9399,#9406),.PCURVE_S1.);
#9394 = CIRCLE('',#9395,6.);
#9395 = AXIS2_PLACEMENT_3D('',#9396,#9397,#9398);
#9396 = CARTESIAN_POINT('',(15.6349954,-13.9999974,25.6));
#9397 = DIRECTION('',(0.,0.,1.));
#9398 = DIRECTION('',(1.,0.,0.));
#9399 = PCURVE('',#9373,#9400);
#9400 = DEFINITIONAL_REPRESENTATION('',(#9401),#9405);
#9401 = LINE('',#9402,#9403);
#9402 = CARTESIAN_POINT('',(-0.,-13.));
#9403 = VECTOR('',#9404,1.);
#9404 = DIRECTION('',(-1.,0.));
#9405 = ( GEOMETRIC_REPRESENTATION_CONTEXT(2) 
PARAMETRIC_REPRESENTATION_CONTEXT() REPRESENTATION_CONTEXT('2D SPACE',''
  ) );
#9406 = PCURVE('',#9407,#9412);
#9407 = PLANE('',#9408);
#9408 = AXIS2_PLACEMENT_3D('',#9409,#9410,#9411);
#9409 = CARTESIAN_POINT('',(15.6349954,-13.9999974,25.6));
#9410 = DIRECTION('',(0.,0.,1.));
#9411 = DIRECTION('',(1.,0.,-0.));
#9412 = DEFINITIONAL_REPRESENTATION('',(#9413),#9417);
#9413 = CIRCLE('',#9414,6.);
#9414 = AXIS2_PLACEMENT_2D('',#9415,#9416);
#9415 = CARTESIAN_POINT('',(0.,0.));
#9416 = DIRECTION('',(1.,0.));
#9417 = ( GEOMETRIC_REPRESENTATION_CONTEXT(2) 
PARAMETRIC_REPRESENTATION_CONTEXT() REPRESENTATION_CONTEXT('2D SPACE',''
  ) );
#9418 = ORIENTED_EDGE('',*,*,#9362,.F.);
#9419 = ORIENTED_EDGE('',*,*,#9420,.F.);
#9420 = EDGE_CURVE('',#9363,#9363,#9421,.T.);
#9421 = SURFACE_CURVE('',#9422,(#9427,#9434),.PCURVE_S1.);
#9422 = CIRCLE('',#9423,6.);
#9423 = AXIS2_PLACEMENT_3D('',#9424,#9425,#9426);
#9424 = CARTESIAN_POINT('',(15.6349954,-13.9999974,12.6));
#9425 = DIRECTION('',(0.,0.,1.));
#9426 = DIRECTION('',(1.,0.,0.));
#9427 = PCURVE('',#9373,#9428);
#9428 = DEFINITIONAL_REPRESENTATION('',(#9429),#9433);
#9429 = LINE('',#9430,#9431);
#9430 = CARTESIAN_POINT('',(-0.,0.));
#9431 = VECTOR('',#9432,1.);
#9432 = DIRECTION('',(-1.,0.));
#9433 = ( GEOMETRIC_REPRESENTATION_CONTEXT(2) 
PARAMETRIC_REPRESENTATION_CONTEXT() REPRESENTATION_CONTEXT('2D SPACE',''
  ) );
#9434 = PCURVE('',#9435,#9440);
#9435 = PLANE('',#9436);
#9436 = AXIS2_PLACEMENT_3D('',#9437,#9438,#9439);
#9437 = CARTESIAN_POINT('',(15.6349954,-13.9999974,12.6));
#9438 = DIRECTION('',(0.,0.,1.));
#9439 = DIRECTION('',(1.,0.,-0.));
#9440 = DEFINITIONAL_REPRESENTATION('',(#9441),#9445);
#9441 = CIRCLE('',#9442,6.);
#9442 = AXIS2_PLACEMENT_2D('',#9443,#9444);
#9443 = CARTESIAN_POINT('',(0.,0.));
#9444 = DIRECTION('',(1.,0.));
#9445 = ( GEOMETRIC_REPRESENTATION_CONTEXT(2) 
PARAMETRIC_REPRESENTATION_CONTEXT() REPRESENTATION_CONTEXT('2D SPACE',''
  ) );
#9446 = ADVANCED_FACE('',(#9447),#9435,.F.);
#9447 = FACE_BOUND('',#9448,.F.);
#9448 = EDGE_LOOP('',(#9449));
#9449 = ORIENTED_EDGE('',*,*,#9420,.T.);
#9450 = ADVANCED_FACE('',(#9451),#9407,.T.);
#9451 = FACE_BOUND('',#9452,.T.);
#9452 = EDGE_LOOP('',(#9453));
#9453 = ORIENTED_EDGE('',*,*,#9392,.T.);
#9454 = ( GEOMETRIC_REPRESENTATION_CONTEXT(3) 
GLOBAL_UNCERTAINTY_ASSIGNED_CONTEXT((#9458)) 
GLOBAL_UNIT_ASSIGNED_CONTEXT((#9455,#9456,#9457)) REPRESENTATION_CONTEXT
('Context #1','3D Context with UNIT and UNCERTAINTY') );
#9455 = ( LENGTH_UNIT() NAMED_UNIT(*) SI_UNIT(.MILLI.,.METRE.) );
#9456 = ( NAMED_UNIT(*) PLANE_ANGLE_UNIT() SI_UNIT($,.RADIAN.) );
#9457 = ( NAMED_UNIT(*) SI_UNIT($,.STERADIAN.) SOLID_ANGLE_UNIT() );
#9458 = UNCERTAINTY_MEASURE_WITH_UNIT(LENGTH_MEASURE(1.E-07),#9455,
  'distance_accuracy_value','confusion accuracy');
#9459 = CONTEXT_DEPENDENT_SHAPE_REPRESENTATION(#9460,#9462);
#9460 = ( REPRESENTATION_RELATIONSHIP('','',#9355,#10) 
REPRESENTATION_RELATIONSHIP_WITH_TRANSFORMATION(#9461) 
SHAPE_REPRESENTATION_RELATIONSHIP() );
#9461 = ITEM_DEFINED_TRANSFORMATION('','',#11,#43);
#9462 = PRODUCT_DEFINITION_SHAPE('Placement','Placement of an item',
  #9463);
#9463 = NEXT_ASSEMBLY_USAGE_OCCURRENCE('23','','',#5,#9350,$);
#9464 = PRODUCT_RELATED_PRODUCT_CATEGORY('part',$,(#9352));
#9465 = SHAPE_DEFINITION_REPRESENTATION(#9466,#9472);
#9466 = PRODUCT_DEFINITION_SHAPE('','',#9467);
#9467 = PRODUCT_DEFINITION('design','',#9468,#9471);
#9468 = PRODUCT_DEFINITION_FORMATION('','',#9469);
#9469 = PRODUCT('Open CASCADE STEP translator 7.9 5.9',
  'Open CASCADE STEP translator 7.9 5.9','',(#9470));
#9470 = PRODUCT_CONTEXT('',#2,'mechanical');
#9471 = PRODUCT_DEFINITION_CONTEXT('part definition',#2,'design');
#9472 = ADVANCED_BREP_SHAPE_REPRESENTATION('',(#11,#9473),#9803);
#9473 = MANIFOLD_SOLID_BREP('',#9474);
#9474 = CLOSED_SHELL('',(#9475,#9595,#9695,#9742,#9789,#9796));
#9475 = ADVANCED_FACE('',(#9476),#9490,.F.);
#9476 = FACE_BOUND('',#9477,.F.);
#9477 = EDGE_LOOP('',(#9478,#9513,#9541,#9569));
#9478 = ORIENTED_EDGE('',*,*,#9479,.F.);
#9479 = EDGE_CURVE('',#9480,#9482,#9484,.T.);
#9480 = VERTEX_POINT('',#9481);
#9481 = CARTESIAN_POINT('',(15.6849922,-67.7600022,1.6));
#9482 = VERTEX_POINT('',#9483);
#9483 = CARTESIAN_POINT('',(15.6849922,-67.7600022,13.1));
#9484 = SURFACE_CURVE('',#9485,(#9489,#9501),.PCURVE_S1.);
#9485 = LINE('',#9486,#9487);
#9486 = CARTESIAN_POINT('',(15.6849922,-67.7600022,1.6));
#9487 = VECTOR('',#9488,1.);
#9488 = DIRECTION('',(0.,0.,1.));
#9489 = PCURVE('',#9490,#9495);
#9490 = PLANE('',#9491);
#9491 = AXIS2_PLACEMENT_3D('',#9492,#9493,#9494);
#9492 = CARTESIAN_POINT('',(15.6849922,-67.7600022,1.6));
#9493 = DIRECTION('',(1.,0.,0.));
#9494 = DIRECTION('',(0.,0.,1.));
#9495 = DEFINITIONAL_REPRESENTATION('',(#9496),#9500);
#9496 = LINE('',#9497,#9498);
#9497 = CARTESIAN_POINT('',(0.,0.));
#9498 = VECTOR('',#9499,1.);
#9499 = DIRECTION('',(1.,0.));
#9500 = ( GEOMETRIC_REPRESENTATION_CONTEXT(2) 
PARAMETRIC_REPRESENTATION_CONTEXT() REPRESENTATION_CONTEXT('2D SPACE',''
  ) );
#9501 = PCURVE('',#9502,#9507);
#9502 = PLANE('',#9503);
#9503 = AXIS2_PLACEMENT_3D('',#9504,#9505,#9506);
#9504 = CARTESIAN_POINT('',(15.6849922,-67.7600022,1.6));
#9505 = DIRECTION('',(0.,1.,0.));
#9506 = DIRECTION('',(0.,0.,1.));
#9507 = DEFINITIONAL_REPRESENTATION('',(#9508),#9512);
#9508 = LINE('',#9509,#9510);
#9509 = CARTESIAN_POINT('',(0.,0.));
#9510 = VECTOR('',#9511,1.);
#9511 = DIRECTION('',(1.,0.));
#9512 = ( GEOMETRIC_REPRESENTATION_CONTEXT(2) 
PARAMETRIC_REPRESENTATION_CONTEXT() REPRESENTATION_CONTEXT('2D SPACE',''
  ) );
#9513 = ORIENTED_EDGE('',*,*,#9514,.T.);
#9514 = EDGE_CURVE('',#9480,#9515,#9517,.T.);
#9515 = VERTEX_POINT('',#9516);
#9516 = CARTESIAN_POINT('',(15.6849922,-51.9600022,1.6));
#9517 = SURFACE_CURVE('',#9518,(#9522,#9529),.PCURVE_S1.);
#9518 = LINE('',#9519,#9520);
#9519 = CARTESIAN_POINT('',(15.6849922,-67.7600022,1.6));
#9520 = VECTOR('',#9521,1.);
#9521 = DIRECTION('',(0.,1.,0.));
#9522 = PCURVE('',#9490,#9523);
#9523 = DEFINITIONAL_REPRESENTATION('',(#9524),#9528);
#9524 = LINE('',#9525,#9526);
#9525 = CARTESIAN_POINT('',(0.,0.));
#9526 = VECTOR('',#9527,1.);
#9527 = DIRECTION('',(0.,-1.));
#9528 = ( GEOMETRIC_REPRESENTATION_CONTEXT(2) 
PARAMETRIC_REPRESENTATION_CONTEXT() REPRESENTATION_CONTEXT('2D SPACE',''
  ) );
#9529 = PCURVE('',#9530,#9535);
#9530 = PLANE('',#9531);
#9531 = AXIS2_PLACEMENT_3D('',#9532,#9533,#9534);
#9532 = CARTESIAN_POINT('',(15.6849922,-67.7600022,1.6));
#9533 = DIRECTION('',(0.,0.,1.));
#9534 = DIRECTION('',(1.,0.,0.));
#9535 = DEFINITIONAL_REPRESENTATION('',(#9536),#9540);
#9536 = LINE('',#9537,#9538);
#9537 = CARTESIAN_POINT('',(0.,0.));
#9538 = VECTOR('',#9539,1.);
#9539 = DIRECTION('',(0.,1.));
#9540 = ( GEOMETRIC_REPRESENTATION_CONTEXT(2) 
PARAMETRIC_REPRESENTATION_CONTEXT() REPRESENTATION_CONTEXT('2D SPACE',''
  ) );
#9541 = ORIENTED_EDGE('',*,*,#9542,.T.);
#9542 = EDGE_CURVE('',#9515,#9543,#9545,.T.);
#9543 = VERTEX_POINT('',#9544);
#9544 = CARTESIAN_POINT('',(15.6849922,-51.9600022,13.1));
#9545 = SURFACE_CURVE('',#9546,(#9550,#9557),.PCURVE_S1.);
#9546 = LINE('',#9547,#9548);
#9547 = CARTESIAN_POINT('',(15.6849922,-51.9600022,1.6));
#9548 = VECTOR('',#9549,1.);
#9549 = DIRECTION('',(0.,0.,1.));
#9550 = PCURVE('',#9490,#9551);
#9551 = DEFINITIONAL_REPRESENTATION('',(#9552),#9556);
#9552 = LINE('',#9553,#9554);
#9553 = CARTESIAN_POINT('',(0.,-15.8));
#9554 = VECTOR('',#9555,1.);
#9555 = DIRECTION('',(1.,0.));
#9556 = ( GEOMETRIC_REPRESENTATION_CONTEXT(2) 
PARAMETRIC_REPRESENTATION_CONTEXT() REPRESENTATION_CONTEXT('2D SPACE',''
  ) );
#9557 = PCURVE('',#9558,#9563);
#9558 = PLANE('',#9559);
#9559 = AXIS2_PLACEMENT_3D('',#9560,#9561,#9562);
#9560 = CARTESIAN_POINT('',(15.6849922,-51.9600022,1.6));
#9561 = DIRECTION('',(0.,1.,0.));
#9562 = DIRECTION('',(0.,0.,1.));
#9563 = DEFINITIONAL_REPRESENTATION('',(#9564),#9568);
#9564 = LINE('',#9565,#9566);
#9565 = CARTESIAN_POINT('',(0.,0.));
#9566 = VECTOR('',#9567,1.);
#9567 = DIRECTION('',(1.,0.));
#9568 = ( GEOMETRIC_REPRESENTATION_CONTEXT(2) 
PARAMETRIC_REPRESENTATION_CONTEXT() REPRESENTATION_CONTEXT('2D SPACE',''
  ) );
#9569 = ORIENTED_EDGE('',*,*,#9570,.F.);
#9570 = EDGE_CURVE('',#9482,#9543,#9571,.T.);
#9571 = SURFACE_CURVE('',#9572,(#9576,#9583),.PCURVE_S1.);
#9572 = LINE('',#9573,#9574);
#9573 = CARTESIAN_POINT('',(15.6849922,-67.7600022,13.1));
#9574 = VECTOR('',#9575,1.);
#9575 = DIRECTION('',(0.,1.,0.));
#9576 = PCURVE('',#9490,#9577);
#9577 = DEFINITIONAL_REPRESENTATION('',(#9578),#9582);
#9578 = LINE('',#9579,#9580);
#9579 = CARTESIAN_POINT('',(11.5,0.));
#9580 = VECTOR('',#9581,1.);
#9581 = DIRECTION('',(0.,-1.));
#9582 = ( GEOMETRIC_REPRESENTATION_CONTEXT(2) 
PARAMETRIC_REPRESENTATION_CONTEXT() REPRESENTATION_CONTEXT('2D SPACE',''
  ) );
#9583 = PCURVE('',#9584,#9589);
#9584 = PLANE('',#9585);
#9585 = AXIS2_PLACEMENT_3D('',#9586,#9587,#9588);
#9586 = CARTESIAN_POINT('',(15.6849922,-67.7600022,13.1));
#9587 = DIRECTION('',(0.,0.,1.));
#9588 = DIRECTION('',(1.,0.,0.));
#9589 = DEFINITIONAL_REPRESENTATION('',(#9590),#9594);
#9590 = LINE('',#9591,#9592);
#9591 = CARTESIAN_POINT('',(0.,0.));
#9592 = VECTOR('',#9593,1.);
#9593 = DIRECTION('',(0.,1.));
#9594 = ( GEOMETRIC_REPRESENTATION_CONTEXT(2) 
PARAMETRIC_REPRESENTATION_CONTEXT() REPRESENTATION_CONTEXT('2D SPACE',''
  ) );
#9595 = ADVANCED_FACE('',(#9596),#9610,.T.);
#9596 = FACE_BOUND('',#9597,.T.);
#9597 = EDGE_LOOP('',(#9598,#9628,#9651,#9674));
#9598 = ORIENTED_EDGE('',*,*,#9599,.F.);
#9599 = EDGE_CURVE('',#9600,#9602,#9604,.T.);
#9600 = VERTEX_POINT('',#9601);
#9601 = CARTESIAN_POINT('',(31.4849922,-67.7600022,1.6));
#9602 = VERTEX_POINT('',#9603);
#9603 = CARTESIAN_POINT('',(31.4849922,-67.7600022,13.1));
#9604 = SURFACE_CURVE('',#9605,(#9609,#9621),.PCURVE_S1.);
#9605 = LINE('',#9606,#9607);
#9606 = CARTESIAN_POINT('',(31.4849922,-67.7600022,1.6));
#9607 = VECTOR('',#9608,1.);
#9608 = DIRECTION('',(0.,0.,1.));
#9609 = PCURVE('',#9610,#9615);
#9610 = PLANE('',#9611);
#9611 = AXIS2_PLACEMENT_3D('',#9612,#9613,#9614);
#9612 = CARTESIAN_POINT('',(31.4849922,-67.7600022,1.6));
#9613 = DIRECTION('',(1.,0.,0.));
#9614 = DIRECTION('',(0.,0.,1.));
#9615 = DEFINITIONAL_REPRESENTATION('',(#9616),#9620);
#9616 = LINE('',#9617,#9618);
#9617 = CARTESIAN_POINT('',(0.,0.));
#9618 = VECTOR('',#9619,1.);
#9619 = DIRECTION('',(1.,0.));
#9620 = ( GEOMETRIC_REPRESENTATION_CONTEXT(2) 
PARAMETRIC_REPRESENTATION_CONTEXT() REPRESENTATION_CONTEXT('2D SPACE',''
  ) );
#9621 = PCURVE('',#9502,#9622);
#9622 = DEFINITIONAL_REPRESENTATION('',(#9623),#9627);
#9623 = LINE('',#9624,#9625);
#9624 = CARTESIAN_POINT('',(0.,15.8));
#9625 = VECTOR('',#9626,1.);
#9626 = DIRECTION('',(1.,0.));
#9627 = ( GEOMETRIC_REPRESENTATION_CONTEXT(2) 
PARAMETRIC_REPRESENTATION_CONTEXT() REPRESENTATION_CONTEXT('2D SPACE',''
  ) );
#9628 = ORIENTED_EDGE('',*,*,#9629,.T.);
#9629 = EDGE_CURVE('',#9600,#9630,#9632,.T.);
#9630 = VERTEX_POINT('',#9631);
#9631 = CARTESIAN_POINT('',(31.4849922,-51.9600022,1.6));
#9632 = SURFACE_CURVE('',#9633,(#9637,#9644),.PCURVE_S1.);
#9633 = LINE('',#9634,#9635);
#9634 = CARTESIAN_POINT('',(31.4849922,-67.7600022,1.6));
#9635 = VECTOR('',#9636,1.);
#9636 = DIRECTION('',(0.,1.,0.));
#9637 = PCURVE('',#9610,#9638);
#9638 = DEFINITIONAL_REPRESENTATION('',(#9639),#9643);
#9639 = LINE('',#9640,#9641);
#9640 = CARTESIAN_POINT('',(0.,0.));
#9641 = VECTOR('',#9642,1.);
#9642 = DIRECTION('',(0.,-1.));
#9643 = ( GEOMETRIC_REPRESENTATION_CONTEXT(2) 
PARAMETRIC_REPRESENTATION_CONTEXT() REPRESENTATION_CONTEXT('2D SPACE',''
  ) );
#9644 = PCURVE('',#9530,#9645);
#9645 = DEFINITIONAL_REPRESENTATION('',(#9646),#9650);
#9646 = LINE('',#9647,#9648);
#9647 = CARTESIAN_POINT('',(15.8,0.));
#9648 = VECTOR('',#9649,1.);
#9649 = DIRECTION('',(0.,1.));
#9650 = ( GEOMETRIC_REPRESENTATION_CONTEXT(2) 
PARAMETRIC_REPRESENTATION_CONTEXT() REPRESENTATION_CONTEXT('2D SPACE',''
  ) );
#9651 = ORIENTED_EDGE('',*,*,#9652,.T.);
#9652 = EDGE_CURVE('',#9630,#9653,#9655,.T.);
#9653 = VERTEX_POINT('',#9654);
#9654 = CARTESIAN_POINT('',(31.4849922,-51.9600022,13.1));
#9655 = SURFACE_CURVE('',#9656,(#9660,#9667),.PCURVE_S1.);
#9656 = LINE('',#9657,#9658);
#9657 = CARTESIAN_POINT('',(31.4849922,-51.9600022,1.6));
#9658 = VECTOR('',#9659,1.);
#9659 = DIRECTION('',(0.,0.,1.));
#9660 = PCURVE('',#9610,#9661);
#9661 = DEFINITIONAL_REPRESENTATION('',(#9662),#9666);
#9662 = LINE('',#9663,#9664);
#9663 = CARTESIAN_POINT('',(0.,-15.8));
#9664 = VECTOR('',#9665,1.);
#9665 = DIRECTION('',(1.,0.));
#9666 = ( GEOMETRIC_REPRESENTATION_CONTEXT(2) 
PARAMETRIC_REPRESENTATION_CONTEXT() REPRESENTATION_CONTEXT('2D SPACE',''
  ) );
#9667 = PCURVE('',#9558,#9668);
#9668 = DEFINITIONAL_REPRESENTATION('',(#9669),#9673);
#9669 = LINE('',#9670,#9671);
#9670 = CARTESIAN_POINT('',(0.,15.8));
#9671 = VECTOR('',#9672,1.);
#9672 = DIRECTION('',(1.,0.));
#9673 = ( GEOMETRIC_REPRESENTATION_CONTEXT(2) 
PARAMETRIC_REPRESENTATION_CONTEXT() REPRESENTATION_CONTEXT('2D SPACE',''
  ) );
#9674 = ORIENTED_EDGE('',*,*,#9675,.F.);
#9675 = EDGE_CURVE('',#9602,#9653,#9676,.T.);
#9676 = SURFACE_CURVE('',#9677,(#9681,#9688),.PCURVE_S1.);
#9677 = LINE('',#9678,#9679);
#9678 = CARTESIAN_POINT('',(31.4849922,-67.7600022,13.1));
#9679 = VECTOR('',#9680,1.);
#9680 = DIRECTION('',(0.,1.,0.));
#9681 = PCURVE('',#9610,#9682);
#9682 = DEFINITIONAL_REPRESENTATION('',(#9683),#9687);
#9683 = LINE('',#9684,#9685);
#9684 = CARTESIAN_POINT('',(11.5,0.));
#9685 = VECTOR('',#9686,1.);
#9686 = DIRECTION('',(0.,-1.));
#9687 = ( GEOMETRIC_REPRESENTATION_CONTEXT(2) 
PARAMETRIC_REPRESENTATION_CONTEXT() REPRESENTATION_CONTEXT('2D SPACE',''
  ) );
#9688 = PCURVE('',#9584,#9689);
#9689 = DEFINITIONAL_REPRESENTATION('',(#9690),#9694);
#9690 = LINE('',#9691,#9692);
#9691 = CARTESIAN_POINT('',(15.8,0.));
#9692 = VECTOR('',#9693,1.);
#9693 = DIRECTION('',(0.,1.));
#9694 = ( GEOMETRIC_REPRESENTATION_CONTEXT(2) 
PARAMETRIC_REPRESENTATION_CONTEXT() REPRESENTATION_CONTEXT('2D SPACE',''
  ) );
#9695 = ADVANCED_FACE('',(#9696),#9502,.F.);
#9696 = FACE_BOUND('',#9697,.F.);
#9697 = EDGE_LOOP('',(#9698,#9719,#9720,#9741));
#9698 = ORIENTED_EDGE('',*,*,#9699,.F.);
#9699 = EDGE_CURVE('',#9480,#9600,#9700,.T.);
#9700 = SURFACE_CURVE('',#9701,(#9705,#9712),.PCURVE_S1.);
#9701 = LINE('',#9702,#9703);
#9702 = CARTESIAN_POINT('',(15.6849922,-67.7600022,1.6));
#9703 = VECTOR('',#9704,1.);
#9704 = DIRECTION('',(1.,0.,0.));
#9705 = PCURVE('',#9502,#9706);
#9706 = DEFINITIONAL_REPRESENTATION('',(#9707),#9711);
#9707 = LINE('',#9708,#9709);
#9708 = CARTESIAN_POINT('',(0.,0.));
#9709 = VECTOR('',#9710,1.);
#9710 = DIRECTION('',(0.,1.));
#9711 = ( GEOMETRIC_REPRESENTATION_CONTEXT(2) 
PARAMETRIC_REPRESENTATION_CONTEXT() REPRESENTATION_CONTEXT('2D SPACE',''
  ) );
#9712 = PCURVE('',#9530,#9713);
#9713 = DEFINITIONAL_REPRESENTATION('',(#9714),#9718);
#9714 = LINE('',#9715,#9716);
#9715 = CARTESIAN_POINT('',(0.,0.));
#9716 = VECTOR('',#9717,1.);
#9717 = DIRECTION('',(1.,0.));
#9718 = ( GEOMETRIC_REPRESENTATION_CONTEXT(2) 
PARAMETRIC_REPRESENTATION_CONTEXT() REPRESENTATION_CONTEXT('2D SPACE',''
  ) );
#9719 = ORIENTED_EDGE('',*,*,#9479,.T.);
#9720 = ORIENTED_EDGE('',*,*,#9721,.T.);
#9721 = EDGE_CURVE('',#9482,#9602,#9722,.T.);
#9722 = SURFACE_CURVE('',#9723,(#9727,#9734),.PCURVE_S1.);
#9723 = LINE('',#9724,#9725);
#9724 = CARTESIAN_POINT('',(15.6849922,-67.7600022,13.1));
#9725 = VECTOR('',#9726,1.);
#9726 = DIRECTION('',(1.,0.,0.));
#9727 = PCURVE('',#9502,#9728);
#9728 = DEFINITIONAL_REPRESENTATION('',(#9729),#9733);
#9729 = LINE('',#9730,#9731);
#9730 = CARTESIAN_POINT('',(11.5,0.));
#9731 = VECTOR('',#9732,1.);
#9732 = DIRECTION('',(0.,1.));
#9733 = ( GEOMETRIC_REPRESENTATION_CONTEXT(2) 
PARAMETRIC_REPRESENTATION_CONTEXT() REPRESENTATION_CONTEXT('2D SPACE',''
  ) );
#9734 = PCURVE('',#9584,#9735);
#9735 = DEFINITIONAL_REPRESENTATION('',(#9736),#9740);
#9736 = LINE('',#9737,#9738);
#9737 = CARTESIAN_POINT('',(0.,0.));
#9738 = VECTOR('',#9739,1.);
#9739 = DIRECTION('',(1.,0.));
#9740 = ( GEOMETRIC_REPRESENTATION_CONTEXT(2) 
PARAMETRIC_REPRESENTATION_CONTEXT() REPRESENTATION_CONTEXT('2D SPACE',''
  ) );
#9741 = ORIENTED_EDGE('',*,*,#9599,.F.);
#9742 = ADVANCED_FACE('',(#9743),#9558,.T.);
#9743 = FACE_BOUND('',#9744,.T.);
#9744 = EDGE_LOOP('',(#9745,#9766,#9767,#9788));
#9745 = ORIENTED_EDGE('',*,*,#9746,.F.);
#9746 = EDGE_CURVE('',#9515,#9630,#9747,.T.);
#9747 = SURFACE_CURVE('',#9748,(#9752,#9759),.PCURVE_S1.);
#9748 = LINE('',#9749,#9750);
#9749 = CARTESIAN_POINT('',(15.6849922,-51.9600022,1.6));
#9750 = VECTOR('',#9751,1.);
#9751 = DIRECTION('',(1.,0.,0.));
#9752 = PCURVE('',#9558,#9753);
#9753 = DEFINITIONAL_REPRESENTATION('',(#9754),#9758);
#9754 = LINE('',#9755,#9756);
#9755 = CARTESIAN_POINT('',(0.,0.));
#9756 = VECTOR('',#9757,1.);
#9757 = DIRECTION('',(0.,1.));
#9758 = ( GEOMETRIC_REPRESENTATION_CONTEXT(2) 
PARAMETRIC_REPRESENTATION_CONTEXT() REPRESENTATION_CONTEXT('2D SPACE',''
  ) );
#9759 = PCURVE('',#9530,#9760);
#9760 = DEFINITIONAL_REPRESENTATION('',(#9761),#9765);
#9761 = LINE('',#9762,#9763);
#9762 = CARTESIAN_POINT('',(0.,15.8));
#9763 = VECTOR('',#9764,1.);
#9764 = DIRECTION('',(1.,0.));
#9765 = ( GEOMETRIC_REPRESENTATION_CONTEXT(2) 
PARAMETRIC_REPRESENTATION_CONTEXT() REPRESENTATION_CONTEXT('2D SPACE',''
  ) );
#9766 = ORIENTED_EDGE('',*,*,#9542,.T.);
#9767 = ORIENTED_EDGE('',*,*,#9768,.T.);
#9768 = EDGE_CURVE('',#9543,#9653,#9769,.T.);
#9769 = SURFACE_CURVE('',#9770,(#9774,#9781),.PCURVE_S1.);
#9770 = LINE('',#9771,#9772);
#9771 = CARTESIAN_POINT('',(15.6849922,-51.9600022,13.1));
#9772 = VECTOR('',#9773,1.);
#9773 = DIRECTION('',(1.,0.,0.));
#9774 = PCURVE('',#9558,#9775);
#9775 = DEFINITIONAL_REPRESENTATION('',(#9776),#9780);
#9776 = LINE('',#9777,#9778);
#9777 = CARTESIAN_POINT('',(11.5,0.));
#9778 = VECTOR('',#9779,1.);
#9779 = DIRECTION('',(0.,1.));
#9780 = ( GEOMETRIC_REPRESENTATION_CONTEXT(2) 
PARAMETRIC_REPRESENTATION_CONTEXT() REPRESENTATION_CONTEXT('2D SPACE',''
  ) );
#9781 = PCURVE('',#9584,#9782);
#9782 = DEFINITIONAL_REPRESENTATION('',(#9783),#9787);
#9783 = LINE('',#9784,#9785);
#9784 = CARTESIAN_POINT('',(0.,15.8));
#9785 = VECTOR('',#9786,1.);
#9786 = DIRECTION('',(1.,0.));
#9787 = ( GEOMETRIC_REPRESENTATION_CONTEXT(2) 
PARAMETRIC_REPRESENTATION_CONTEXT() REPRESENTATION_CONTEXT('2D SPACE',''
  ) );
#9788 = ORIENTED_EDGE('',*,*,#9652,.F.);
#9789 = ADVANCED_FACE('',(#9790),#9530,.F.);
#9790 = FACE_BOUND('',#9791,.F.);
#9791 = EDGE_LOOP('',(#9792,#9793,#9794,#9795));
#9792 = ORIENTED_EDGE('',*,*,#9514,.F.);
#9793 = ORIENTED_EDGE('',*,*,#9699,.T.);
#9794 = ORIENTED_EDGE('',*,*,#9629,.T.);
#9795 = ORIENTED_EDGE('',*,*,#9746,.F.);
#9796 = ADVANCED_FACE('',(#9797),#9584,.T.);
#9797 = FACE_BOUND('',#9798,.T.);
#9798 = EDGE_LOOP('',(#9799,#9800,#9801,#9802));
#9799 = ORIENTED_EDGE('',*,*,#9570,.F.);
#9800 = ORIENTED_EDGE('',*,*,#9721,.T.);
#9801 = ORIENTED_EDGE('',*,*,#9675,.T.);
#9802 = ORIENTED_EDGE('',*,*,#9768,.F.);
#9803 = ( GEOMETRIC_REPRESENTATION_CONTEXT(3) 
GLOBAL_UNCERTAINTY_ASSIGNED_CONTEXT((#9807)) 
GLOBAL_UNIT_ASSIGNED_CONTEXT((#9804,#9805,#9806)) REPRESENTATION_CONTEXT
('Context #1','3D Context with UNIT and UNCERTAINTY') );
#9804 = ( LENGTH_UNIT() NAMED_UNIT(*) SI_UNIT(.MILLI.,.METRE.) );
#9805 = ( NAMED_UNIT(*) PLANE_ANGLE_UNIT() SI_UNIT($,.RADIAN.) );
#9806 = ( NAMED_UNIT(*) SI_UNIT($,.STERADIAN.) SOLID_ANGLE_UNIT() );
#9807 = UNCERTAINTY_MEASURE_WITH_UNIT(LENGTH_MEASURE(1.E-07),#9804,
  'distance_accuracy_value','confusion accuracy');
#9808 = CONTEXT_DEPENDENT_SHAPE_REPRESENTATION(#9809,#9811);
#9809 = ( REPRESENTATION_RELATIONSHIP('','',#9472,#10) 
REPRESENTATION_RELATIONSHIP_WITH_TRANSFORMATION(#9810) 
SHAPE_REPRESENTATION_RELATIONSHIP() );
#9810 = ITEM_DEFINED_TRANSFORMATION('','',#11,#47);
#9811 = PRODUCT_DEFINITION_SHAPE('Placement','Placement of an item',
  #9812);
#9812 = NEXT_ASSEMBLY_USAGE_OCCURRENCE('24','','',#5,#9467,$);
#9813 = PRODUCT_RELATED_PRODUCT_CATEGORY('part',$,(#9469));
#9814 = SHAPE_DEFINITION_REPRESENTATION(#9815,#9821);
#9815 = PRODUCT_DEFINITION_SHAPE('','',#9816);
#9816 = PRODUCT_DEFINITION('design','',#9817,#9820);
#9817 = PRODUCT_DEFINITION_FORMATION('','',#9818);
#9818 = PRODUCT('Open CASCADE STEP translator 7.9 5.10',
  'Open CASCADE STEP translator 7.9 5.10','',(#9819));
#9819 = PRODUCT_CONTEXT('',#2,'mechanical');
#9820 = PRODUCT_DEFINITION_CONTEXT('part definition',#2,'design');
#9821 = ADVANCED_BREP_SHAPE_REPRESENTATION('',(#11,#9822),#10152);
#9822 = MANIFOLD_SOLID_BREP('',#9823);
#9823 = CLOSED_SHELL('',(#9824,#9944,#10044,#10091,#10138,#10145));
#9824 = ADVANCED_FACE('',(#9825),#9839,.F.);
#9825 = FACE_BOUND('',#9826,.F.);
#9826 = EDGE_LOOP('',(#9827,#9862,#9890,#9918));
#9827 = ORIENTED_EDGE('',*,*,#9828,.F.);
#9828 = EDGE_CURVE('',#9829,#9831,#9833,.T.);
#9829 = VERTEX_POINT('',#9830);
#9830 = CARTESIAN_POINT('',(14.4849922,-68.9600022,11.1));
#9831 = VERTEX_POINT('',#9832);
#9832 = CARTESIAN_POINT('',(14.4849922,-68.9600022,20.3));
#9833 = SURFACE_CURVE('',#9834,(#9838,#9850),.PCURVE_S1.);
#9834 = LINE('',#9835,#9836);
#9835 = CARTESIAN_POINT('',(14.4849922,-68.9600022,11.1));
#9836 = VECTOR('',#9837,1.);
#9837 = DIRECTION('',(0.,0.,1.));
#9838 = PCURVE('',#9839,#9844);
#9839 = PLANE('',#9840);
#9840 = AXIS2_PLACEMENT_3D('',#9841,#9842,#9843);
#9841 = CARTESIAN_POINT('',(14.4849922,-68.9600022,11.1));
#9842 = DIRECTION('',(1.,0.,0.));
#9843 = DIRECTION('',(0.,0.,1.));
#9844 = DEFINITIONAL_REPRESENTATION('',(#9845),#9849);
#9845 = LINE('',#9846,#9847);
#9846 = CARTESIAN_POINT('',(0.,0.));
#9847 = VECTOR('',#9848,1.);
#9848 = DIRECTION('',(1.,0.));
#9849 = ( GEOMETRIC_REPRESENTATION_CONTEXT(2) 
PARAMETRIC_REPRESENTATION_CONTEXT() REPRESENTATION_CONTEXT('2D SPACE',''
  ) );
#9850 = PCURVE('',#9851,#9856);
#9851 = PLANE('',#9852);
#9852 = AXIS2_PLACEMENT_3D('',#9853,#9854,#9855);
#9853 = CARTESIAN_POINT('',(14.4849922,-68.9600022,11.1));
#9854 = DIRECTION('',(0.,1.,0.));
#9855 = DIRECTION('',(0.,0.,1.));
#9856 = DEFINITIONAL_REPRESENTATION('',(#9857),#9861);
#9857 = LINE('',#9858,#9859);
#9858 = CARTESIAN_POINT('',(0.,0.));
#9859 = VECTOR('',#9860,1.);
#9860 = DIRECTION('',(1.,0.));
#9861 = ( GEOMETRIC_REPRESENTATION_CONTEXT(2) 
PARAMETRIC_REPRESENTATION_CONTEXT() REPRESENTATION_CONTEXT('2D SPACE',''
  ) );
#9862 = ORIENTED_EDGE('',*,*,#9863,.T.);
#9863 = EDGE_CURVE('',#9829,#9864,#9866,.T.);
#9864 = VERTEX_POINT('',#9865);
#9865 = CARTESIAN_POINT('',(14.4849922,-50.7600022,11.1));
#9866 = SURFACE_CURVE('',#9867,(#9871,#9878),.PCURVE_S1.);
#9867 = LINE('',#9868,#9869);
#9868 = CARTESIAN_POINT('',(14.4849922,-68.9600022,11.1));
#9869 = VECTOR('',#9870,1.);
#9870 = DIRECTION('',(0.,1.,0.));
#9871 = PCURVE('',#9839,#9872);
#9872 = DEFINITIONAL_REPRESENTATION('',(#9873),#9877);
#9873 = LINE('',#9874,#9875);
#9874 = CARTESIAN_POINT('',(0.,0.));
#9875 = VECTOR('',#9876,1.);
#9876 = DIRECTION('',(0.,-1.));
#9877 = ( GEOMETRIC_REPRESENTATION_CONTEXT(2) 
PARAMETRIC_REPRESENTATION_CONTEXT() REPRESENTATION_CONTEXT('2D SPACE',''
  ) );
#9878 = PCURVE('',#9879,#9884);
#9879 = PLANE('',#9880);
#9880 = AXIS2_PLACEMENT_3D('',#9881,#9882,#9883);
#9881 = CARTESIAN_POINT('',(14.4849922,-68.9600022,11.1));
#9882 = DIRECTION('',(0.,0.,1.));
#9883 = DIRECTION('',(1.,0.,0.));
#9884 = DEFINITIONAL_REPRESENTATION('',(#9885),#9889);
#9885 = LINE('',#9886,#9887);
#9886 = CARTESIAN_POINT('',(0.,0.));
#9887 = VECTOR('',#9888,1.);
#9888 = DIRECTION('',(0.,1.));
#9889 = ( GEOMETRIC_REPRESENTATION_CONTEXT(2) 
PARAMETRIC_REPRESENTATION_CONTEXT() REPRESENTATION_CONTEXT('2D SPACE',''
  ) );
#9890 = ORIENTED_EDGE('',*,*,#9891,.T.);
#9891 = EDGE_CURVE('',#9864,#9892,#9894,.T.);
#9892 = VERTEX_POINT('',#9893);
#9893 = CARTESIAN_POINT('',(14.4849922,-50.7600022,20.3));
#9894 = SURFACE_CURVE('',#9895,(#9899,#9906),.PCURVE_S1.);
#9895 = LINE('',#9896,#9897);
#9896 = CARTESIAN_POINT('',(14.4849922,-50.7600022,11.1));
#9897 = VECTOR('',#9898,1.);
#9898 = DIRECTION('',(0.,0.,1.));
#9899 = PCURVE('',#9839,#9900);
#9900 = DEFINITIONAL_REPRESENTATION('',(#9901),#9905);
#9901 = LINE('',#9902,#9903);
#9902 = CARTESIAN_POINT('',(0.,-18.2));
#9903 = VECTOR('',#9904,1.);
#9904 = DIRECTION('',(1.,0.));
#9905 = ( GEOMETRIC_REPRESENTATION_CONTEXT(2) 
PARAMETRIC_REPRESENTATION_CONTEXT() REPRESENTATION_CONTEXT('2D SPACE',''
  ) );
#9906 = PCURVE('',#9907,#9912);
#9907 = PLANE('',#9908);
#9908 = AXIS2_PLACEMENT_3D('',#9909,#9910,#9911);
#9909 = CARTESIAN_POINT('',(14.4849922,-50.7600022,11.1));
#9910 = DIRECTION('',(0.,1.,0.));
#9911 = DIRECTION('',(0.,0.,1.));
#9912 = DEFINITIONAL_REPRESENTATION('',(#9913),#9917);
#9913 = LINE('',#9914,#9915);
#9914 = CARTESIAN_POINT('',(0.,0.));
#9915 = VECTOR('',#9916,1.);
#9916 = DIRECTION('',(1.,0.));
#9917 = ( GEOMETRIC_REPRESENTATION_CONTEXT(2) 
PARAMETRIC_REPRESENTATION_CONTEXT() REPRESENTATION_CONTEXT('2D SPACE',''
  ) );
#9918 = ORIENTED_EDGE('',*,*,#9919,.F.);
#9919 = EDGE_CURVE('',#9831,#9892,#9920,.T.);
#9920 = SURFACE_CURVE('',#9921,(#9925,#9932),.PCURVE_S1.);
#9921 = LINE('',#9922,#9923);
#9922 = CARTESIAN_POINT('',(14.4849922,-68.9600022,20.3));
#9923 = VECTOR('',#9924,1.);
#9924 = DIRECTION('',(0.,1.,0.));
#9925 = PCURVE('',#9839,#9926);
#9926 = DEFINITIONAL_REPRESENTATION('',(#9927),#9931);
#9927 = LINE('',#9928,#9929);
#9928 = CARTESIAN_POINT('',(9.2,0.));
#9929 = VECTOR('',#9930,1.);
#9930 = DIRECTION('',(0.,-1.));
#9931 = ( GEOMETRIC_REPRESENTATION_CONTEXT(2) 
PARAMETRIC_REPRESENTATION_CONTEXT() REPRESENTATION_CONTEXT('2D SPACE',''
  ) );
#9932 = PCURVE('',#9933,#9938);
#9933 = PLANE('',#9934);
#9934 = AXIS2_PLACEMENT_3D('',#9935,#9936,#9937);
#9935 = CARTESIAN_POINT('',(14.4849922,-68.9600022,20.3));
#9936 = DIRECTION('',(0.,0.,1.));
#9937 = DIRECTION('',(1.,0.,0.));
#9938 = DEFINITIONAL_REPRESENTATION('',(#9939),#9943);
#9939 = LINE('',#9940,#9941);
#9940 = CARTESIAN_POINT('',(0.,0.));
#9941 = VECTOR('',#9942,1.);
#9942 = DIRECTION('',(0.,1.));
#9943 = ( GEOMETRIC_REPRESENTATION_CONTEXT(2) 
PARAMETRIC_REPRESENTATION_CONTEXT() REPRESENTATION_CONTEXT('2D SPACE',''
  ) );
#9944 = ADVANCED_FACE('',(#9945),#9959,.T.);
#9945 = FACE_BOUND('',#9946,.T.);
#9946 = EDGE_LOOP('',(#9947,#9977,#10000,#10023));
#9947 = ORIENTED_EDGE('',*,*,#9948,.F.);
#9948 = EDGE_CURVE('',#9949,#9951,#9953,.T.);
#9949 = VERTEX_POINT('',#9950);
#9950 = CARTESIAN_POINT('',(32.6849922,-68.9600022,11.1));
#9951 = VERTEX_POINT('',#9952);
#9952 = CARTESIAN_POINT('',(32.6849922,-68.9600022,20.3));
#9953 = SURFACE_CURVE('',#9954,(#9958,#9970),.PCURVE_S1.);
#9954 = LINE('',#9955,#9956);
#9955 = CARTESIAN_POINT('',(32.6849922,-68.9600022,11.1));
#9956 = VECTOR('',#9957,1.);
#9957 = DIRECTION('',(0.,0.,1.));
#9958 = PCURVE('',#9959,#9964);
#9959 = PLANE('',#9960);
#9960 = AXIS2_PLACEMENT_3D('',#9961,#9962,#9963);
#9961 = CARTESIAN_POINT('',(32.6849922,-68.9600022,11.1));
#9962 = DIRECTION('',(1.,0.,0.));
#9963 = DIRECTION('',(0.,0.,1.));
#9964 = DEFINITIONAL_REPRESENTATION('',(#9965),#9969);
#9965 = LINE('',#9966,#9967);
#9966 = CARTESIAN_POINT('',(0.,0.));
#9967 = VECTOR('',#9968,1.);
#9968 = DIRECTION('',(1.,0.));
#9969 = ( GEOMETRIC_REPRESENTATION_CONTEXT(2) 
PARAMETRIC_REPRESENTATION_CONTEXT() REPRESENTATION_CONTEXT('2D SPACE',''
  ) );
#9970 = PCURVE('',#9851,#9971);
#9971 = DEFINITIONAL_REPRESENTATION('',(#9972),#9976);
#9972 = LINE('',#9973,#9974);
#9973 = CARTESIAN_POINT('',(0.,18.2));
#9974 = VECTOR('',#9975,1.);
#9975 = DIRECTION('',(1.,0.));
#9976 = ( GEOMETRIC_REPRESENTATION_CONTEXT(2) 
PARAMETRIC_REPRESENTATION_CONTEXT() REPRESENTATION_CONTEXT('2D SPACE',''
  ) );
#9977 = ORIENTED_EDGE('',*,*,#9978,.T.);
#9978 = EDGE_CURVE('',#9949,#9979,#9981,.T.);
#9979 = VERTEX_POINT('',#9980);
#9980 = CARTESIAN_POINT('',(32.6849922,-50.7600022,11.1));
#9981 = SURFACE_CURVE('',#9982,(#9986,#9993),.PCURVE_S1.);
#9982 = LINE('',#9983,#9984);
#9983 = CARTESIAN_POINT('',(32.6849922,-68.9600022,11.1));
#9984 = VECTOR('',#9985,1.);
#9985 = DIRECTION('',(0.,1.,0.));
#9986 = PCURVE('',#9959,#9987);
#9987 = DEFINITIONAL_REPRESENTATION('',(#9988),#9992);
#9988 = LINE('',#9989,#9990);
#9989 = CARTESIAN_POINT('',(0.,0.));
#9990 = VECTOR('',#9991,1.);
#9991 = DIRECTION('',(0.,-1.));
#9992 = ( GEOMETRIC_REPRESENTATION_CONTEXT(2) 
PARAMETRIC_REPRESENTATION_CONTEXT() REPRESENTATION_CONTEXT('2D SPACE',''
  ) );
#9993 = PCURVE('',#9879,#9994);
#9994 = DEFINITIONAL_REPRESENTATION('',(#9995),#9999);
#9995 = LINE('',#9996,#9997);
#9996 = CARTESIAN_POINT('',(18.2,0.));
#9997 = VECTOR('',#9998,1.);
#9998 = DIRECTION('',(0.,1.));
#9999 = ( GEOMETRIC_REPRESENTATION_CONTEXT(2) 
PARAMETRIC_REPRESENTATION_CONTEXT() REPRESENTATION_CONTEXT('2D SPACE',''
  ) );
#10000 = ORIENTED_EDGE('',*,*,#10001,.T.);
#10001 = EDGE_CURVE('',#9979,#10002,#10004,.T.);
#10002 = VERTEX_POINT('',#10003);
#10003 = CARTESIAN_POINT('',(32.6849922,-50.7600022,20.3));
#10004 = SURFACE_CURVE('',#10005,(#10009,#10016),.PCURVE_S1.);
#10005 = LINE('',#10006,#10007);
#10006 = CARTESIAN_POINT('',(32.6849922,-50.7600022,11.1));
#10007 = VECTOR('',#10008,1.);
#10008 = DIRECTION('',(0.,0.,1.));
#10009 = PCURVE('',#9959,#10010);
#10010 = DEFINITIONAL_REPRESENTATION('',(#10011),#10015);
#10011 = LINE('',#10012,#10013);
#10012 = CARTESIAN_POINT('',(0.,-18.2));
#10013 = VECTOR('',#10014,1.);
#10014 = DIRECTION('',(1.,0.));
#10015 = ( GEOMETRIC_REPRESENTATION_CONTEXT(2) 
PARAMETRIC_REPRESENTATION_CONTEXT() REPRESENTATION_CONTEXT('2D SPACE',''
  ) );
#10016 = PCURVE('',#9907,#10017);
#10017 = DEFINITIONAL_REPRESENTATION('',(#10018),#10022);
#10018 = LINE('',#10019,#10020);
#10019 = CARTESIAN_POINT('',(0.,18.2));
#10020 = VECTOR('',#10021,1.);
#10021 = DIRECTION('',(1.,0.));
#10022 = ( GEOMETRIC_REPRESENTATION_CONTEXT(2) 
PARAMETRIC_REPRESENTATION_CONTEXT() REPRESENTATION_CONTEXT('2D SPACE',''
  ) );
#10023 = ORIENTED_EDGE('',*,*,#10024,.F.);
#10024 = EDGE_CURVE('',#9951,#10002,#10025,.T.);
#10025 = SURFACE_CURVE('',#10026,(#10030,#10037),.PCURVE_S1.);
#10026 = LINE('',#10027,#10028);
#10027 = CARTESIAN_POINT('',(32.6849922,-68.9600022,20.3));
#10028 = VECTOR('',#10029,1.);
#10029 = DIRECTION('',(0.,1.,0.));
#10030 = PCURVE('',#9959,#10031);
#10031 = DEFINITIONAL_REPRESENTATION('',(#10032),#10036);
#10032 = LINE('',#10033,#10034);
#10033 = CARTESIAN_POINT('',(9.2,0.));
#10034 = VECTOR('',#10035,1.);
#10035 = DIRECTION('',(0.,-1.));
#10036 = ( GEOMETRIC_REPRESENTATION_CONTEXT(2) 
PARAMETRIC_REPRESENTATION_CONTEXT() REPRESENTATION_CONTEXT('2D SPACE',''
  ) );
#10037 = PCURVE('',#9933,#10038);
#10038 = DEFINITIONAL_REPRESENTATION('',(#10039),#10043);
#10039 = LINE('',#10040,#10041);
#10040 = CARTESIAN_POINT('',(18.2,0.));
#10041 = VECTOR('',#10042,1.);
#10042 = DIRECTION('',(0.,1.));
#10043 = ( GEOMETRIC_REPRESENTATION_CONTEXT(2) 
PARAMETRIC_REPRESENTATION_CONTEXT() REPRESENTATION_CONTEXT('2D SPACE',''
  ) );
#10044 = ADVANCED_FACE('',(#10045),#9851,.F.);
#10045 = FACE_BOUND('',#10046,.F.);
#10046 = EDGE_LOOP('',(#10047,#10068,#10069,#10090));
#10047 = ORIENTED_EDGE('',*,*,#10048,.F.);
#10048 = EDGE_CURVE('',#9829,#9949,#10049,.T.);
#10049 = SURFACE_CURVE('',#10050,(#10054,#10061),.PCURVE_S1.);
#10050 = LINE('',#10051,#10052);
#10051 = CARTESIAN_POINT('',(14.4849922,-68.9600022,11.1));
#10052 = VECTOR('',#10053,1.);
#10053 = DIRECTION('',(1.,0.,0.));
#10054 = PCURVE('',#9851,#10055);
#10055 = DEFINITIONAL_REPRESENTATION('',(#10056),#10060);
#10056 = LINE('',#10057,#10058);
#10057 = CARTESIAN_POINT('',(0.,0.));
#10058 = VECTOR('',#10059,1.);
#10059 = DIRECTION('',(0.,1.));
#10060 = ( GEOMETRIC_REPRESENTATION_CONTEXT(2) 
PARAMETRIC_REPRESENTATION_CONTEXT() REPRESENTATION_CONTEXT('2D SPACE',''
  ) );
#10061 = PCURVE('',#9879,#10062);
#10062 = DEFINITIONAL_REPRESENTATION('',(#10063),#10067);
#10063 = LINE('',#10064,#10065);
#10064 = CARTESIAN_POINT('',(0.,0.));
#10065 = VECTOR('',#10066,1.);
#10066 = DIRECTION('',(1.,0.));
#10067 = ( GEOMETRIC_REPRESENTATION_CONTEXT(2) 
PARAMETRIC_REPRESENTATION_CONTEXT() REPRESENTATION_CONTEXT('2D SPACE',''
  ) );
#10068 = ORIENTED_EDGE('',*,*,#9828,.T.);
#10069 = ORIENTED_EDGE('',*,*,#10070,.T.);
#10070 = EDGE_CURVE('',#9831,#9951,#10071,.T.);
#10071 = SURFACE_CURVE('',#10072,(#10076,#10083),.PCURVE_S1.);
#10072 = LINE('',#10073,#10074);
#10073 = CARTESIAN_POINT('',(14.4849922,-68.9600022,20.3));
#10074 = VECTOR('',#10075,1.);
#10075 = DIRECTION('',(1.,0.,0.));
#10076 = PCURVE('',#9851,#10077);
#10077 = DEFINITIONAL_REPRESENTATION('',(#10078),#10082);
#10078 = LINE('',#10079,#10080);
#10079 = CARTESIAN_POINT('',(9.2,0.));
#10080 = VECTOR('',#10081,1.);
#10081 = DIRECTION('',(0.,1.));
#10082 = ( GEOMETRIC_REPRESENTATION_CONTEXT(2) 
PARAMETRIC_REPRESENTATION_CONTEXT() REPRESENTATION_CONTEXT('2D SPACE',''
  ) );
#10083 = PCURVE('',#9933,#10084);
#10084 = DEFINITIONAL_REPRESENTATION('',(#10085),#10089);
#10085 = LINE('',#10086,#10087);
#10086 = CARTESIAN_POINT('',(0.,0.));
#10087 = VECTOR('',#10088,1.);
#10088 = DIRECTION('',(1.,0.));
#10089 = ( GEOMETRIC_REPRESENTATION_CONTEXT(2) 
PARAMETRIC_REPRESENTATION_CONTEXT() REPRESENTATION_CONTEXT('2D SPACE',''
  ) );
#10090 = ORIENTED_EDGE('',*,*,#9948,.F.);
#10091 = ADVANCED_FACE('',(#10092),#9907,.T.);
#10092 = FACE_BOUND('',#10093,.T.);
#10093 = EDGE_LOOP('',(#10094,#10115,#10116,#10137));
#10094 = ORIENTED_EDGE('',*,*,#10095,.F.);
#10095 = EDGE_CURVE('',#9864,#9979,#10096,.T.);
#10096 = SURFACE_CURVE('',#10097,(#10101,#10108),.PCURVE_S1.);
#10097 = LINE('',#10098,#10099);
#10098 = CARTESIAN_POINT('',(14.4849922,-50.7600022,11.1));
#10099 = VECTOR('',#10100,1.);
#10100 = DIRECTION('',(1.,0.,0.));
#10101 = PCURVE('',#9907,#10102);
#10102 = DEFINITIONAL_REPRESENTATION('',(#10103),#10107);
#10103 = LINE('',#10104,#10105);
#10104 = CARTESIAN_POINT('',(0.,0.));
#10105 = VECTOR('',#10106,1.);
#10106 = DIRECTION('',(0.,1.));
#10107 = ( GEOMETRIC_REPRESENTATION_CONTEXT(2) 
PARAMETRIC_REPRESENTATION_CONTEXT() REPRESENTATION_CONTEXT('2D SPACE',''
  ) );
#10108 = PCURVE('',#9879,#10109);
#10109 = DEFINITIONAL_REPRESENTATION('',(#10110),#10114);
#10110 = LINE('',#10111,#10112);
#10111 = CARTESIAN_POINT('',(0.,18.2));
#10112 = VECTOR('',#10113,1.);
#10113 = DIRECTION('',(1.,0.));
#10114 = ( GEOMETRIC_REPRESENTATION_CONTEXT(2) 
PARAMETRIC_REPRESENTATION_CONTEXT() REPRESENTATION_CONTEXT('2D SPACE',''
  ) );
#10115 = ORIENTED_EDGE('',*,*,#9891,.T.);
#10116 = ORIENTED_EDGE('',*,*,#10117,.T.);
#10117 = EDGE_CURVE('',#9892,#10002,#10118,.T.);
#10118 = SURFACE_CURVE('',#10119,(#10123,#10130),.PCURVE_S1.);
#10119 = LINE('',#10120,#10121);
#10120 = CARTESIAN_POINT('',(14.4849922,-50.7600022,20.3));
#10121 = VECTOR('',#10122,1.);
#10122 = DIRECTION('',(1.,0.,0.));
#10123 = PCURVE('',#9907,#10124);
#10124 = DEFINITIONAL_REPRESENTATION('',(#10125),#10129);
#10125 = LINE('',#10126,#10127);
#10126 = CARTESIAN_POINT('',(9.2,0.));
#10127 = VECTOR('',#10128,1.);
#10128 = DIRECTION('',(0.,1.));
#10129 = ( GEOMETRIC_REPRESENTATION_CONTEXT(2) 
PARAMETRIC_REPRESENTATION_CONTEXT() REPRESENTATION_CONTEXT('2D SPACE',''
  ) );
#10130 = PCURVE('',#9933,#10131);
#10131 = DEFINITIONAL_REPRESENTATION('',(#10132),#10136);
#10132 = LINE('',#10133,#10134);
#10133 = CARTESIAN_POINT('',(0.,18.2));
#10134 = VECTOR('',#10135,1.);
#10135 = DIRECTION('',(1.,0.));
#10136 = ( GEOMETRIC_REPRESENTATION_CONTEXT(2) 
PARAMETRIC_REPRESENTATION_CONTEXT() REPRESENTATION_CONTEXT('2D SPACE',''
  ) );
#10137 = ORIENTED_EDGE('',*,*,#10001,.F.);
#10138 = ADVANCED_FACE('',(#10139),#9879,.F.);
#10139 = FACE_BOUND('',#10140,.F.);
#10140 = EDGE_LOOP('',(#10141,#10142,#10143,#10144));
#10141 = ORIENTED_EDGE('',*,*,#9863,.F.);
#10142 = ORIENTED_EDGE('',*,*,#10048,.T.);
#10143 = ORIENTED_EDGE('',*,*,#9978,.T.);
#10144 = ORIENTED_EDGE('',*,*,#10095,.F.);
#10145 = ADVANCED_FACE('',(#10146),#9933,.T.);
#10146 = FACE_BOUND('',#10147,.T.);
#10147 = EDGE_LOOP('',(#10148,#10149,#10150,#10151));
#10148 = ORIENTED_EDGE('',*,*,#9919,.F.);
#10149 = ORIENTED_EDGE('',*,*,#10070,.T.);
#10150 = ORIENTED_EDGE('',*,*,#10024,.T.);
#10151 = ORIENTED_EDGE('',*,*,#10117,.F.);
#10152 = ( GEOMETRIC_REPRESENTATION_CONTEXT(3) 
GLOBAL_UNCERTAINTY_ASSIGNED_CONTEXT((#10156)) 
GLOBAL_UNIT_ASSIGNED_CONTEXT((#10153,#10154,#10155)) 
REPRESENTATION_CONTEXT('Context #1',
  '3D Context with UNIT and UNCERTAINTY') );
#10153 = ( LENGTH_UNIT() NAMED_UNIT(*) SI_UNIT(.MILLI.,.METRE.) );
#10154 = ( NAMED_UNIT(*) PLANE_ANGLE_UNIT() SI_UNIT($,.RADIAN.) );
#10155 = ( NAMED_UNIT(*) SI_UNIT($,.STERADIAN.) SOLID_ANGLE_UNIT() );
#10156 = UNCERTAINTY_MEASURE_WITH_UNIT(LENGTH_MEASURE(1.E-07),#10153,
  'distance_accuracy_value','confusion accuracy');
#10157 = CONTEXT_DEPENDENT_SHAPE_REPRESENTATION(#10158,#10160);
#10158 = ( REPRESENTATION_RELATIONSHIP('','',#9821,#10) 
REPRESENTATION_RELATIONSHIP_WITH_TRANSFORMATION(#10159) 
SHAPE_REPRESENTATION_RELATIONSHIP() );
#10159 = ITEM_DEFINED_TRANSFORMATION('','',#11,#51);
#10160 = PRODUCT_DEFINITION_SHAPE('Placement','Placement of an item',
  #10161);
#10161 = NEXT_ASSEMBLY_USAGE_OCCURRENCE('25','','',#5,#9816,$);
#10162 = PRODUCT_RELATED_PRODUCT_CATEGORY('part',$,(#9818));
#10163 = SHAPE_DEFINITION_REPRESENTATION(#10164,#10170);
#10164 = PRODUCT_DEFINITION_SHAPE('','',#10165);
#10165 = PRODUCT_DEFINITION('design','',#10166,#10169);
#10166 = PRODUCT_DEFINITION_FORMATION('','',#10167);
#10167 = PRODUCT('Open CASCADE STEP translator 7.9 5.11',
  'Open CASCADE STEP translator 7.9 5.11','',(#10168));
#10168 = PRODUCT_CONTEXT('',#2,'mechanical');
#10169 = PRODUCT_DEFINITION_CONTEXT('part definition',#2,'design');
#10170 = ADVANCED_BREP_SHAPE_REPRESENTATION('',(#11,#10171),#10269);
#10171 = MANIFOLD_SOLID_BREP('',#10172);
#10172 = CLOSED_SHELL('',(#10173,#10261,#10265));
#10173 = ADVANCED_FACE('',(#10174),#10188,.T.);
#10174 = FACE_BOUND('',#10175,.F.);
#10175 = EDGE_LOOP('',(#10176,#10206,#10233,#10234));
#10176 = ORIENTED_EDGE('',*,*,#10177,.T.);
#10177 = EDGE_CURVE('',#10178,#10180,#10182,.T.);
#10178 = VERTEX_POINT('',#10179);
#10179 = CARTESIAN_POINT('',(25.4849922,-59.8600022,-1.8));
#10180 = VERTEX_POINT('',#10181);
#10181 = CARTESIAN_POINT('',(25.4849922,-59.8600022,1.7));
#10182 = SEAM_CURVE('',#10183,(#10187,#10199),.PCURVE_S1.);
#10183 = LINE('',#10184,#10185);
#10184 = CARTESIAN_POINT('',(25.4849922,-59.8600022,-1.8));
#10185 = VECTOR('',#10186,1.);
#10186 = DIRECTION('',(0.,0.,1.));
#10187 = PCURVE('',#10188,#10193);
#10188 = CYLINDRICAL_SURFACE('',#10189,1.9);
#10189 = AXIS2_PLACEMENT_3D('',#10190,#10191,#10192);
#10190 = CARTESIAN_POINT('',(23.5849922,-59.8600022,-1.8));
#10191 = DIRECTION('',(-0.,-0.,-1.));
#10192 = DIRECTION('',(1.,0.,0.));
#10193 = DEFINITIONAL_REPRESENTATION('',(#10194),#10198);
#10194 = LINE('',#10195,#10196);
#10195 = CARTESIAN_POINT('',(-0.,0.));
#10196 = VECTOR('',#10197,1.);
#10197 = DIRECTION('',(-0.,-1.));
#10198 = ( GEOMETRIC_REPRESENTATION_CONTEXT(2) 
PARAMETRIC_REPRESENTATION_CONTEXT() REPRESENTATION_CONTEXT('2D SPACE',''
  ) );
#10199 = PCURVE('',#10188,#10200);
#10200 = DEFINITIONAL_REPRESENTATION('',(#10201),#10205);
#10201 = LINE('',#10202,#10203);
#10202 = CARTESIAN_POINT('',(-6.28318530718,0.));
#10203 = VECTOR('',#10204,1.);
#10204 = DIRECTION('',(-0.,-1.));
#10205 = ( GEOMETRIC_REPRESENTATION_CONTEXT(2) 
PARAMETRIC_REPRESENTATION_CONTEXT() REPRESENTATION_CONTEXT('2D SPACE',''
  ) );
#10206 = ORIENTED_EDGE('',*,*,#10207,.T.);
#10207 = EDGE_CURVE('',#10180,#10180,#10208,.T.);
#10208 = SURFACE_CURVE('',#10209,(#10214,#10221),.PCURVE_S1.);
#10209 = CIRCLE('',#10210,1.9);
#10210 = AXIS2_PLACEMENT_3D('',#10211,#10212,#10213);
#10211 = CARTESIAN_POINT('',(23.5849922,-59.8600022,1.7));
#10212 = DIRECTION('',(0.,0.,1.));
#10213 = DIRECTION('',(1.,0.,0.));
#10214 = PCURVE('',#10188,#10215);
#10215 = DEFINITIONAL_REPRESENTATION('',(#10216),#10220);
#10216 = LINE('',#10217,#10218);
#10217 = CARTESIAN_POINT('',(-0.,-3.5));
#10218 = VECTOR('',#10219,1.);
#10219 = DIRECTION('',(-1.,0.));
#10220 = ( GEOMETRIC_REPRESENTATION_CONTEXT(2) 
PARAMETRIC_REPRESENTATION_CONTEXT() REPRESENTATION_CONTEXT('2D SPACE',''
  ) );
#10221 = PCURVE('',#10222,#10227);
#10222 = PLANE('',#10223);
#10223 = AXIS2_PLACEMENT_3D('',#10224,#10225,#10226);
#10224 = CARTESIAN_POINT('',(23.5849922,-59.8600022,1.7));
#10225 = DIRECTION('',(0.,0.,1.));
#10226 = DIRECTION('',(1.,0.,-0.));
#10227 = DEFINITIONAL_REPRESENTATION('',(#10228),#10232);
#10228 = CIRCLE('',#10229,1.9);
#10229 = AXIS2_PLACEMENT_2D('',#10230,#10231);
#10230 = CARTESIAN_POINT('',(0.,0.));
#10231 = DIRECTION('',(1.,0.));
#10232 = ( GEOMETRIC_REPRESENTATION_CONTEXT(2) 
PARAMETRIC_REPRESENTATION_CONTEXT() REPRESENTATION_CONTEXT('2D SPACE',''
  ) );
#10233 = ORIENTED_EDGE('',*,*,#10177,.F.);
#10234 = ORIENTED_EDGE('',*,*,#10235,.F.);
#10235 = EDGE_CURVE('',#10178,#10178,#10236,.T.);
#10236 = SURFACE_CURVE('',#10237,(#10242,#10249),.PCURVE_S1.);
#10237 = CIRCLE('',#10238,1.9);
#10238 = AXIS2_PLACEMENT_3D('',#10239,#10240,#10241);
#10239 = CARTESIAN_POINT('',(23.5849922,-59.8600022,-1.8));
#10240 = DIRECTION('',(0.,0.,1.));
#10241 = DIRECTION('',(1.,0.,0.));
#10242 = PCURVE('',#10188,#10243);
#10243 = DEFINITIONAL_REPRESENTATION('',(#10244),#10248);
#10244 = LINE('',#10245,#10246);
#10245 = CARTESIAN_POINT('',(-0.,0.));
#10246 = VECTOR('',#10247,1.);
#10247 = DIRECTION('',(-1.,0.));
#10248 = ( GEOMETRIC_REPRESENTATION_CONTEXT(2) 
PARAMETRIC_REPRESENTATION_CONTEXT() REPRESENTATION_CONTEXT('2D SPACE',''
  ) );
#10249 = PCURVE('',#10250,#10255);
#10250 = PLANE('',#10251);
#10251 = AXIS2_PLACEMENT_3D('',#10252,#10253,#10254);
#10252 = CARTESIAN_POINT('',(23.5849922,-59.8600022,-1.8));
#10253 = DIRECTION('',(0.,0.,1.));
#10254 = DIRECTION('',(1.,0.,-0.));
#10255 = DEFINITIONAL_REPRESENTATION('',(#10256),#10260);
#10256 = CIRCLE('',#10257,1.9);
#10257 = AXIS2_PLACEMENT_2D('',#10258,#10259);
#10258 = CARTESIAN_POINT('',(0.,0.));
#10259 = DIRECTION('',(1.,0.));
#10260 = ( GEOMETRIC_REPRESENTATION_CONTEXT(2) 
PARAMETRIC_REPRESENTATION_CONTEXT() REPRESENTATION_CONTEXT('2D SPACE',''
  ) );
#10261 = ADVANCED_FACE('',(#10262),#10250,.F.);
#10262 = FACE_BOUND('',#10263,.F.);
#10263 = EDGE_LOOP('',(#10264));
#10264 = ORIENTED_EDGE('',*,*,#10235,.T.);
#10265 = ADVANCED_FACE('',(#10266),#10222,.T.);
#10266 = FACE_BOUND('',#10267,.T.);
#10267 = EDGE_LOOP('',(#10268));
#10268 = ORIENTED_EDGE('',*,*,#10207,.T.);
#10269 = ( GEOMETRIC_REPRESENTATION_CONTEXT(3) 
GLOBAL_UNCERTAINTY_ASSIGNED_CONTEXT((#10273)) 
GLOBAL_UNIT_ASSIGNED_CONTEXT((#10270,#10271,#10272)) 
REPRESENTATION_CONTEXT('Context #1',
  '3D Context with UNIT and UNCERTAINTY') );
#10270 = ( LENGTH_UNIT() NAMED_UNIT(*) SI_UNIT(.MILLI.,.METRE.) );
#10271 = ( NAMED_UNIT(*) PLANE_ANGLE_UNIT() SI_UNIT($,.RADIAN.) );
#10272 = ( NAMED_UNIT(*) SI_UNIT($,.STERADIAN.) SOLID_ANGLE_UNIT() );
#10273 = UNCERTAINTY_MEASURE_WITH_UNIT(LENGTH_MEASURE(1.E-07),#10270,
  'distance_accuracy_value','confusion accuracy');
#10274 = CONTEXT_DEPENDENT_SHAPE_REPRESENTATION(#10275,#10277);
#10275 = ( REPRESENTATION_RELATIONSHIP('','',#10170,#10) 
REPRESENTATION_RELATIONSHIP_WITH_TRANSFORMATION(#10276) 
SHAPE_REPRESENTATION_RELATIONSHIP() );
#10276 = ITEM_DEFINED_TRANSFORMATION('','',#11,#55);
#10277 = PRODUCT_DEFINITION_SHAPE('Placement','Placement of an item',
  #10278);
#10278 = NEXT_ASSEMBLY_USAGE_OCCURRENCE('26','','',#5,#10165,$);
#10279 = PRODUCT_RELATED_PRODUCT_CATEGORY('part',$,(#10167));
#10280 = SHAPE_DEFINITION_REPRESENTATION(#10281,#10287);
#10281 = PRODUCT_DEFINITION_SHAPE('','',#10282);
#10282 = PRODUCT_DEFINITION('design','',#10283,#10286);
#10283 = PRODUCT_DEFINITION_FORMATION('','',#10284);
#10284 = PRODUCT('Open CASCADE STEP translator 7.9 5.12',
  'Open CASCADE STEP translator 7.9 5.12','',(#10285));
#10285 = PRODUCT_CONTEXT('',#2,'mechanical');
#10286 = PRODUCT_DEFINITION_CONTEXT('part definition',#2,'design');
#10287 = ADVANCED_BREP_SHAPE_REPRESENTATION('',(#11,#10288),#10618);
#10288 = MANIFOLD_SOLID_BREP('',#10289);
#10289 = CLOSED_SHELL('',(#10290,#10410,#10510,#10557,#10604,#10611));
#10290 = ADVANCED_FACE('',(#10291),#10305,.F.);
#10291 = FACE_BOUND('',#10292,.F.);
#10292 = EDGE_LOOP('',(#10293,#10328,#10356,#10384));
#10293 = ORIENTED_EDGE('',*,*,#10294,.F.);
#10294 = EDGE_CURVE('',#10295,#10297,#10299,.T.);
#10295 = VERTEX_POINT('',#10296);
#10296 = CARTESIAN_POINT('',(34.7329094,-67.7600022,1.6));
#10297 = VERTEX_POINT('',#10298);
#10298 = CARTESIAN_POINT('',(34.7329094,-67.7600022,13.1));
#10299 = SURFACE_CURVE('',#10300,(#10304,#10316),.PCURVE_S1.);
#10300 = LINE('',#10301,#10302);
#10301 = CARTESIAN_POINT('',(34.7329094,-67.7600022,1.6));
#10302 = VECTOR('',#10303,1.);
#10303 = DIRECTION('',(0.,0.,1.));
#10304 = PCURVE('',#10305,#10310);
#10305 = PLANE('',#10306);
#10306 = AXIS2_PLACEMENT_3D('',#10307,#10308,#10309);
#10307 = CARTESIAN_POINT('',(34.7329094,-67.7600022,1.6));
#10308 = DIRECTION('',(1.,0.,0.));
#10309 = DIRECTION('',(0.,0.,1.));
#10310 = DEFINITIONAL_REPRESENTATION('',(#10311),#10315);
#10311 = LINE('',#10312,#10313);
#10312 = CARTESIAN_POINT('',(0.,0.));
#10313 = VECTOR('',#10314,1.);
#10314 = DIRECTION('',(1.,0.));
#10315 = ( GEOMETRIC_REPRESENTATION_CONTEXT(2) 
PARAMETRIC_REPRESENTATION_CONTEXT() REPRESENTATION_CONTEXT('2D SPACE',''
  ) );
#10316 = PCURVE('',#10317,#10322);
#10317 = PLANE('',#10318);
#10318 = AXIS2_PLACEMENT_3D('',#10319,#10320,#10321);
#10319 = CARTESIAN_POINT('',(34.7329094,-67.7600022,1.6));
#10320 = DIRECTION('',(0.,1.,0.));
#10321 = DIRECTION('',(0.,0.,1.));
#10322 = DEFINITIONAL_REPRESENTATION('',(#10323),#10327);
#10323 = LINE('',#10324,#10325);
#10324 = CARTESIAN_POINT('',(0.,0.));
#10325 = VECTOR('',#10326,1.);
#10326 = DIRECTION('',(1.,0.));
#10327 = ( GEOMETRIC_REPRESENTATION_CONTEXT(2) 
PARAMETRIC_REPRESENTATION_CONTEXT() REPRESENTATION_CONTEXT('2D SPACE',''
  ) );
#10328 = ORIENTED_EDGE('',*,*,#10329,.T.);
#10329 = EDGE_CURVE('',#10295,#10330,#10332,.T.);
#10330 = VERTEX_POINT('',#10331);
#10331 = CARTESIAN_POINT('',(34.7329094,-51.9600022,1.6));
#10332 = SURFACE_CURVE('',#10333,(#10337,#10344),.PCURVE_S1.);
#10333 = LINE('',#10334,#10335);
#10334 = CARTESIAN_POINT('',(34.7329094,-67.7600022,1.6));
#10335 = VECTOR('',#10336,1.);
#10336 = DIRECTION('',(0.,1.,0.));
#10337 = PCURVE('',#10305,#10338);
#10338 = DEFINITIONAL_REPRESENTATION('',(#10339),#10343);
#10339 = LINE('',#10340,#10341);
#10340 = CARTESIAN_POINT('',(0.,0.));
#10341 = VECTOR('',#10342,1.);
#10342 = DIRECTION('',(0.,-1.));
#10343 = ( GEOMETRIC_REPRESENTATION_CONTEXT(2) 
PARAMETRIC_REPRESENTATION_CONTEXT() REPRESENTATION_CONTEXT('2D SPACE',''
  ) );
#10344 = PCURVE('',#10345,#10350);
#10345 = PLANE('',#10346);
#10346 = AXIS2_PLACEMENT_3D('',#10347,#10348,#10349);
#10347 = CARTESIAN_POINT('',(34.7329094,-67.7600022,1.6));
#10348 = DIRECTION('',(0.,0.,1.));
#10349 = DIRECTION('',(1.,0.,0.));
#10350 = DEFINITIONAL_REPRESENTATION('',(#10351),#10355);
#10351 = LINE('',#10352,#10353);
#10352 = CARTESIAN_POINT('',(0.,0.));
#10353 = VECTOR('',#10354,1.);
#10354 = DIRECTION('',(0.,1.));
#10355 = ( GEOMETRIC_REPRESENTATION_CONTEXT(2) 
PARAMETRIC_REPRESENTATION_CONTEXT() REPRESENTATION_CONTEXT('2D SPACE',''
  ) );
#10356 = ORIENTED_EDGE('',*,*,#10357,.T.);
#10357 = EDGE_CURVE('',#10330,#10358,#10360,.T.);
#10358 = VERTEX_POINT('',#10359);
#10359 = CARTESIAN_POINT('',(34.7329094,-51.9600022,13.1));
#10360 = SURFACE_CURVE('',#10361,(#10365,#10372),.PCURVE_S1.);
#10361 = LINE('',#10362,#10363);
#10362 = CARTESIAN_POINT('',(34.7329094,-51.9600022,1.6));
#10363 = VECTOR('',#10364,1.);
#10364 = DIRECTION('',(0.,0.,1.));
#10365 = PCURVE('',#10305,#10366);
#10366 = DEFINITIONAL_REPRESENTATION('',(#10367),#10371);
#10367 = LINE('',#10368,#10369);
#10368 = CARTESIAN_POINT('',(0.,-15.8));
#10369 = VECTOR('',#10370,1.);
#10370 = DIRECTION('',(1.,0.));
#10371 = ( GEOMETRIC_REPRESENTATION_CONTEXT(2) 
PARAMETRIC_REPRESENTATION_CONTEXT() REPRESENTATION_CONTEXT('2D SPACE',''
  ) );
#10372 = PCURVE('',#10373,#10378);
#10373 = PLANE('',#10374);
#10374 = AXIS2_PLACEMENT_3D('',#10375,#10376,#10377);
#10375 = CARTESIAN_POINT('',(34.7329094,-51.9600022,1.6));
#10376 = DIRECTION('',(0.,1.,0.));
#10377 = DIRECTION('',(0.,0.,1.));
#10378 = DEFINITIONAL_REPRESENTATION('',(#10379),#10383);
#10379 = LINE('',#10380,#10381);
#10380 = CARTESIAN_POINT('',(0.,0.));
#10381 = VECTOR('',#10382,1.);
#10382 = DIRECTION('',(1.,0.));
#10383 = ( GEOMETRIC_REPRESENTATION_CONTEXT(2) 
PARAMETRIC_REPRESENTATION_CONTEXT() REPRESENTATION_CONTEXT('2D SPACE',''
  ) );
#10384 = ORIENTED_EDGE('',*,*,#10385,.F.);
#10385 = EDGE_CURVE('',#10297,#10358,#10386,.T.);
#10386 = SURFACE_CURVE('',#10387,(#10391,#10398),.PCURVE_S1.);
#10387 = LINE('',#10388,#10389);
#10388 = CARTESIAN_POINT('',(34.7329094,-67.7600022,13.1));
#10389 = VECTOR('',#10390,1.);
#10390 = DIRECTION('',(0.,1.,0.));
#10391 = PCURVE('',#10305,#10392);
#10392 = DEFINITIONAL_REPRESENTATION('',(#10393),#10397);
#10393 = LINE('',#10394,#10395);
#10394 = CARTESIAN_POINT('',(11.5,0.));
#10395 = VECTOR('',#10396,1.);
#10396 = DIRECTION('',(0.,-1.));
#10397 = ( GEOMETRIC_REPRESENTATION_CONTEXT(2) 
PARAMETRIC_REPRESENTATION_CONTEXT() REPRESENTATION_CONTEXT('2D SPACE',''
  ) );
#10398 = PCURVE('',#10399,#10404);
#10399 = PLANE('',#10400);
#10400 = AXIS2_PLACEMENT_3D('',#10401,#10402,#10403);
#10401 = CARTESIAN_POINT('',(34.7329094,-67.7600022,13.1));
#10402 = DIRECTION('',(0.,0.,1.));
#10403 = DIRECTION('',(1.,0.,0.));
#10404 = DEFINITIONAL_REPRESENTATION('',(#10405),#10409);
#10405 = LINE('',#10406,#10407);
#10406 = CARTESIAN_POINT('',(0.,0.));
#10407 = VECTOR('',#10408,1.);
#10408 = DIRECTION('',(0.,1.));
#10409 = ( GEOMETRIC_REPRESENTATION_CONTEXT(2) 
PARAMETRIC_REPRESENTATION_CONTEXT() REPRESENTATION_CONTEXT('2D SPACE',''
  ) );
#10410 = ADVANCED_FACE('',(#10411),#10425,.T.);
#10411 = FACE_BOUND('',#10412,.T.);
#10412 = EDGE_LOOP('',(#10413,#10443,#10466,#10489));
#10413 = ORIENTED_EDGE('',*,*,#10414,.F.);
#10414 = EDGE_CURVE('',#10415,#10417,#10419,.T.);
#10415 = VERTEX_POINT('',#10416);
#10416 = CARTESIAN_POINT('',(50.5329094,-67.7600022,1.6));
#10417 = VERTEX_POINT('',#10418);
#10418 = CARTESIAN_POINT('',(50.5329094,-67.7600022,13.1));
#10419 = SURFACE_CURVE('',#10420,(#10424,#10436),.PCURVE_S1.);
#10420 = LINE('',#10421,#10422);
#10421 = CARTESIAN_POINT('',(50.5329094,-67.7600022,1.6));
#10422 = VECTOR('',#10423,1.);
#10423 = DIRECTION('',(0.,0.,1.));
#10424 = PCURVE('',#10425,#10430);
#10425 = PLANE('',#10426);
#10426 = AXIS2_PLACEMENT_3D('',#10427,#10428,#10429);
#10427 = CARTESIAN_POINT('',(50.5329094,-67.7600022,1.6));
#10428 = DIRECTION('',(1.,0.,0.));
#10429 = DIRECTION('',(0.,0.,1.));
#10430 = DEFINITIONAL_REPRESENTATION('',(#10431),#10435);
#10431 = LINE('',#10432,#10433);
#10432 = CARTESIAN_POINT('',(0.,0.));
#10433 = VECTOR('',#10434,1.);
#10434 = DIRECTION('',(1.,0.));
#10435 = ( GEOMETRIC_REPRESENTATION_CONTEXT(2) 
PARAMETRIC_REPRESENTATION_CONTEXT() REPRESENTATION_CONTEXT('2D SPACE',''
  ) );
#10436 = PCURVE('',#10317,#10437);
#10437 = DEFINITIONAL_REPRESENTATION('',(#10438),#10442);
#10438 = LINE('',#10439,#10440);
#10439 = CARTESIAN_POINT('',(0.,15.8));
#10440 = VECTOR('',#10441,1.);
#10441 = DIRECTION('',(1.,0.));
#10442 = ( GEOMETRIC_REPRESENTATION_CONTEXT(2) 
PARAMETRIC_REPRESENTATION_CONTEXT() REPRESENTATION_CONTEXT('2D SPACE',''
  ) );
#10443 = ORIENTED_EDGE('',*,*,#10444,.T.);
#10444 = EDGE_CURVE('',#10415,#10445,#10447,.T.);
#10445 = VERTEX_POINT('',#10446);
#10446 = CARTESIAN_POINT('',(50.5329094,-51.9600022,1.6));
#10447 = SURFACE_CURVE('',#10448,(#10452,#10459),.PCURVE_S1.);
#10448 = LINE('',#10449,#10450);
#10449 = CARTESIAN_POINT('',(50.5329094,-67.7600022,1.6));
#10450 = VECTOR('',#10451,1.);
#10451 = DIRECTION('',(0.,1.,0.));
#10452 = PCURVE('',#10425,#10453);
#10453 = DEFINITIONAL_REPRESENTATION('',(#10454),#10458);
#10454 = LINE('',#10455,#10456);
#10455 = CARTESIAN_POINT('',(0.,0.));
#10456 = VECTOR('',#10457,1.);
#10457 = DIRECTION('',(0.,-1.));
#10458 = ( GEOMETRIC_REPRESENTATION_CONTEXT(2) 
PARAMETRIC_REPRESENTATION_CONTEXT() REPRESENTATION_CONTEXT('2D SPACE',''
  ) );
#10459 = PCURVE('',#10345,#10460);
#10460 = DEFINITIONAL_REPRESENTATION('',(#10461),#10465);
#10461 = LINE('',#10462,#10463);
#10462 = CARTESIAN_POINT('',(15.8,0.));
#10463 = VECTOR('',#10464,1.);
#10464 = DIRECTION('',(0.,1.));
#10465 = ( GEOMETRIC_REPRESENTATION_CONTEXT(2) 
PARAMETRIC_REPRESENTATION_CONTEXT() REPRESENTATION_CONTEXT('2D SPACE',''
  ) );
#10466 = ORIENTED_EDGE('',*,*,#10467,.T.);
#10467 = EDGE_CURVE('',#10445,#10468,#10470,.T.);
#10468 = VERTEX_POINT('',#10469);
#10469 = CARTESIAN_POINT('',(50.5329094,-51.9600022,13.1));
#10470 = SURFACE_CURVE('',#10471,(#10475,#10482),.PCURVE_S1.);
#10471 = LINE('',#10472,#10473);
#10472 = CARTESIAN_POINT('',(50.5329094,-51.9600022,1.6));
#10473 = VECTOR('',#10474,1.);
#10474 = DIRECTION('',(0.,0.,1.));
#10475 = PCURVE('',#10425,#10476);
#10476 = DEFINITIONAL_REPRESENTATION('',(#10477),#10481);
#10477 = LINE('',#10478,#10479);
#10478 = CARTESIAN_POINT('',(0.,-15.8));
#10479 = VECTOR('',#10480,1.);
#10480 = DIRECTION('',(1.,0.));
#10481 = ( GEOMETRIC_REPRESENTATION_CONTEXT(2) 
PARAMETRIC_REPRESENTATION_CONTEXT() REPRESENTATION_CONTEXT('2D SPACE',''
  ) );
#10482 = PCURVE('',#10373,#10483);
#10483 = DEFINITIONAL_REPRESENTATION('',(#10484),#10488);
#10484 = LINE('',#10485,#10486);
#10485 = CARTESIAN_POINT('',(0.,15.8));
#10486 = VECTOR('',#10487,1.);
#10487 = DIRECTION('',(1.,0.));
#10488 = ( GEOMETRIC_REPRESENTATION_CONTEXT(2) 
PARAMETRIC_REPRESENTATION_CONTEXT() REPRESENTATION_CONTEXT('2D SPACE',''
  ) );
#10489 = ORIENTED_EDGE('',*,*,#10490,.F.);
#10490 = EDGE_CURVE('',#10417,#10468,#10491,.T.);
#10491 = SURFACE_CURVE('',#10492,(#10496,#10503),.PCURVE_S1.);
#10492 = LINE('',#10493,#10494);
#10493 = CARTESIAN_POINT('',(50.5329094,-67.7600022,13.1));
#10494 = VECTOR('',#10495,1.);
#10495 = DIRECTION('',(0.,1.,0.));
#10496 = PCURVE('',#10425,#10497);
#10497 = DEFINITIONAL_REPRESENTATION('',(#10498),#10502);
#10498 = LINE('',#10499,#10500);
#10499 = CARTESIAN_POINT('',(11.5,0.));
#10500 = VECTOR('',#10501,1.);
#10501 = DIRECTION('',(0.,-1.));
#10502 = ( GEOMETRIC_REPRESENTATION_CONTEXT(2) 
PARAMETRIC_REPRESENTATION_CONTEXT() REPRESENTATION_CONTEXT('2D SPACE',''
  ) );
#10503 = PCURVE('',#10399,#10504);
#10504 = DEFINITIONAL_REPRESENTATION('',(#10505),#10509);
#10505 = LINE('',#10506,#10507);
#10506 = CARTESIAN_POINT('',(15.8,0.));
#10507 = VECTOR('',#10508,1.);
#10508 = DIRECTION('',(0.,1.));
#10509 = ( GEOMETRIC_REPRESENTATION_CONTEXT(2) 
PARAMETRIC_REPRESENTATION_CONTEXT() REPRESENTATION_CONTEXT('2D SPACE',''
  ) );
#10510 = ADVANCED_FACE('',(#10511),#10317,.F.);
#10511 = FACE_BOUND('',#10512,.F.);
#10512 = EDGE_LOOP('',(#10513,#10534,#10535,#10556));
#10513 = ORIENTED_EDGE('',*,*,#10514,.F.);
#10514 = EDGE_CURVE('',#10295,#10415,#10515,.T.);
#10515 = SURFACE_CURVE('',#10516,(#10520,#10527),.PCURVE_S1.);
#10516 = LINE('',#10517,#10518);
#10517 = CARTESIAN_POINT('',(34.7329094,-67.7600022,1.6));
#10518 = VECTOR('',#10519,1.);
#10519 = DIRECTION('',(1.,0.,0.));
#10520 = PCURVE('',#10317,#10521);
#10521 = DEFINITIONAL_REPRESENTATION('',(#10522),#10526);
#10522 = LINE('',#10523,#10524);
#10523 = CARTESIAN_POINT('',(0.,0.));
#10524 = VECTOR('',#10525,1.);
#10525 = DIRECTION('',(0.,1.));
#10526 = ( GEOMETRIC_REPRESENTATION_CONTEXT(2) 
PARAMETRIC_REPRESENTATION_CONTEXT() REPRESENTATION_CONTEXT('2D SPACE',''
  ) );
#10527 = PCURVE('',#10345,#10528);
#10528 = DEFINITIONAL_REPRESENTATION('',(#10529),#10533);
#10529 = LINE('',#10530,#10531);
#10530 = CARTESIAN_POINT('',(0.,0.));
#10531 = VECTOR('',#10532,1.);
#10532 = DIRECTION('',(1.,0.));
#10533 = ( GEOMETRIC_REPRESENTATION_CONTEXT(2) 
PARAMETRIC_REPRESENTATION_CONTEXT() REPRESENTATION_CONTEXT('2D SPACE',''
  ) );
#10534 = ORIENTED_EDGE('',*,*,#10294,.T.);
#10535 = ORIENTED_EDGE('',*,*,#10536,.T.);
#10536 = EDGE_CURVE('',#10297,#10417,#10537,.T.);
#10537 = SURFACE_CURVE('',#10538,(#10542,#10549),.PCURVE_S1.);
#10538 = LINE('',#10539,#10540);
#10539 = CARTESIAN_POINT('',(34.7329094,-67.7600022,13.1));
#10540 = VECTOR('',#10541,1.);
#10541 = DIRECTION('',(1.,0.,0.));
#10542 = PCURVE('',#10317,#10543);
#10543 = DEFINITIONAL_REPRESENTATION('',(#10544),#10548);
#10544 = LINE('',#10545,#10546);
#10545 = CARTESIAN_POINT('',(11.5,0.));
#10546 = VECTOR('',#10547,1.);
#10547 = DIRECTION('',(0.,1.));
#10548 = ( GEOMETRIC_REPRESENTATION_CONTEXT(2) 
PARAMETRIC_REPRESENTATION_CONTEXT() REPRESENTATION_CONTEXT('2D SPACE',''
  ) );
#10549 = PCURVE('',#10399,#10550);
#10550 = DEFINITIONAL_REPRESENTATION('',(#10551),#10555);
#10551 = LINE('',#10552,#10553);
#10552 = CARTESIAN_POINT('',(0.,0.));
#10553 = VECTOR('',#10554,1.);
#10554 = DIRECTION('',(1.,0.));
#10555 = ( GEOMETRIC_REPRESENTATION_CONTEXT(2) 
PARAMETRIC_REPRESENTATION_CONTEXT() REPRESENTATION_CONTEXT('2D SPACE',''
  ) );
#10556 = ORIENTED_EDGE('',*,*,#10414,.F.);
#10557 = ADVANCED_FACE('',(#10558),#10373,.T.);
#10558 = FACE_BOUND('',#10559,.T.);
#10559 = EDGE_LOOP('',(#10560,#10581,#10582,#10603));
#10560 = ORIENTED_EDGE('',*,*,#10561,.F.);
#10561 = EDGE_CURVE('',#10330,#10445,#10562,.T.);
#10562 = SURFACE_CURVE('',#10563,(#10567,#10574),.PCURVE_S1.);
#10563 = LINE('',#10564,#10565);
#10564 = CARTESIAN_POINT('',(34.7329094,-51.9600022,1.6));
#10565 = VECTOR('',#10566,1.);
#10566 = DIRECTION('',(1.,0.,0.));
#10567 = PCURVE('',#10373,#10568);
#10568 = DEFINITIONAL_REPRESENTATION('',(#10569),#10573);
#10569 = LINE('',#10570,#10571);
#10570 = CARTESIAN_POINT('',(0.,0.));
#10571 = VECTOR('',#10572,1.);
#10572 = DIRECTION('',(0.,1.));
#10573 = ( GEOMETRIC_REPRESENTATION_CONTEXT(2) 
PARAMETRIC_REPRESENTATION_CONTEXT() REPRESENTATION_CONTEXT('2D SPACE',''
  ) );
#10574 = PCURVE('',#10345,#10575);
#10575 = DEFINITIONAL_REPRESENTATION('',(#10576),#10580);
#10576 = LINE('',#10577,#10578);
#10577 = CARTESIAN_POINT('',(0.,15.8));
#10578 = VECTOR('',#10579,1.);
#10579 = DIRECTION('',(1.,0.));
#10580 = ( GEOMETRIC_REPRESENTATION_CONTEXT(2) 
PARAMETRIC_REPRESENTATION_CONTEXT() REPRESENTATION_CONTEXT('2D SPACE',''
  ) );
#10581 = ORIENTED_EDGE('',*,*,#10357,.T.);
#10582 = ORIENTED_EDGE('',*,*,#10583,.T.);
#10583 = EDGE_CURVE('',#10358,#10468,#10584,.T.);
#10584 = SURFACE_CURVE('',#10585,(#10589,#10596),.PCURVE_S1.);
#10585 = LINE('',#10586,#10587);
#10586 = CARTESIAN_POINT('',(34.7329094,-51.9600022,13.1));
#10587 = VECTOR('',#10588,1.);
#10588 = DIRECTION('',(1.,0.,0.));
#10589 = PCURVE('',#10373,#10590);
#10590 = DEFINITIONAL_REPRESENTATION('',(#10591),#10595);
#10591 = LINE('',#10592,#10593);
#10592 = CARTESIAN_POINT('',(11.5,0.));
#10593 = VECTOR('',#10594,1.);
#10594 = DIRECTION('',(0.,1.));
#10595 = ( GEOMETRIC_REPRESENTATION_CONTEXT(2) 
PARAMETRIC_REPRESENTATION_CONTEXT() REPRESENTATION_CONTEXT('2D SPACE',''
  ) );
#10596 = PCURVE('',#10399,#10597);
#10597 = DEFINITIONAL_REPRESENTATION('',(#10598),#10602);
#10598 = LINE('',#10599,#10600);
#10599 = CARTESIAN_POINT('',(0.,15.8));
#10600 = VECTOR('',#10601,1.);
#10601 = DIRECTION('',(1.,0.));
#10602 = ( GEOMETRIC_REPRESENTATION_CONTEXT(2) 
PARAMETRIC_REPRESENTATION_CONTEXT() REPRESENTATION_CONTEXT('2D SPACE',''
  ) );
#10603 = ORIENTED_EDGE('',*,*,#10467,.F.);
#10604 = ADVANCED_FACE('',(#10605),#10345,.F.);
#10605 = FACE_BOUND('',#10606,.F.);
#10606 = EDGE_LOOP('',(#10607,#10608,#10609,#10610));
#10607 = ORIENTED_EDGE('',*,*,#10329,.F.);
#10608 = ORIENTED_EDGE('',*,*,#10514,.T.);
#10609 = ORIENTED_EDGE('',*,*,#10444,.T.);
#10610 = ORIENTED_EDGE('',*,*,#10561,.F.);
#10611 = ADVANCED_FACE('',(#10612),#10399,.T.);
#10612 = FACE_BOUND('',#10613,.T.);
#10613 = EDGE_LOOP('',(#10614,#10615,#10616,#10617));
#10614 = ORIENTED_EDGE('',*,*,#10385,.F.);
#10615 = ORIENTED_EDGE('',*,*,#10536,.T.);
#10616 = ORIENTED_EDGE('',*,*,#10490,.T.);
#10617 = ORIENTED_EDGE('',*,*,#10583,.F.);
#10618 = ( GEOMETRIC_REPRESENTATION_CONTEXT(3) 
GLOBAL_UNCERTAINTY_ASSIGNED_CONTEXT((#10622)) 
GLOBAL_UNIT_ASSIGNED_CONTEXT((#10619,#10620,#10621)) 
REPRESENTATION_CONTEXT('Context #1',
  '3D Context with UNIT and UNCERTAINTY') );
#10619 = ( LENGTH_UNIT() NAMED_UNIT(*) SI_UNIT(.MILLI.,.METRE.) );
#10620 = ( NAMED_UNIT(*) PLANE_ANGLE_UNIT() SI_UNIT($,.RADIAN.) );
#10621 = ( NAMED_UNIT(*) SI_UNIT($,.STERADIAN.) SOLID_ANGLE_UNIT() );
#10622 = UNCERTAINTY_MEASURE_WITH_UNIT(LENGTH_MEASURE(1.E-07),#10619,
  'distance_accuracy_value','confusion accuracy');
#10623 = CONTEXT_DEPENDENT_SHAPE_REPRESENTATION(#10624,#10626);
#10624 = ( REPRESENTATION_RELATIONSHIP('','',#10287,#10) 
REPRESENTATION_RELATIONSHIP_WITH_TRANSFORMATION(#10625) 
SHAPE_REPRESENTATION_RELATIONSHIP() );
#10625 = ITEM_DEFINED_TRANSFORMATION('','',#11,#59);
#10626 = PRODUCT_DEFINITION_SHAPE('Placement','Placement of an item',
  #10627);
#10627 = NEXT_ASSEMBLY_USAGE_OCCURRENCE('27','','',#5,#10282,$);
#10628 = PRODUCT_RELATED_PRODUCT_CATEGORY('part',$,(#10284));
#10629 = SHAPE_DEFINITION_REPRESENTATION(#10630,#10636);
#10630 = PRODUCT_DEFINITION_SHAPE('','',#10631);
#10631 = PRODUCT_DEFINITION('design','',#10632,#10635);
#10632 = PRODUCT_DEFINITION_FORMATION('','',#10633);
#10633 = PRODUCT('Open CASCADE STEP translator 7.9 5.13',
  'Open CASCADE STEP translator 7.9 5.13','',(#10634));
#10634 = PRODUCT_CONTEXT('',#2,'mechanical');
#10635 = PRODUCT_DEFINITION_CONTEXT('part definition',#2,'design');
#10636 = ADVANCED_BREP_SHAPE_REPRESENTATION('',(#11,#10637),#10967);
#10637 = MANIFOLD_SOLID_BREP('',#10638);
#10638 = CLOSED_SHELL('',(#10639,#10759,#10859,#10906,#10953,#10960));
#10639 = ADVANCED_FACE('',(#10640),#10654,.F.);
#10640 = FACE_BOUND('',#10641,.F.);
#10641 = EDGE_LOOP('',(#10642,#10677,#10705,#10733));
#10642 = ORIENTED_EDGE('',*,*,#10643,.F.);
#10643 = EDGE_CURVE('',#10644,#10646,#10648,.T.);
#10644 = VERTEX_POINT('',#10645);
#10645 = CARTESIAN_POINT('',(33.5329094,-68.9600022,11.1));
#10646 = VERTEX_POINT('',#10647);
#10647 = CARTESIAN_POINT('',(33.5329094,-68.9600022,20.3));
#10648 = SURFACE_CURVE('',#10649,(#10653,#10665),.PCURVE_S1.);
#10649 = LINE('',#10650,#10651);
#10650 = CARTESIAN_POINT('',(33.5329094,-68.9600022,11.1));
#10651 = VECTOR('',#10652,1.);
#10652 = DIRECTION('',(0.,0.,1.));
#10653 = PCURVE('',#10654,#10659);
#10654 = PLANE('',#10655);
#10655 = AXIS2_PLACEMENT_3D('',#10656,#10657,#10658);
#10656 = CARTESIAN_POINT('',(33.5329094,-68.9600022,11.1));
#10657 = DIRECTION('',(1.,0.,0.));
#10658 = DIRECTION('',(0.,0.,1.));
#10659 = DEFINITIONAL_REPRESENTATION('',(#10660),#10664);
#10660 = LINE('',#10661,#10662);
#10661 = CARTESIAN_POINT('',(0.,0.));
#10662 = VECTOR('',#10663,1.);
#10663 = DIRECTION('',(1.,0.));
#10664 = ( GEOMETRIC_REPRESENTATION_CONTEXT(2) 
PARAMETRIC_REPRESENTATION_CONTEXT() REPRESENTATION_CONTEXT('2D SPACE',''
  ) );
#10665 = PCURVE('',#10666,#10671);
#10666 = PLANE('',#10667);
#10667 = AXIS2_PLACEMENT_3D('',#10668,#10669,#10670);
#10668 = CARTESIAN_POINT('',(33.5329094,-68.9600022,11.1));
#10669 = DIRECTION('',(0.,1.,0.));
#10670 = DIRECTION('',(0.,0.,1.));
#10671 = DEFINITIONAL_REPRESENTATION('',(#10672),#10676);
#10672 = LINE('',#10673,#10674);
#10673 = CARTESIAN_POINT('',(0.,0.));
#10674 = VECTOR('',#10675,1.);
#10675 = DIRECTION('',(1.,0.));
#10676 = ( GEOMETRIC_REPRESENTATION_CONTEXT(2) 
PARAMETRIC_REPRESENTATION_CONTEXT() REPRESENTATION_CONTEXT('2D SPACE',''
  ) );
#10677 = ORIENTED_EDGE('',*,*,#10678,.T.);
#10678 = EDGE_CURVE('',#10644,#10679,#10681,.T.);
#10679 = VERTEX_POINT('',#10680);
#10680 = CARTESIAN_POINT('',(33.5329094,-50.7600022,11.1));
#10681 = SURFACE_CURVE('',#10682,(#10686,#10693),.PCURVE_S1.);
#10682 = LINE('',#10683,#10684);
#10683 = CARTESIAN_POINT('',(33.5329094,-68.9600022,11.1));
#10684 = VECTOR('',#10685,1.);
#10685 = DIRECTION('',(0.,1.,0.));
#10686 = PCURVE('',#10654,#10687);
#10687 = DEFINITIONAL_REPRESENTATION('',(#10688),#10692);
#10688 = LINE('',#10689,#10690);
#10689 = CARTESIAN_POINT('',(0.,0.));
#10690 = VECTOR('',#10691,1.);
#10691 = DIRECTION('',(0.,-1.));
#10692 = ( GEOMETRIC_REPRESENTATION_CONTEXT(2) 
PARAMETRIC_REPRESENTATION_CONTEXT() REPRESENTATION_CONTEXT('2D SPACE',''
  ) );
#10693 = PCURVE('',#10694,#10699);
#10694 = PLANE('',#10695);
#10695 = AXIS2_PLACEMENT_3D('',#10696,#10697,#10698);
#10696 = CARTESIAN_POINT('',(33.5329094,-68.9600022,11.1));
#10697 = DIRECTION('',(0.,0.,1.));
#10698 = DIRECTION('',(1.,0.,0.));
#10699 = DEFINITIONAL_REPRESENTATION('',(#10700),#10704);
#10700 = LINE('',#10701,#10702);
#10701 = CARTESIAN_POINT('',(0.,0.));
#10702 = VECTOR('',#10703,1.);
#10703 = DIRECTION('',(0.,1.));
#10704 = ( GEOMETRIC_REPRESENTATION_CONTEXT(2) 
PARAMETRIC_REPRESENTATION_CONTEXT() REPRESENTATION_CONTEXT('2D SPACE',''
  ) );
#10705 = ORIENTED_EDGE('',*,*,#10706,.T.);
#10706 = EDGE_CURVE('',#10679,#10707,#10709,.T.);
#10707 = VERTEX_POINT('',#10708);
#10708 = CARTESIAN_POINT('',(33.5329094,-50.7600022,20.3));
#10709 = SURFACE_CURVE('',#10710,(#10714,#10721),.PCURVE_S1.);
#10710 = LINE('',#10711,#10712);
#10711 = CARTESIAN_POINT('',(33.5329094,-50.7600022,11.1));
#10712 = VECTOR('',#10713,1.);
#10713 = DIRECTION('',(0.,0.,1.));
#10714 = PCURVE('',#10654,#10715);
#10715 = DEFINITIONAL_REPRESENTATION('',(#10716),#10720);
#10716 = LINE('',#10717,#10718);
#10717 = CARTESIAN_POINT('',(0.,-18.2));
#10718 = VECTOR('',#10719,1.);
#10719 = DIRECTION('',(1.,0.));
#10720 = ( GEOMETRIC_REPRESENTATION_CONTEXT(2) 
PARAMETRIC_REPRESENTATION_CONTEXT() REPRESENTATION_CONTEXT('2D SPACE',''
  ) );
#10721 = PCURVE('',#10722,#10727);
#10722 = PLANE('',#10723);
#10723 = AXIS2_PLACEMENT_3D('',#10724,#10725,#10726);
#10724 = CARTESIAN_POINT('',(33.5329094,-50.7600022,11.1));
#10725 = DIRECTION('',(0.,1.,0.));
#10726 = DIRECTION('',(0.,0.,1.));
#10727 = DEFINITIONAL_REPRESENTATION('',(#10728),#10732);
#10728 = LINE('',#10729,#10730);
#10729 = CARTESIAN_POINT('',(0.,0.));
#10730 = VECTOR('',#10731,1.);
#10731 = DIRECTION('',(1.,0.));
#10732 = ( GEOMETRIC_REPRESENTATION_CONTEXT(2) 
PARAMETRIC_REPRESENTATION_CONTEXT() REPRESENTATION_CONTEXT('2D SPACE',''
  ) );
#10733 = ORIENTED_EDGE('',*,*,#10734,.F.);
#10734 = EDGE_CURVE('',#10646,#10707,#10735,.T.);
#10735 = SURFACE_CURVE('',#10736,(#10740,#10747),.PCURVE_S1.);
#10736 = LINE('',#10737,#10738);
#10737 = CARTESIAN_POINT('',(33.5329094,-68.9600022,20.3));
#10738 = VECTOR('',#10739,1.);
#10739 = DIRECTION('',(0.,1.,0.));
#10740 = PCURVE('',#10654,#10741);
#10741 = DEFINITIONAL_REPRESENTATION('',(#10742),#10746);
#10742 = LINE('',#10743,#10744);
#10743 = CARTESIAN_POINT('',(9.2,0.));
#10744 = VECTOR('',#10745,1.);
#10745 = DIRECTION('',(0.,-1.));
#10746 = ( GEOMETRIC_REPRESENTATION_CONTEXT(2) 
PARAMETRIC_REPRESENTATION_CONTEXT() REPRESENTATION_CONTEXT('2D SPACE',''
  ) );
#10747 = PCURVE('',#10748,#10753);
#10748 = PLANE('',#10749);
#10749 = AXIS2_PLACEMENT_3D('',#10750,#10751,#10752);
#10750 = CARTESIAN_POINT('',(33.5329094,-68.9600022,20.3));
#10751 = DIRECTION('',(0.,0.,1.));
#10752 = DIRECTION('',(1.,0.,0.));
#10753 = DEFINITIONAL_REPRESENTATION('',(#10754),#10758);
#10754 = LINE('',#10755,#10756);
#10755 = CARTESIAN_POINT('',(0.,0.));
#10756 = VECTOR('',#10757,1.);
#10757 = DIRECTION('',(0.,1.));
#10758 = ( GEOMETRIC_REPRESENTATION_CONTEXT(2) 
PARAMETRIC_REPRESENTATION_CONTEXT() REPRESENTATION_CONTEXT('2D SPACE',''
  ) );
#10759 = ADVANCED_FACE('',(#10760),#10774,.T.);
#10760 = FACE_BOUND('',#10761,.T.);
#10761 = EDGE_LOOP('',(#10762,#10792,#10815,#10838));
#10762 = ORIENTED_EDGE('',*,*,#10763,.F.);
#10763 = EDGE_CURVE('',#10764,#10766,#10768,.T.);
#10764 = VERTEX_POINT('',#10765);
#10765 = CARTESIAN_POINT('',(51.7329094,-68.9600022,11.1));
#10766 = VERTEX_POINT('',#10767);
#10767 = CARTESIAN_POINT('',(51.7329094,-68.9600022,20.3));
#10768 = SURFACE_CURVE('',#10769,(#10773,#10785),.PCURVE_S1.);
#10769 = LINE('',#10770,#10771);
#10770 = CARTESIAN_POINT('',(51.7329094,-68.9600022,11.1));
#10771 = VECTOR('',#10772,1.);
#10772 = DIRECTION('',(0.,0.,1.));
#10773 = PCURVE('',#10774,#10779);
#10774 = PLANE('',#10775);
#10775 = AXIS2_PLACEMENT_3D('',#10776,#10777,#10778);
#10776 = CARTESIAN_POINT('',(51.7329094,-68.9600022,11.1));
#10777 = DIRECTION('',(1.,0.,0.));
#10778 = DIRECTION('',(0.,0.,1.));
#10779 = DEFINITIONAL_REPRESENTATION('',(#10780),#10784);
#10780 = LINE('',#10781,#10782);
#10781 = CARTESIAN_POINT('',(0.,0.));
#10782 = VECTOR('',#10783,1.);
#10783 = DIRECTION('',(1.,0.));
#10784 = ( GEOMETRIC_REPRESENTATION_CONTEXT(2) 
PARAMETRIC_REPRESENTATION_CONTEXT() REPRESENTATION_CONTEXT('2D SPACE',''
  ) );
#10785 = PCURVE('',#10666,#10786);
#10786 = DEFINITIONAL_REPRESENTATION('',(#10787),#10791);
#10787 = LINE('',#10788,#10789);
#10788 = CARTESIAN_POINT('',(0.,18.2));
#10789 = VECTOR('',#10790,1.);
#10790 = DIRECTION('',(1.,0.));
#10791 = ( GEOMETRIC_REPRESENTATION_CONTEXT(2) 
PARAMETRIC_REPRESENTATION_CONTEXT() REPRESENTATION_CONTEXT('2D SPACE',''
  ) );
#10792 = ORIENTED_EDGE('',*,*,#10793,.T.);
#10793 = EDGE_CURVE('',#10764,#10794,#10796,.T.);
#10794 = VERTEX_POINT('',#10795);
#10795 = CARTESIAN_POINT('',(51.7329094,-50.7600022,11.1));
#10796 = SURFACE_CURVE('',#10797,(#10801,#10808),.PCURVE_S1.);
#10797 = LINE('',#10798,#10799);
#10798 = CARTESIAN_POINT('',(51.7329094,-68.9600022,11.1));
#10799 = VECTOR('',#10800,1.);
#10800 = DIRECTION('',(0.,1.,0.));
#10801 = PCURVE('',#10774,#10802);
#10802 = DEFINITIONAL_REPRESENTATION('',(#10803),#10807);
#10803 = LINE('',#10804,#10805);
#10804 = CARTESIAN_POINT('',(0.,0.));
#10805 = VECTOR('',#10806,1.);
#10806 = DIRECTION('',(0.,-1.));
#10807 = ( GEOMETRIC_REPRESENTATION_CONTEXT(2) 
PARAMETRIC_REPRESENTATION_CONTEXT() REPRESENTATION_CONTEXT('2D SPACE',''
  ) );
#10808 = PCURVE('',#10694,#10809);
#10809 = DEFINITIONAL_REPRESENTATION('',(#10810),#10814);
#10810 = LINE('',#10811,#10812);
#10811 = CARTESIAN_POINT('',(18.2,0.));
#10812 = VECTOR('',#10813,1.);
#10813 = DIRECTION('',(0.,1.));
#10814 = ( GEOMETRIC_REPRESENTATION_CONTEXT(2) 
PARAMETRIC_REPRESENTATION_CONTEXT() REPRESENTATION_CONTEXT('2D SPACE',''
  ) );
#10815 = ORIENTED_EDGE('',*,*,#10816,.T.);
#10816 = EDGE_CURVE('',#10794,#10817,#10819,.T.);
#10817 = VERTEX_POINT('',#10818);
#10818 = CARTESIAN_POINT('',(51.7329094,-50.7600022,20.3));
#10819 = SURFACE_CURVE('',#10820,(#10824,#10831),.PCURVE_S1.);
#10820 = LINE('',#10821,#10822);
#10821 = CARTESIAN_POINT('',(51.7329094,-50.7600022,11.1));
#10822 = VECTOR('',#10823,1.);
#10823 = DIRECTION('',(0.,0.,1.));
#10824 = PCURVE('',#10774,#10825);
#10825 = DEFINITIONAL_REPRESENTATION('',(#10826),#10830);
#10826 = LINE('',#10827,#10828);
#10827 = CARTESIAN_POINT('',(0.,-18.2));
#10828 = VECTOR('',#10829,1.);
#10829 = DIRECTION('',(1.,0.));
#10830 = ( GEOMETRIC_REPRESENTATION_CONTEXT(2) 
PARAMETRIC_REPRESENTATION_CONTEXT() REPRESENTATION_CONTEXT('2D SPACE',''
  ) );
#10831 = PCURVE('',#10722,#10832);
#10832 = DEFINITIONAL_REPRESENTATION('',(#10833),#10837);
#10833 = LINE('',#10834,#10835);
#10834 = CARTESIAN_POINT('',(0.,18.2));
#10835 = VECTOR('',#10836,1.);
#10836 = DIRECTION('',(1.,0.));
#10837 = ( GEOMETRIC_REPRESENTATION_CONTEXT(2) 
PARAMETRIC_REPRESENTATION_CONTEXT() REPRESENTATION_CONTEXT('2D SPACE',''
  ) );
#10838 = ORIENTED_EDGE('',*,*,#10839,.F.);
#10839 = EDGE_CURVE('',#10766,#10817,#10840,.T.);
#10840 = SURFACE_CURVE('',#10841,(#10845,#10852),.PCURVE_S1.);
#10841 = LINE('',#10842,#10843);
#10842 = CARTESIAN_POINT('',(51.7329094,-68.9600022,20.3));
#10843 = VECTOR('',#10844,1.);
#10844 = DIRECTION('',(0.,1.,0.));
#10845 = PCURVE('',#10774,#10846);
#10846 = DEFINITIONAL_REPRESENTATION('',(#10847),#10851);
#10847 = LINE('',#10848,#10849);
#10848 = CARTESIAN_POINT('',(9.2,0.));
#10849 = VECTOR('',#10850,1.);
#10850 = DIRECTION('',(0.,-1.));
#10851 = ( GEOMETRIC_REPRESENTATION_CONTEXT(2) 
PARAMETRIC_REPRESENTATION_CONTEXT() REPRESENTATION_CONTEXT('2D SPACE',''
  ) );
#10852 = PCURVE('',#10748,#10853);
#10853 = DEFINITIONAL_REPRESENTATION('',(#10854),#10858);
#10854 = LINE('',#10855,#10856);
#10855 = CARTESIAN_POINT('',(18.2,0.));
#10856 = VECTOR('',#10857,1.);
#10857 = DIRECTION('',(0.,1.));
#10858 = ( GEOMETRIC_REPRESENTATION_CONTEXT(2) 
PARAMETRIC_REPRESENTATION_CONTEXT() REPRESENTATION_CONTEXT('2D SPACE',''
  ) );
#10859 = ADVANCED_FACE('',(#10860),#10666,.F.);
#10860 = FACE_BOUND('',#10861,.F.);
#10861 = EDGE_LOOP('',(#10862,#10883,#10884,#10905));
#10862 = ORIENTED_EDGE('',*,*,#10863,.F.);
#10863 = EDGE_CURVE('',#10644,#10764,#10864,.T.);
#10864 = SURFACE_CURVE('',#10865,(#10869,#10876),.PCURVE_S1.);
#10865 = LINE('',#10866,#10867);
#10866 = CARTESIAN_POINT('',(33.5329094,-68.9600022,11.1));
#10867 = VECTOR('',#10868,1.);
#10868 = DIRECTION('',(1.,0.,0.));
#10869 = PCURVE('',#10666,#10870);
#10870 = DEFINITIONAL_REPRESENTATION('',(#10871),#10875);
#10871 = LINE('',#10872,#10873);
#10872 = CARTESIAN_POINT('',(0.,0.));
#10873 = VECTOR('',#10874,1.);
#10874 = DIRECTION('',(0.,1.));
#10875 = ( GEOMETRIC_REPRESENTATION_CONTEXT(2) 
PARAMETRIC_REPRESENTATION_CONTEXT() REPRESENTATION_CONTEXT('2D SPACE',''
  ) );
#10876 = PCURVE('',#10694,#10877);
#10877 = DEFINITIONAL_REPRESENTATION('',(#10878),#10882);
#10878 = LINE('',#10879,#10880);
#10879 = CARTESIAN_POINT('',(0.,0.));
#10880 = VECTOR('',#10881,1.);
#10881 = DIRECTION('',(1.,0.));
#10882 = ( GEOMETRIC_REPRESENTATION_CONTEXT(2) 
PARAMETRIC_REPRESENTATION_CONTEXT() REPRESENTATION_CONTEXT('2D SPACE',''
  ) );
#10883 = ORIENTED_EDGE('',*,*,#10643,.T.);
#10884 = ORIENTED_EDGE('',*,*,#10885,.T.);
#10885 = EDGE_CURVE('',#10646,#10766,#10886,.T.);
#10886 = SURFACE_CURVE('',#10887,(#10891,#10898),.PCURVE_S1.);
#10887 = LINE('',#10888,#10889);
#10888 = CARTESIAN_POINT('',(33.5329094,-68.9600022,20.3));
#10889 = VECTOR('',#10890,1.);
#10890 = DIRECTION('',(1.,0.,0.));
#10891 = PCURVE('',#10666,#10892);
#10892 = DEFINITIONAL_REPRESENTATION('',(#10893),#10897);
#10893 = LINE('',#10894,#10895);
#10894 = CARTESIAN_POINT('',(9.2,0.));
#10895 = VECTOR('',#10896,1.);
#10896 = DIRECTION('',(0.,1.));
#10897 = ( GEOMETRIC_REPRESENTATION_CONTEXT(2) 
PARAMETRIC_REPRESENTATION_CONTEXT() REPRESENTATION_CONTEXT('2D SPACE',''
  ) );
#10898 = PCURVE('',#10748,#10899);
#10899 = DEFINITIONAL_REPRESENTATION('',(#10900),#10904);
#10900 = LINE('',#10901,#10902);
#10901 = CARTESIAN_POINT('',(0.,0.));
#10902 = VECTOR('',#10903,1.);
#10903 = DIRECTION('',(1.,0.));
#10904 = ( GEOMETRIC_REPRESENTATION_CONTEXT(2) 
PARAMETRIC_REPRESENTATION_CONTEXT() REPRESENTATION_CONTEXT('2D SPACE',''
  ) );
#10905 = ORIENTED_EDGE('',*,*,#10763,.F.);
#10906 = ADVANCED_FACE('',(#10907),#10722,.T.);
#10907 = FACE_BOUND('',#10908,.T.);
#10908 = EDGE_LOOP('',(#10909,#10930,#10931,#10952));
#10909 = ORIENTED_EDGE('',*,*,#10910,.F.);
#10910 = EDGE_CURVE('',#10679,#10794,#10911,.T.);
#10911 = SURFACE_CURVE('',#10912,(#10916,#10923),.PCURVE_S1.);
#10912 = LINE('',#10913,#10914);
#10913 = CARTESIAN_POINT('',(33.5329094,-50.7600022,11.1));
#10914 = VECTOR('',#10915,1.);
#10915 = DIRECTION('',(1.,0.,0.));
#10916 = PCURVE('',#10722,#10917);
#10917 = DEFINITIONAL_REPRESENTATION('',(#10918),#10922);
#10918 = LINE('',#10919,#10920);
#10919 = CARTESIAN_POINT('',(0.,0.));
#10920 = VECTOR('',#10921,1.);
#10921 = DIRECTION('',(0.,1.));
#10922 = ( GEOMETRIC_REPRESENTATION_CONTEXT(2) 
PARAMETRIC_REPRESENTATION_CONTEXT() REPRESENTATION_CONTEXT('2D SPACE',''
  ) );
#10923 = PCURVE('',#10694,#10924);
#10924 = DEFINITIONAL_REPRESENTATION('',(#10925),#10929);
#10925 = LINE('',#10926,#10927);
#10926 = CARTESIAN_POINT('',(0.,18.2));
#10927 = VECTOR('',#10928,1.);
#10928 = DIRECTION('',(1.,0.));
#10929 = ( GEOMETRIC_REPRESENTATION_CONTEXT(2) 
PARAMETRIC_REPRESENTATION_CONTEXT() REPRESENTATION_CONTEXT('2D SPACE',''
  ) );
#10930 = ORIENTED_EDGE('',*,*,#10706,.T.);
#10931 = ORIENTED_EDGE('',*,*,#10932,.T.);
#10932 = EDGE_CURVE('',#10707,#10817,#10933,.T.);
#10933 = SURFACE_CURVE('',#10934,(#10938,#10945),.PCURVE_S1.);
#10934 = LINE('',#10935,#10936);
#10935 = CARTESIAN_POINT('',(33.5329094,-50.7600022,20.3));
#10936 = VECTOR('',#10937,1.);
#10937 = DIRECTION('',(1.,0.,0.));
#10938 = PCURVE('',#10722,#10939);
#10939 = DEFINITIONAL_REPRESENTATION('',(#10940),#10944);
#10940 = LINE('',#10941,#10942);
#10941 = CARTESIAN_POINT('',(9.2,0.));
#10942 = VECTOR('',#10943,1.);
#10943 = DIRECTION('',(0.,1.));
#10944 = ( GEOMETRIC_REPRESENTATION_CONTEXT(2) 
PARAMETRIC_REPRESENTATION_CONTEXT() REPRESENTATION_CONTEXT('2D SPACE',''
  ) );
#10945 = PCURVE('',#10748,#10946);
#10946 = DEFINITIONAL_REPRESENTATION('',(#10947),#10951);
#10947 = LINE('',#10948,#10949);
#10948 = CARTESIAN_POINT('',(0.,18.2));
#10949 = VECTOR('',#10950,1.);
#10950 = DIRECTION('',(1.,0.));
#10951 = ( GEOMETRIC_REPRESENTATION_CONTEXT(2) 
PARAMETRIC_REPRESENTATION_CONTEXT() REPRESENTATION_CONTEXT('2D SPACE',''
  ) );
#10952 = ORIENTED_EDGE('',*,*,#10816,.F.);
#10953 = ADVANCED_FACE('',(#10954),#10694,.F.);
#10954 = FACE_BOUND('',#10955,.F.);
#10955 = EDGE_LOOP('',(#10956,#10957,#10958,#10959));
#10956 = ORIENTED_EDGE('',*,*,#10678,.F.);
#10957 = ORIENTED_EDGE('',*,*,#10863,.T.);
#10958 = ORIENTED_EDGE('',*,*,#10793,.T.);
#10959 = ORIENTED_EDGE('',*,*,#10910,.F.);
#10960 = ADVANCED_FACE('',(#10961),#10748,.T.);
#10961 = FACE_BOUND('',#10962,.T.);
#10962 = EDGE_LOOP('',(#10963,#10964,#10965,#10966));
#10963 = ORIENTED_EDGE('',*,*,#10734,.F.);
#10964 = ORIENTED_EDGE('',*,*,#10885,.T.);
#10965 = ORIENTED_EDGE('',*,*,#10839,.T.);
#10966 = ORIENTED_EDGE('',*,*,#10932,.F.);
#10967 = ( GEOMETRIC_REPRESENTATION_CONTEXT(3) 
GLOBAL_UNCERTAINTY_ASSIGNED_CONTEXT((#10971)) 
GLOBAL_UNIT_ASSIGNED_CONTEXT((#10968,#10969,#10970)) 
REPRESENTATION_CONTEXT('Context #1',
  '3D Context with UNIT and UNCERTAINTY') );
#10968 = ( LENGTH_UNIT() NAMED_UNIT(*) SI_UNIT(.MILLI.,.METRE.) );
#10969 = ( NAMED_UNIT(*) PLANE_ANGLE_UNIT() SI_UNIT($,.RADIAN.) );
#10970 = ( NAMED_UNIT(*) SI_UNIT($,.STERADIAN.) SOLID_ANGLE_UNIT() );
#10971 = UNCERTAINTY_MEASURE_WITH_UNIT(LENGTH_MEASURE(1.E-07),#10968,
  'distance_accuracy_value','confusion accuracy');
#10972 = CONTEXT_DEPENDENT_SHAPE_REPRESENTATION(#10973,#10975);
#10973 = ( REPRESENTATION_RELATIONSHIP('','',#10636,#10) 
REPRESENTATION_RELATIONSHIP_WITH_TRANSFORMATION(#10974) 
SHAPE_REPRESENTATION_RELATIONSHIP() );
#10974 = ITEM_DEFINED_TRANSFORMATION('','',#11,#63);
#10975 = PRODUCT_DEFINITION_SHAPE('Placement','Placement of an item',
  #10976);
#10976 = NEXT_ASSEMBLY_USAGE_OCCURRENCE('28','','',#5,#10631,$);
#10977 = PRODUCT_RELATED_PRODUCT_CATEGORY('part',$,(#10633));
#10978 = SHAPE_DEFINITION_REPRESENTATION(#10979,#10985);
#10979 = PRODUCT_DEFINITION_SHAPE('','',#10980);
#10980 = PRODUCT_DEFINITION('design','',#10981,#10984);
#10981 = PRODUCT_DEFINITION_FORMATION('','',#10982);
#10982 = PRODUCT('Open CASCADE STEP translator 7.9 5.14',
  'Open CASCADE STEP translator 7.9 5.14','',(#10983));
#10983 = PRODUCT_CONTEXT('',#2,'mechanical');
#10984 = PRODUCT_DEFINITION_CONTEXT('part definition',#2,'design');
#10985 = ADVANCED_BREP_SHAPE_REPRESENTATION('',(#11,#10986),#11084);
#10986 = MANIFOLD_SOLID_BREP('',#10987);
#10987 = CLOSED_SHELL('',(#10988,#11076,#11080));
#10988 = ADVANCED_FACE('',(#10989),#11003,.T.);
#10989 = FACE_BOUND('',#10990,.F.);
#10990 = EDGE_LOOP('',(#10991,#11021,#11048,#11049));
#10991 = ORIENTED_EDGE('',*,*,#10992,.T.);
#10992 = EDGE_CURVE('',#10993,#10995,#10997,.T.);
#10993 = VERTEX_POINT('',#10994);
#10994 = CARTESIAN_POINT('',(44.5329094,-59.8600022,-1.8));
#10995 = VERTEX_POINT('',#10996);
#10996 = CARTESIAN_POINT('',(44.5329094,-59.8600022,1.7));
#10997 = SEAM_CURVE('',#10998,(#11002,#11014),.PCURVE_S1.);
#10998 = LINE('',#10999,#11000);
#10999 = CARTESIAN_POINT('',(44.5329094,-59.8600022,-1.8));
#11000 = VECTOR('',#11001,1.);
#11001 = DIRECTION('',(0.,0.,1.));
#11002 = PCURVE('',#11003,#11008);
#11003 = CYLINDRICAL_SURFACE('',#11004,1.9);
#11004 = AXIS2_PLACEMENT_3D('',#11005,#11006,#11007);
#11005 = CARTESIAN_POINT('',(42.6329094,-59.8600022,-1.8));
#11006 = DIRECTION('',(-0.,-0.,-1.));
#11007 = DIRECTION('',(1.,0.,0.));
#11008 = DEFINITIONAL_REPRESENTATION('',(#11009),#11013);
#11009 = LINE('',#11010,#11011);
#11010 = CARTESIAN_POINT('',(-0.,0.));
#11011 = VECTOR('',#11012,1.);
#11012 = DIRECTION('',(-0.,-1.));
#11013 = ( GEOMETRIC_REPRESENTATION_CONTEXT(2) 
PARAMETRIC_REPRESENTATION_CONTEXT() REPRESENTATION_CONTEXT('2D SPACE',''
  ) );
#11014 = PCURVE('',#11003,#11015);
#11015 = DEFINITIONAL_REPRESENTATION('',(#11016),#11020);
#11016 = LINE('',#11017,#11018);
#11017 = CARTESIAN_POINT('',(-6.28318530718,0.));
#11018 = VECTOR('',#11019,1.);
#11019 = DIRECTION('',(-0.,-1.));
#11020 = ( GEOMETRIC_REPRESENTATION_CONTEXT(2) 
PARAMETRIC_REPRESENTATION_CONTEXT() REPRESENTATION_CONTEXT('2D SPACE',''
  ) );
#11021 = ORIENTED_EDGE('',*,*,#11022,.T.);
#11022 = EDGE_CURVE('',#10995,#10995,#11023,.T.);
#11023 = SURFACE_CURVE('',#11024,(#11029,#11036),.PCURVE_S1.);
#11024 = CIRCLE('',#11025,1.9);
#11025 = AXIS2_PLACEMENT_3D('',#11026,#11027,#11028);
#11026 = CARTESIAN_POINT('',(42.6329094,-59.8600022,1.7));
#11027 = DIRECTION('',(0.,0.,1.));
#11028 = DIRECTION('',(1.,0.,0.));
#11029 = PCURVE('',#11003,#11030);
#11030 = DEFINITIONAL_REPRESENTATION('',(#11031),#11035);
#11031 = LINE('',#11032,#11033);
#11032 = CARTESIAN_POINT('',(-0.,-3.5));
#11033 = VECTOR('',#11034,1.);
#11034 = DIRECTION('',(-1.,0.));
#11035 = ( GEOMETRIC_REPRESENTATION_CONTEXT(2) 
PARAMETRIC_REPRESENTATION_CONTEXT() REPRESENTATION_CONTEXT('2D SPACE',''
  ) );
#11036 = PCURVE('',#11037,#11042);
#11037 = PLANE('',#11038);
#11038 = AXIS2_PLACEMENT_3D('',#11039,#11040,#11041);
#11039 = CARTESIAN_POINT('',(42.6329094,-59.8600022,1.7));
#11040 = DIRECTION('',(0.,0.,1.));
#11041 = DIRECTION('',(1.,0.,-0.));
#11042 = DEFINITIONAL_REPRESENTATION('',(#11043),#11047);
#11043 = CIRCLE('',#11044,1.9);
#11044 = AXIS2_PLACEMENT_2D('',#11045,#11046);
#11045 = CARTESIAN_POINT('',(0.,0.));
#11046 = DIRECTION('',(1.,0.));
#11047 = ( GEOMETRIC_REPRESENTATION_CONTEXT(2) 
PARAMETRIC_REPRESENTATION_CONTEXT() REPRESENTATION_CONTEXT('2D SPACE',''
  ) );
#11048 = ORIENTED_EDGE('',*,*,#10992,.F.);
#11049 = ORIENTED_EDGE('',*,*,#11050,.F.);
#11050 = EDGE_CURVE('',#10993,#10993,#11051,.T.);
#11051 = SURFACE_CURVE('',#11052,(#11057,#11064),.PCURVE_S1.);
#11052 = CIRCLE('',#11053,1.9);
#11053 = AXIS2_PLACEMENT_3D('',#11054,#11055,#11056);
#11054 = CARTESIAN_POINT('',(42.6329094,-59.8600022,-1.8));
#11055 = DIRECTION('',(0.,0.,1.));
#11056 = DIRECTION('',(1.,0.,0.));
#11057 = PCURVE('',#11003,#11058);
#11058 = DEFINITIONAL_REPRESENTATION('',(#11059),#11063);
#11059 = LINE('',#11060,#11061);
#11060 = CARTESIAN_POINT('',(-0.,0.));
#11061 = VECTOR('',#11062,1.);
#11062 = DIRECTION('',(-1.,0.));
#11063 = ( GEOMETRIC_REPRESENTATION_CONTEXT(2) 
PARAMETRIC_REPRESENTATION_CONTEXT() REPRESENTATION_CONTEXT('2D SPACE',''
  ) );
#11064 = PCURVE('',#11065,#11070);
#11065 = PLANE('',#11066);
#11066 = AXIS2_PLACEMENT_3D('',#11067,#11068,#11069);
#11067 = CARTESIAN_POINT('',(42.6329094,-59.8600022,-1.8));
#11068 = DIRECTION('',(0.,0.,1.));
#11069 = DIRECTION('',(1.,0.,-0.));
#11070 = DEFINITIONAL_REPRESENTATION('',(#11071),#11075);
#11071 = CIRCLE('',#11072,1.9);
#11072 = AXIS2_PLACEMENT_2D('',#11073,#11074);
#11073 = CARTESIAN_POINT('',(0.,0.));
#11074 = DIRECTION('',(1.,0.));
#11075 = ( GEOMETRIC_REPRESENTATION_CONTEXT(2) 
PARAMETRIC_REPRESENTATION_CONTEXT() REPRESENTATION_CONTEXT('2D SPACE',''
  ) );
#11076 = ADVANCED_FACE('',(#11077),#11065,.F.);
#11077 = FACE_BOUND('',#11078,.F.);
#11078 = EDGE_LOOP('',(#11079));
#11079 = ORIENTED_EDGE('',*,*,#11050,.T.);
#11080 = ADVANCED_FACE('',(#11081),#11037,.T.);
#11081 = FACE_BOUND('',#11082,.T.);
#11082 = EDGE_LOOP('',(#11083));
#11083 = ORIENTED_EDGE('',*,*,#11022,.T.);
#11084 = ( GEOMETRIC_REPRESENTATION_CONTEXT(3) 
GLOBAL_UNCERTAINTY_ASSIGNED_CONTEXT((#11088)) 
GLOBAL_UNIT_ASSIGNED_CONTEXT((#11085,#11086,#11087)) 
REPRESENTATION_CONTEXT('Context #1',
  '3D Context with UNIT and UNCERTAINTY') );
#11085 = ( LENGTH_UNIT() NAMED_UNIT(*) SI_UNIT(.MILLI.,.METRE.) );
#11086 = ( NAMED_UNIT(*) PLANE_ANGLE_UNIT() SI_UNIT($,.RADIAN.) );
#11087 = ( NAMED_UNIT(*) SI_UNIT($,.STERADIAN.) SOLID_ANGLE_UNIT() );
#11088 = UNCERTAINTY_MEASURE_WITH_UNIT(LENGTH_MEASURE(1.E-07),#11085,
  'distance_accuracy_value','confusion accuracy');
#11089 = CONTEXT_DEPENDENT_SHAPE_REPRESENTATION(#11090,#11092);
#11090 = ( REPRESENTATION_RELATIONSHIP('','',#10985,#10) 
REPRESENTATION_RELATIONSHIP_WITH_TRANSFORMATION(#11091) 
SHAPE_REPRESENTATION_RELATIONSHIP() );
#11091 = ITEM_DEFINED_TRANSFORMATION('','',#11,#67);
#11092 = PRODUCT_DEFINITION_SHAPE('Placement','Placement of an item',
  #11093);
#11093 = NEXT_ASSEMBLY_USAGE_OCCURRENCE('29','','',#5,#10980,$);
#11094 = PRODUCT_RELATED_PRODUCT_CATEGORY('part',$,(#10982));
#11095 = SHAPE_DEFINITION_REPRESENTATION(#11096,#11102);
#11096 = PRODUCT_DEFINITION_SHAPE('','',#11097);
#11097 = PRODUCT_DEFINITION('design','',#11098,#11101);
#11098 = PRODUCT_DEFINITION_FORMATION('','',#11099);
#11099 = PRODUCT('Open CASCADE STEP translator 7.9 5.15',
  'Open CASCADE STEP translator 7.9 5.15','',(#11100));
#11100 = PRODUCT_CONTEXT('',#2,'mechanical');
#11101 = PRODUCT_DEFINITION_CONTEXT('part definition',#2,'design');
#11102 = ADVANCED_BREP_SHAPE_REPRESENTATION('',(#11,#11103),#11433);
#11103 = MANIFOLD_SOLID_BREP('',#11104);
#11104 = CLOSED_SHELL('',(#11105,#11225,#11325,#11372,#11419,#11426));
#11105 = ADVANCED_FACE('',(#11106),#11120,.F.);
#11106 = FACE_BOUND('',#11107,.F.);
#11107 = EDGE_LOOP('',(#11108,#11143,#11171,#11199));
#11108 = ORIENTED_EDGE('',*,*,#11109,.F.);
#11109 = EDGE_CURVE('',#11110,#11112,#11114,.T.);
#11110 = VERTEX_POINT('',#11111);
#11111 = CARTESIAN_POINT('',(53.783392,-67.7600022,1.6));
#11112 = VERTEX_POINT('',#11113);
#11113 = CARTESIAN_POINT('',(53.783392,-67.7600022,13.1));
#11114 = SURFACE_CURVE('',#11115,(#11119,#11131),.PCURVE_S1.);
#11115 = LINE('',#11116,#11117);
#11116 = CARTESIAN_POINT('',(53.783392,-67.7600022,1.6));
#11117 = VECTOR('',#11118,1.);
#11118 = DIRECTION('',(0.,0.,1.));
#11119 = PCURVE('',#11120,#11125);
#11120 = PLANE('',#11121);
#11121 = AXIS2_PLACEMENT_3D('',#11122,#11123,#11124);
#11122 = CARTESIAN_POINT('',(53.783392,-67.7600022,1.6));
#11123 = DIRECTION('',(1.,0.,0.));
#11124 = DIRECTION('',(0.,0.,1.));
#11125 = DEFINITIONAL_REPRESENTATION('',(#11126),#11130);
#11126 = LINE('',#11127,#11128);
#11127 = CARTESIAN_POINT('',(0.,0.));
#11128 = VECTOR('',#11129,1.);
#11129 = DIRECTION('',(1.,0.));
#11130 = ( GEOMETRIC_REPRESENTATION_CONTEXT(2) 
PARAMETRIC_REPRESENTATION_CONTEXT() REPRESENTATION_CONTEXT('2D SPACE',''
  ) );
#11131 = PCURVE('',#11132,#11137);
#11132 = PLANE('',#11133);
#11133 = AXIS2_PLACEMENT_3D('',#11134,#11135,#11136);
#11134 = CARTESIAN_POINT('',(53.783392,-67.7600022,1.6));
#11135 = DIRECTION('',(0.,1.,0.));
#11136 = DIRECTION('',(0.,0.,1.));
#11137 = DEFINITIONAL_REPRESENTATION('',(#11138),#11142);
#11138 = LINE('',#11139,#11140);
#11139 = CARTESIAN_POINT('',(0.,0.));
#11140 = VECTOR('',#11141,1.);
#11141 = DIRECTION('',(1.,0.));
#11142 = ( GEOMETRIC_REPRESENTATION_CONTEXT(2) 
PARAMETRIC_REPRESENTATION_CONTEXT() REPRESENTATION_CONTEXT('2D SPACE',''
  ) );
#11143 = ORIENTED_EDGE('',*,*,#11144,.T.);
#11144 = EDGE_CURVE('',#11110,#11145,#11147,.T.);
#11145 = VERTEX_POINT('',#11146);
#11146 = CARTESIAN_POINT('',(53.783392,-51.9600022,1.6));
#11147 = SURFACE_CURVE('',#11148,(#11152,#11159),.PCURVE_S1.);
#11148 = LINE('',#11149,#11150);
#11149 = CARTESIAN_POINT('',(53.783392,-67.7600022,1.6));
#11150 = VECTOR('',#11151,1.);
#11151 = DIRECTION('',(0.,1.,0.));
#11152 = PCURVE('',#11120,#11153);
#11153 = DEFINITIONAL_REPRESENTATION('',(#11154),#11158);
#11154 = LINE('',#11155,#11156);
#11155 = CARTESIAN_POINT('',(0.,0.));
#11156 = VECTOR('',#11157,1.);
#11157 = DIRECTION('',(0.,-1.));
#11158 = ( GEOMETRIC_REPRESENTATION_CONTEXT(2) 
PARAMETRIC_REPRESENTATION_CONTEXT() REPRESENTATION_CONTEXT('2D SPACE',''
  ) );
#11159 = PCURVE('',#11160,#11165);
#11160 = PLANE('',#11161);
#11161 = AXIS2_PLACEMENT_3D('',#11162,#11163,#11164);
#11162 = CARTESIAN_POINT('',(53.783392,-67.7600022,1.6));
#11163 = DIRECTION('',(0.,0.,1.));
#11164 = DIRECTION('',(1.,0.,0.));
#11165 = DEFINITIONAL_REPRESENTATION('',(#11166),#11170);
#11166 = LINE('',#11167,#11168);
#11167 = CARTESIAN_POINT('',(0.,0.));
#11168 = VECTOR('',#11169,1.);
#11169 = DIRECTION('',(0.,1.));
#11170 = ( GEOMETRIC_REPRESENTATION_CONTEXT(2) 
PARAMETRIC_REPRESENTATION_CONTEXT() REPRESENTATION_CONTEXT('2D SPACE',''
  ) );
#11171 = ORIENTED_EDGE('',*,*,#11172,.T.);
#11172 = EDGE_CURVE('',#11145,#11173,#11175,.T.);
#11173 = VERTEX_POINT('',#11174);
#11174 = CARTESIAN_POINT('',(53.783392,-51.9600022,13.1));
#11175 = SURFACE_CURVE('',#11176,(#11180,#11187),.PCURVE_S1.);
#11176 = LINE('',#11177,#11178);
#11177 = CARTESIAN_POINT('',(53.783392,-51.9600022,1.6));
#11178 = VECTOR('',#11179,1.);
#11179 = DIRECTION('',(0.,0.,1.));
#11180 = PCURVE('',#11120,#11181);
#11181 = DEFINITIONAL_REPRESENTATION('',(#11182),#11186);
#11182 = LINE('',#11183,#11184);
#11183 = CARTESIAN_POINT('',(0.,-15.8));
#11184 = VECTOR('',#11185,1.);
#11185 = DIRECTION('',(1.,0.));
#11186 = ( GEOMETRIC_REPRESENTATION_CONTEXT(2) 
PARAMETRIC_REPRESENTATION_CONTEXT() REPRESENTATION_CONTEXT('2D SPACE',''
  ) );
#11187 = PCURVE('',#11188,#11193);
#11188 = PLANE('',#11189);
#11189 = AXIS2_PLACEMENT_3D('',#11190,#11191,#11192);
#11190 = CARTESIAN_POINT('',(53.783392,-51.9600022,1.6));
#11191 = DIRECTION('',(0.,1.,0.));
#11192 = DIRECTION('',(0.,0.,1.));
#11193 = DEFINITIONAL_REPRESENTATION('',(#11194),#11198);
#11194 = LINE('',#11195,#11196);
#11195 = CARTESIAN_POINT('',(0.,0.));
#11196 = VECTOR('',#11197,1.);
#11197 = DIRECTION('',(1.,0.));
#11198 = ( GEOMETRIC_REPRESENTATION_CONTEXT(2) 
PARAMETRIC_REPRESENTATION_CONTEXT() REPRESENTATION_CONTEXT('2D SPACE',''
  ) );
#11199 = ORIENTED_EDGE('',*,*,#11200,.F.);
#11200 = EDGE_CURVE('',#11112,#11173,#11201,.T.);
#11201 = SURFACE_CURVE('',#11202,(#11206,#11213),.PCURVE_S1.);
#11202 = LINE('',#11203,#11204);
#11203 = CARTESIAN_POINT('',(53.783392,-67.7600022,13.1));
#11204 = VECTOR('',#11205,1.);
#11205 = DIRECTION('',(0.,1.,0.));
#11206 = PCURVE('',#11120,#11207);
#11207 = DEFINITIONAL_REPRESENTATION('',(#11208),#11212);
#11208 = LINE('',#11209,#11210);
#11209 = CARTESIAN_POINT('',(11.5,0.));
#11210 = VECTOR('',#11211,1.);
#11211 = DIRECTION('',(0.,-1.));
#11212 = ( GEOMETRIC_REPRESENTATION_CONTEXT(2) 
PARAMETRIC_REPRESENTATION_CONTEXT() REPRESENTATION_CONTEXT('2D SPACE',''
  ) );
#11213 = PCURVE('',#11214,#11219);
#11214 = PLANE('',#11215);
#11215 = AXIS2_PLACEMENT_3D('',#11216,#11217,#11218);
#11216 = CARTESIAN_POINT('',(53.783392,-67.7600022,13.1));
#11217 = DIRECTION('',(0.,0.,1.));
#11218 = DIRECTION('',(1.,0.,0.));
#11219 = DEFINITIONAL_REPRESENTATION('',(#11220),#11224);
#11220 = LINE('',#11221,#11222);
#11221 = CARTESIAN_POINT('',(0.,0.));
#11222 = VECTOR('',#11223,1.);
#11223 = DIRECTION('',(0.,1.));
#11224 = ( GEOMETRIC_REPRESENTATION_CONTEXT(2) 
PARAMETRIC_REPRESENTATION_CONTEXT() REPRESENTATION_CONTEXT('2D SPACE',''
  ) );
#11225 = ADVANCED_FACE('',(#11226),#11240,.T.);
#11226 = FACE_BOUND('',#11227,.T.);
#11227 = EDGE_LOOP('',(#11228,#11258,#11281,#11304));
#11228 = ORIENTED_EDGE('',*,*,#11229,.F.);
#11229 = EDGE_CURVE('',#11230,#11232,#11234,.T.);
#11230 = VERTEX_POINT('',#11231);
#11231 = CARTESIAN_POINT('',(69.583392,-67.7600022,1.6));
#11232 = VERTEX_POINT('',#11233);
#11233 = CARTESIAN_POINT('',(69.583392,-67.7600022,13.1));
#11234 = SURFACE_CURVE('',#11235,(#11239,#11251),.PCURVE_S1.);
#11235 = LINE('',#11236,#11237);
#11236 = CARTESIAN_POINT('',(69.583392,-67.7600022,1.6));
#11237 = VECTOR('',#11238,1.);
#11238 = DIRECTION('',(0.,0.,1.));
#11239 = PCURVE('',#11240,#11245);
#11240 = PLANE('',#11241);
#11241 = AXIS2_PLACEMENT_3D('',#11242,#11243,#11244);
#11242 = CARTESIAN_POINT('',(69.583392,-67.7600022,1.6));
#11243 = DIRECTION('',(1.,0.,0.));
#11244 = DIRECTION('',(0.,0.,1.));
#11245 = DEFINITIONAL_REPRESENTATION('',(#11246),#11250);
#11246 = LINE('',#11247,#11248);
#11247 = CARTESIAN_POINT('',(0.,0.));
#11248 = VECTOR('',#11249,1.);
#11249 = DIRECTION('',(1.,0.));
#11250 = ( GEOMETRIC_REPRESENTATION_CONTEXT(2) 
PARAMETRIC_REPRESENTATION_CONTEXT() REPRESENTATION_CONTEXT('2D SPACE',''
  ) );
#11251 = PCURVE('',#11132,#11252);
#11252 = DEFINITIONAL_REPRESENTATION('',(#11253),#11257);
#11253 = LINE('',#11254,#11255);
#11254 = CARTESIAN_POINT('',(0.,15.8));
#11255 = VECTOR('',#11256,1.);
#11256 = DIRECTION('',(1.,0.));
#11257 = ( GEOMETRIC_REPRESENTATION_CONTEXT(2) 
PARAMETRIC_REPRESENTATION_CONTEXT() REPRESENTATION_CONTEXT('2D SPACE',''
  ) );
#11258 = ORIENTED_EDGE('',*,*,#11259,.T.);
#11259 = EDGE_CURVE('',#11230,#11260,#11262,.T.);
#11260 = VERTEX_POINT('',#11261);
#11261 = CARTESIAN_POINT('',(69.583392,-51.9600022,1.6));
#11262 = SURFACE_CURVE('',#11263,(#11267,#11274),.PCURVE_S1.);
#11263 = LINE('',#11264,#11265);
#11264 = CARTESIAN_POINT('',(69.583392,-67.7600022,1.6));
#11265 = VECTOR('',#11266,1.);
#11266 = DIRECTION('',(0.,1.,0.));
#11267 = PCURVE('',#11240,#11268);
#11268 = DEFINITIONAL_REPRESENTATION('',(#11269),#11273);
#11269 = LINE('',#11270,#11271);
#11270 = CARTESIAN_POINT('',(0.,0.));
#11271 = VECTOR('',#11272,1.);
#11272 = DIRECTION('',(0.,-1.));
#11273 = ( GEOMETRIC_REPRESENTATION_CONTEXT(2) 
PARAMETRIC_REPRESENTATION_CONTEXT() REPRESENTATION_CONTEXT('2D SPACE',''
  ) );
#11274 = PCURVE('',#11160,#11275);
#11275 = DEFINITIONAL_REPRESENTATION('',(#11276),#11280);
#11276 = LINE('',#11277,#11278);
#11277 = CARTESIAN_POINT('',(15.8,0.));
#11278 = VECTOR('',#11279,1.);
#11279 = DIRECTION('',(0.,1.));
#11280 = ( GEOMETRIC_REPRESENTATION_CONTEXT(2) 
PARAMETRIC_REPRESENTATION_CONTEXT() REPRESENTATION_CONTEXT('2D SPACE',''
  ) );
#11281 = ORIENTED_EDGE('',*,*,#11282,.T.);
#11282 = EDGE_CURVE('',#11260,#11283,#11285,.T.);
#11283 = VERTEX_POINT('',#11284);
#11284 = CARTESIAN_POINT('',(69.583392,-51.9600022,13.1));
#11285 = SURFACE_CURVE('',#11286,(#11290,#11297),.PCURVE_S1.);
#11286 = LINE('',#11287,#11288);
#11287 = CARTESIAN_POINT('',(69.583392,-51.9600022,1.6));
#11288 = VECTOR('',#11289,1.);
#11289 = DIRECTION('',(0.,0.,1.));
#11290 = PCURVE('',#11240,#11291);
#11291 = DEFINITIONAL_REPRESENTATION('',(#11292),#11296);
#11292 = LINE('',#11293,#11294);
#11293 = CARTESIAN_POINT('',(0.,-15.8));
#11294 = VECTOR('',#11295,1.);
#11295 = DIRECTION('',(1.,0.));
#11296 = ( GEOMETRIC_REPRESENTATION_CONTEXT(2) 
PARAMETRIC_REPRESENTATION_CONTEXT() REPRESENTATION_CONTEXT('2D SPACE',''
  ) );
#11297 = PCURVE('',#11188,#11298);
#11298 = DEFINITIONAL_REPRESENTATION('',(#11299),#11303);
#11299 = LINE('',#11300,#11301);
#11300 = CARTESIAN_POINT('',(0.,15.8));
#11301 = VECTOR('',#11302,1.);
#11302 = DIRECTION('',(1.,0.));
#11303 = ( GEOMETRIC_REPRESENTATION_CONTEXT(2) 
PARAMETRIC_REPRESENTATION_CONTEXT() REPRESENTATION_CONTEXT('2D SPACE',''
  ) );
#11304 = ORIENTED_EDGE('',*,*,#11305,.F.);
#11305 = EDGE_CURVE('',#11232,#11283,#11306,.T.);
#11306 = SURFACE_CURVE('',#11307,(#11311,#11318),.PCURVE_S1.);
#11307 = LINE('',#11308,#11309);
#11308 = CARTESIAN_POINT('',(69.583392,-67.7600022,13.1));
#11309 = VECTOR('',#11310,1.);
#11310 = DIRECTION('',(0.,1.,0.));
#11311 = PCURVE('',#11240,#11312);
#11312 = DEFINITIONAL_REPRESENTATION('',(#11313),#11317);
#11313 = LINE('',#11314,#11315);
#11314 = CARTESIAN_POINT('',(11.5,0.));
#11315 = VECTOR('',#11316,1.);
#11316 = DIRECTION('',(0.,-1.));
#11317 = ( GEOMETRIC_REPRESENTATION_CONTEXT(2) 
PARAMETRIC_REPRESENTATION_CONTEXT() REPRESENTATION_CONTEXT('2D SPACE',''
  ) );
#11318 = PCURVE('',#11214,#11319);
#11319 = DEFINITIONAL_REPRESENTATION('',(#11320),#11324);
#11320 = LINE('',#11321,#11322);
#11321 = CARTESIAN_POINT('',(15.8,0.));
#11322 = VECTOR('',#11323,1.);
#11323 = DIRECTION('',(0.,1.));
#11324 = ( GEOMETRIC_REPRESENTATION_CONTEXT(2) 
PARAMETRIC_REPRESENTATION_CONTEXT() REPRESENTATION_CONTEXT('2D SPACE',''
  ) );
#11325 = ADVANCED_FACE('',(#11326),#11132,.F.);
#11326 = FACE_BOUND('',#11327,.F.);
#11327 = EDGE_LOOP('',(#11328,#11349,#11350,#11371));
#11328 = ORIENTED_EDGE('',*,*,#11329,.F.);
#11329 = EDGE_CURVE('',#11110,#11230,#11330,.T.);
#11330 = SURFACE_CURVE('',#11331,(#11335,#11342),.PCURVE_S1.);
#11331 = LINE('',#11332,#11333);
#11332 = CARTESIAN_POINT('',(53.783392,-67.7600022,1.6));
#11333 = VECTOR('',#11334,1.);
#11334 = DIRECTION('',(1.,0.,0.));
#11335 = PCURVE('',#11132,#11336);
#11336 = DEFINITIONAL_REPRESENTATION('',(#11337),#11341);
#11337 = LINE('',#11338,#11339);
#11338 = CARTESIAN_POINT('',(0.,0.));
#11339 = VECTOR('',#11340,1.);
#11340 = DIRECTION('',(0.,1.));
#11341 = ( GEOMETRIC_REPRESENTATION_CONTEXT(2) 
PARAMETRIC_REPRESENTATION_CONTEXT() REPRESENTATION_CONTEXT('2D SPACE',''
  ) );
#11342 = PCURVE('',#11160,#11343);
#11343 = DEFINITIONAL_REPRESENTATION('',(#11344),#11348);
#11344 = LINE('',#11345,#11346);
#11345 = CARTESIAN_POINT('',(0.,0.));
#11346 = VECTOR('',#11347,1.);
#11347 = DIRECTION('',(1.,0.));
#11348 = ( GEOMETRIC_REPRESENTATION_CONTEXT(2) 
PARAMETRIC_REPRESENTATION_CONTEXT() REPRESENTATION_CONTEXT('2D SPACE',''
  ) );
#11349 = ORIENTED_EDGE('',*,*,#11109,.T.);
#11350 = ORIENTED_EDGE('',*,*,#11351,.T.);
#11351 = EDGE_CURVE('',#11112,#11232,#11352,.T.);
#11352 = SURFACE_CURVE('',#11353,(#11357,#11364),.PCURVE_S1.);
#11353 = LINE('',#11354,#11355);
#11354 = CARTESIAN_POINT('',(53.783392,-67.7600022,13.1));
#11355 = VECTOR('',#11356,1.);
#11356 = DIRECTION('',(1.,0.,0.));
#11357 = PCURVE('',#11132,#11358);
#11358 = DEFINITIONAL_REPRESENTATION('',(#11359),#11363);
#11359 = LINE('',#11360,#11361);
#11360 = CARTESIAN_POINT('',(11.5,0.));
#11361 = VECTOR('',#11362,1.);
#11362 = DIRECTION('',(0.,1.));
#11363 = ( GEOMETRIC_REPRESENTATION_CONTEXT(2) 
PARAMETRIC_REPRESENTATION_CONTEXT() REPRESENTATION_CONTEXT('2D SPACE',''
  ) );
#11364 = PCURVE('',#11214,#11365);
#11365 = DEFINITIONAL_REPRESENTATION('',(#11366),#11370);
#11366 = LINE('',#11367,#11368);
#11367 = CARTESIAN_POINT('',(0.,0.));
#11368 = VECTOR('',#11369,1.);
#11369 = DIRECTION('',(1.,0.));
#11370 = ( GEOMETRIC_REPRESENTATION_CONTEXT(2) 
PARAMETRIC_REPRESENTATION_CONTEXT() REPRESENTATION_CONTEXT('2D SPACE',''
  ) );
#11371 = ORIENTED_EDGE('',*,*,#11229,.F.);
#11372 = ADVANCED_FACE('',(#11373),#11188,.T.);
#11373 = FACE_BOUND('',#11374,.T.);
#11374 = EDGE_LOOP('',(#11375,#11396,#11397,#11418));
#11375 = ORIENTED_EDGE('',*,*,#11376,.F.);
#11376 = EDGE_CURVE('',#11145,#11260,#11377,.T.);
#11377 = SURFACE_CURVE('',#11378,(#11382,#11389),.PCURVE_S1.);
#11378 = LINE('',#11379,#11380);
#11379 = CARTESIAN_POINT('',(53.783392,-51.9600022,1.6));
#11380 = VECTOR('',#11381,1.);
#11381 = DIRECTION('',(1.,0.,0.));
#11382 = PCURVE('',#11188,#11383);
#11383 = DEFINITIONAL_REPRESENTATION('',(#11384),#11388);
#11384 = LINE('',#11385,#11386);
#11385 = CARTESIAN_POINT('',(0.,0.));
#11386 = VECTOR('',#11387,1.);
#11387 = DIRECTION('',(0.,1.));
#11388 = ( GEOMETRIC_REPRESENTATION_CONTEXT(2) 
PARAMETRIC_REPRESENTATION_CONTEXT() REPRESENTATION_CONTEXT('2D SPACE',''
  ) );
#11389 = PCURVE('',#11160,#11390);
#11390 = DEFINITIONAL_REPRESENTATION('',(#11391),#11395);
#11391 = LINE('',#11392,#11393);
#11392 = CARTESIAN_POINT('',(0.,15.8));
#11393 = VECTOR('',#11394,1.);
#11394 = DIRECTION('',(1.,0.));
#11395 = ( GEOMETRIC_REPRESENTATION_CONTEXT(2) 
PARAMETRIC_REPRESENTATION_CONTEXT() REPRESENTATION_CONTEXT('2D SPACE',''
  ) );
#11396 = ORIENTED_EDGE('',*,*,#11172,.T.);
#11397 = ORIENTED_EDGE('',*,*,#11398,.T.);
#11398 = EDGE_CURVE('',#11173,#11283,#11399,.T.);
#11399 = SURFACE_CURVE('',#11400,(#11404,#11411),.PCURVE_S1.);
#11400 = LINE('',#11401,#11402);
#11401 = CARTESIAN_POINT('',(53.783392,-51.9600022,13.1));
#11402 = VECTOR('',#11403,1.);
#11403 = DIRECTION('',(1.,0.,0.));
#11404 = PCURVE('',#11188,#11405);
#11405 = DEFINITIONAL_REPRESENTATION('',(#11406),#11410);
#11406 = LINE('',#11407,#11408);
#11407 = CARTESIAN_POINT('',(11.5,0.));
#11408 = VECTOR('',#11409,1.);
#11409 = DIRECTION('',(0.,1.));
#11410 = ( GEOMETRIC_REPRESENTATION_CONTEXT(2) 
PARAMETRIC_REPRESENTATION_CONTEXT() REPRESENTATION_CONTEXT('2D SPACE',''
  ) );
#11411 = PCURVE('',#11214,#11412);
#11412 = DEFINITIONAL_REPRESENTATION('',(#11413),#11417);
#11413 = LINE('',#11414,#11415);
#11414 = CARTESIAN_POINT('',(0.,15.8));
#11415 = VECTOR('',#11416,1.);
#11416 = DIRECTION('',(1.,0.));
#11417 = ( GEOMETRIC_REPRESENTATION_CONTEXT(2) 
PARAMETRIC_REPRESENTATION_CONTEXT() REPRESENTATION_CONTEXT('2D SPACE',''
  ) );
#11418 = ORIENTED_EDGE('',*,*,#11282,.F.);
#11419 = ADVANCED_FACE('',(#11420),#11160,.F.);
#11420 = FACE_BOUND('',#11421,.F.);
#11421 = EDGE_LOOP('',(#11422,#11423,#11424,#11425));
#11422 = ORIENTED_EDGE('',*,*,#11144,.F.);
#11423 = ORIENTED_EDGE('',*,*,#11329,.T.);
#11424 = ORIENTED_EDGE('',*,*,#11259,.T.);
#11425 = ORIENTED_EDGE('',*,*,#11376,.F.);
#11426 = ADVANCED_FACE('',(#11427),#11214,.T.);
#11427 = FACE_BOUND('',#11428,.T.);
#11428 = EDGE_LOOP('',(#11429,#11430,#11431,#11432));
#11429 = ORIENTED_EDGE('',*,*,#11200,.F.);
#11430 = ORIENTED_EDGE('',*,*,#11351,.T.);
#11431 = ORIENTED_EDGE('',*,*,#11305,.T.);
#11432 = ORIENTED_EDGE('',*,*,#11398,.F.);
#11433 = ( GEOMETRIC_REPRESENTATION_CONTEXT(3) 
GLOBAL_UNCERTAINTY_ASSIGNED_CONTEXT((#11437)) 
GLOBAL_UNIT_ASSIGNED_CONTEXT((#11434,#11435,#11436)) 
REPRESENTATION_CONTEXT('Context #1',
  '3D Context with UNIT and UNCERTAINTY') );
#11434 = ( LENGTH_UNIT() NAMED_UNIT(*) SI_UNIT(.MILLI.,.METRE.) );
#11435 = ( NAMED_UNIT(*) PLANE_ANGLE_UNIT() SI_UNIT($,.RADIAN.) );
#11436 = ( NAMED_UNIT(*) SI_UNIT($,.STERADIAN.) SOLID_ANGLE_UNIT() );
#11437 = UNCERTAINTY_MEASURE_WITH_UNIT(LENGTH_MEASURE(1.E-07),#11434,
  'distance_accuracy_value','confusion accuracy');
#11438 = CONTEXT_DEPENDENT_SHAPE_REPRESENTATION(#11439,#11441);
#11439 = ( REPRESENTATION_RELATIONSHIP('','',#11102,#10) 
REPRESENTATION_RELATIONSHIP_WITH_TRANSFORMATION(#11440) 
SHAPE_REPRESENTATION_RELATIONSHIP() );
#11440 = ITEM_DEFINED_TRANSFORMATION('','',#11,#71);
#11441 = PRODUCT_DEFINITION_SHAPE('Placement','Placement of an item',
  #11442);
#11442 = NEXT_ASSEMBLY_USAGE_OCCURRENCE('30','','',#5,#11097,$);
#11443 = PRODUCT_RELATED_PRODUCT_CATEGORY('part',$,(#11099));
#11444 = SHAPE_DEFINITION_REPRESENTATION(#11445,#11451);
#11445 = PRODUCT_DEFINITION_SHAPE('','',#11446);
#11446 = PRODUCT_DEFINITION('design','',#11447,#11450);
#11447 = PRODUCT_DEFINITION_FORMATION('','',#11448);
#11448 = PRODUCT('Open CASCADE STEP translator 7.9 5.16',
  'Open CASCADE STEP translator 7.9 5.16','',(#11449));
#11449 = PRODUCT_CONTEXT('',#2,'mechanical');
#11450 = PRODUCT_DEFINITION_CONTEXT('part definition',#2,'design');
#11451 = ADVANCED_BREP_SHAPE_REPRESENTATION('',(#11,#11452),#11782);
#11452 = MANIFOLD_SOLID_BREP('',#11453);
#11453 = CLOSED_SHELL('',(#11454,#11574,#11674,#11721,#11768,#11775));
#11454 = ADVANCED_FACE('',(#11455),#11469,.F.);
#11455 = FACE_BOUND('',#11456,.F.);
#11456 = EDGE_LOOP('',(#11457,#11492,#11520,#11548));
#11457 = ORIENTED_EDGE('',*,*,#11458,.F.);
#11458 = EDGE_CURVE('',#11459,#11461,#11463,.T.);
#11459 = VERTEX_POINT('',#11460);
#11460 = CARTESIAN_POINT('',(52.583392,-68.9600022,11.1));
#11461 = VERTEX_POINT('',#11462);
#11462 = CARTESIAN_POINT('',(52.583392,-68.9600022,20.3));
#11463 = SURFACE_CURVE('',#11464,(#11468,#11480),.PCURVE_S1.);
#11464 = LINE('',#11465,#11466);
#11465 = CARTESIAN_POINT('',(52.583392,-68.9600022,11.1));
#11466 = VECTOR('',#11467,1.);
#11467 = DIRECTION('',(0.,0.,1.));
#11468 = PCURVE('',#11469,#11474);
#11469 = PLANE('',#11470);
#11470 = AXIS2_PLACEMENT_3D('',#11471,#11472,#11473);
#11471 = CARTESIAN_POINT('',(52.583392,-68.9600022,11.1));
#11472 = DIRECTION('',(1.,0.,0.));
#11473 = DIRECTION('',(0.,0.,1.));
#11474 = DEFINITIONAL_REPRESENTATION('',(#11475),#11479);
#11475 = LINE('',#11476,#11477);
#11476 = CARTESIAN_POINT('',(0.,0.));
#11477 = VECTOR('',#11478,1.);
#11478 = DIRECTION('',(1.,0.));
#11479 = ( GEOMETRIC_REPRESENTATION_CONTEXT(2) 
PARAMETRIC_REPRESENTATION_CONTEXT() REPRESENTATION_CONTEXT('2D SPACE',''
  ) );
#11480 = PCURVE('',#11481,#11486);
#11481 = PLANE('',#11482);
#11482 = AXIS2_PLACEMENT_3D('',#11483,#11484,#11485);
#11483 = CARTESIAN_POINT('',(52.583392,-68.9600022,11.1));
#11484 = DIRECTION('',(0.,1.,0.));
#11485 = DIRECTION('',(0.,0.,1.));
#11486 = DEFINITIONAL_REPRESENTATION('',(#11487),#11491);
#11487 = LINE('',#11488,#11489);
#11488 = CARTESIAN_POINT('',(0.,0.));
#11489 = VECTOR('',#11490,1.);
#11490 = DIRECTION('',(1.,0.));
#11491 = ( GEOMETRIC_REPRESENTATION_CONTEXT(2) 
PARAMETRIC_REPRESENTATION_CONTEXT() REPRESENTATION_CONTEXT('2D SPACE',''
  ) );
#11492 = ORIENTED_EDGE('',*,*,#11493,.T.);
#11493 = EDGE_CURVE('',#11459,#11494,#11496,.T.);
#11494 = VERTEX_POINT('',#11495);
#11495 = CARTESIAN_POINT('',(52.583392,-50.7600022,11.1));
#11496 = SURFACE_CURVE('',#11497,(#11501,#11508),.PCURVE_S1.);
#11497 = LINE('',#11498,#11499);
#11498 = CARTESIAN_POINT('',(52.583392,-68.9600022,11.1));
#11499 = VECTOR('',#11500,1.);
#11500 = DIRECTION('',(0.,1.,0.));
#11501 = PCURVE('',#11469,#11502);
#11502 = DEFINITIONAL_REPRESENTATION('',(#11503),#11507);
#11503 = LINE('',#11504,#11505);
#11504 = CARTESIAN_POINT('',(0.,0.));
#11505 = VECTOR('',#11506,1.);
#11506 = DIRECTION('',(0.,-1.));
#11507 = ( GEOMETRIC_REPRESENTATION_CONTEXT(2) 
PARAMETRIC_REPRESENTATION_CONTEXT() REPRESENTATION_CONTEXT('2D SPACE',''
  ) );
#11508 = PCURVE('',#11509,#11514);
#11509 = PLANE('',#11510);
#11510 = AXIS2_PLACEMENT_3D('',#11511,#11512,#11513);
#11511 = CARTESIAN_POINT('',(52.583392,-68.9600022,11.1));
#11512 = DIRECTION('',(0.,0.,1.));
#11513 = DIRECTION('',(1.,0.,0.));
#11514 = DEFINITIONAL_REPRESENTATION('',(#11515),#11519);
#11515 = LINE('',#11516,#11517);
#11516 = CARTESIAN_POINT('',(0.,0.));
#11517 = VECTOR('',#11518,1.);
#11518 = DIRECTION('',(0.,1.));
#11519 = ( GEOMETRIC_REPRESENTATION_CONTEXT(2) 
PARAMETRIC_REPRESENTATION_CONTEXT() REPRESENTATION_CONTEXT('2D SPACE',''
  ) );
#11520 = ORIENTED_EDGE('',*,*,#11521,.T.);
#11521 = EDGE_CURVE('',#11494,#11522,#11524,.T.);
#11522 = VERTEX_POINT('',#11523);
#11523 = CARTESIAN_POINT('',(52.583392,-50.7600022,20.3));
#11524 = SURFACE_CURVE('',#11525,(#11529,#11536),.PCURVE_S1.);
#11525 = LINE('',#11526,#11527);
#11526 = CARTESIAN_POINT('',(52.583392,-50.7600022,11.1));
#11527 = VECTOR('',#11528,1.);
#11528 = DIRECTION('',(0.,0.,1.));
#11529 = PCURVE('',#11469,#11530);
#11530 = DEFINITIONAL_REPRESENTATION('',(#11531),#11535);
#11531 = LINE('',#11532,#11533);
#11532 = CARTESIAN_POINT('',(0.,-18.2));
#11533 = VECTOR('',#11534,1.);
#11534 = DIRECTION('',(1.,0.));
#11535 = ( GEOMETRIC_REPRESENTATION_CONTEXT(2) 
PARAMETRIC_REPRESENTATION_CONTEXT() REPRESENTATION_CONTEXT('2D SPACE',''
  ) );
#11536 = PCURVE('',#11537,#11542);
#11537 = PLANE('',#11538);
#11538 = AXIS2_PLACEMENT_3D('',#11539,#11540,#11541);
#11539 = CARTESIAN_POINT('',(52.583392,-50.7600022,11.1));
#11540 = DIRECTION('',(0.,1.,0.));
#11541 = DIRECTION('',(0.,0.,1.));
#11542 = DEFINITIONAL_REPRESENTATION('',(#11543),#11547);
#11543 = LINE('',#11544,#11545);
#11544 = CARTESIAN_POINT('',(0.,0.));
#11545 = VECTOR('',#11546,1.);
#11546 = DIRECTION('',(1.,0.));
#11547 = ( GEOMETRIC_REPRESENTATION_CONTEXT(2) 
PARAMETRIC_REPRESENTATION_CONTEXT() REPRESENTATION_CONTEXT('2D SPACE',''
  ) );
#11548 = ORIENTED_EDGE('',*,*,#11549,.F.);
#11549 = EDGE_CURVE('',#11461,#11522,#11550,.T.);
#11550 = SURFACE_CURVE('',#11551,(#11555,#11562),.PCURVE_S1.);
#11551 = LINE('',#11552,#11553);
#11552 = CARTESIAN_POINT('',(52.583392,-68.9600022,20.3));
#11553 = VECTOR('',#11554,1.);
#11554 = DIRECTION('',(0.,1.,0.));
#11555 = PCURVE('',#11469,#11556);
#11556 = DEFINITIONAL_REPRESENTATION('',(#11557),#11561);
#11557 = LINE('',#11558,#11559);
#11558 = CARTESIAN_POINT('',(9.2,0.));
#11559 = VECTOR('',#11560,1.);
#11560 = DIRECTION('',(0.,-1.));
#11561 = ( GEOMETRIC_REPRESENTATION_CONTEXT(2) 
PARAMETRIC_REPRESENTATION_CONTEXT() REPRESENTATION_CONTEXT('2D SPACE',''
  ) );
#11562 = PCURVE('',#11563,#11568);
#11563 = PLANE('',#11564);
#11564 = AXIS2_PLACEMENT_3D('',#11565,#11566,#11567);
#11565 = CARTESIAN_POINT('',(52.583392,-68.9600022,20.3));
#11566 = DIRECTION('',(0.,0.,1.));
#11567 = DIRECTION('',(1.,0.,0.));
#11568 = DEFINITIONAL_REPRESENTATION('',(#11569),#11573);
#11569 = LINE('',#11570,#11571);
#11570 = CARTESIAN_POINT('',(0.,0.));
#11571 = VECTOR('',#11572,1.);
#11572 = DIRECTION('',(0.,1.));
#11573 = ( GEOMETRIC_REPRESENTATION_CONTEXT(2) 
PARAMETRIC_REPRESENTATION_CONTEXT() REPRESENTATION_CONTEXT('2D SPACE',''
  ) );
#11574 = ADVANCED_FACE('',(#11575),#11589,.T.);
#11575 = FACE_BOUND('',#11576,.T.);
#11576 = EDGE_LOOP('',(#11577,#11607,#11630,#11653));
#11577 = ORIENTED_EDGE('',*,*,#11578,.F.);
#11578 = EDGE_CURVE('',#11579,#11581,#11583,.T.);
#11579 = VERTEX_POINT('',#11580);
#11580 = CARTESIAN_POINT('',(70.783392,-68.9600022,11.1));
#11581 = VERTEX_POINT('',#11582);
#11582 = CARTESIAN_POINT('',(70.783392,-68.9600022,20.3));
#11583 = SURFACE_CURVE('',#11584,(#11588,#11600),.PCURVE_S1.);
#11584 = LINE('',#11585,#11586);
#11585 = CARTESIAN_POINT('',(70.783392,-68.9600022,11.1));
#11586 = VECTOR('',#11587,1.);
#11587 = DIRECTION('',(0.,0.,1.));
#11588 = PCURVE('',#11589,#11594);
#11589 = PLANE('',#11590);
#11590 = AXIS2_PLACEMENT_3D('',#11591,#11592,#11593);
#11591 = CARTESIAN_POINT('',(70.783392,-68.9600022,11.1));
#11592 = DIRECTION('',(1.,0.,0.));
#11593 = DIRECTION('',(0.,0.,1.));
#11594 = DEFINITIONAL_REPRESENTATION('',(#11595),#11599);
#11595 = LINE('',#11596,#11597);
#11596 = CARTESIAN_POINT('',(0.,0.));
#11597 = VECTOR('',#11598,1.);
#11598 = DIRECTION('',(1.,0.));
#11599 = ( GEOMETRIC_REPRESENTATION_CONTEXT(2) 
PARAMETRIC_REPRESENTATION_CONTEXT() REPRESENTATION_CONTEXT('2D SPACE',''
  ) );
#11600 = PCURVE('',#11481,#11601);
#11601 = DEFINITIONAL_REPRESENTATION('',(#11602),#11606);
#11602 = LINE('',#11603,#11604);
#11603 = CARTESIAN_POINT('',(0.,18.2));
#11604 = VECTOR('',#11605,1.);
#11605 = DIRECTION('',(1.,0.));
#11606 = ( GEOMETRIC_REPRESENTATION_CONTEXT(2) 
PARAMETRIC_REPRESENTATION_CONTEXT() REPRESENTATION_CONTEXT('2D SPACE',''
  ) );
#11607 = ORIENTED_EDGE('',*,*,#11608,.T.);
#11608 = EDGE_CURVE('',#11579,#11609,#11611,.T.);
#11609 = VERTEX_POINT('',#11610);
#11610 = CARTESIAN_POINT('',(70.783392,-50.7600022,11.1));
#11611 = SURFACE_CURVE('',#11612,(#11616,#11623),.PCURVE_S1.);
#11612 = LINE('',#11613,#11614);
#11613 = CARTESIAN_POINT('',(70.783392,-68.9600022,11.1));
#11614 = VECTOR('',#11615,1.);
#11615 = DIRECTION('',(0.,1.,0.));
#11616 = PCURVE('',#11589,#11617);
#11617 = DEFINITIONAL_REPRESENTATION('',(#11618),#11622);
#11618 = LINE('',#11619,#11620);
#11619 = CARTESIAN_POINT('',(0.,0.));
#11620 = VECTOR('',#11621,1.);
#11621 = DIRECTION('',(0.,-1.));
#11622 = ( GEOMETRIC_REPRESENTATION_CONTEXT(2) 
PARAMETRIC_REPRESENTATION_CONTEXT() REPRESENTATION_CONTEXT('2D SPACE',''
  ) );
#11623 = PCURVE('',#11509,#11624);
#11624 = DEFINITIONAL_REPRESENTATION('',(#11625),#11629);
#11625 = LINE('',#11626,#11627);
#11626 = CARTESIAN_POINT('',(18.2,0.));
#11627 = VECTOR('',#11628,1.);
#11628 = DIRECTION('',(0.,1.));
#11629 = ( GEOMETRIC_REPRESENTATION_CONTEXT(2) 
PARAMETRIC_REPRESENTATION_CONTEXT() REPRESENTATION_CONTEXT('2D SPACE',''
  ) );
#11630 = ORIENTED_EDGE('',*,*,#11631,.T.);
#11631 = EDGE_CURVE('',#11609,#11632,#11634,.T.);
#11632 = VERTEX_POINT('',#11633);
#11633 = CARTESIAN_POINT('',(70.783392,-50.7600022,20.3));
#11634 = SURFACE_CURVE('',#11635,(#11639,#11646),.PCURVE_S1.);
#11635 = LINE('',#11636,#11637);
#11636 = CARTESIAN_POINT('',(70.783392,-50.7600022,11.1));
#11637 = VECTOR('',#11638,1.);
#11638 = DIRECTION('',(0.,0.,1.));
#11639 = PCURVE('',#11589,#11640);
#11640 = DEFINITIONAL_REPRESENTATION('',(#11641),#11645);
#11641 = LINE('',#11642,#11643);
#11642 = CARTESIAN_POINT('',(0.,-18.2));
#11643 = VECTOR('',#11644,1.);
#11644 = DIRECTION('',(1.,0.));
#11645 = ( GEOMETRIC_REPRESENTATION_CONTEXT(2) 
PARAMETRIC_REPRESENTATION_CONTEXT() REPRESENTATION_CONTEXT('2D SPACE',''
  ) );
#11646 = PCURVE('',#11537,#11647);
#11647 = DEFINITIONAL_REPRESENTATION('',(#11648),#11652);
#11648 = LINE('',#11649,#11650);
#11649 = CARTESIAN_POINT('',(0.,18.2));
#11650 = VECTOR('',#11651,1.);
#11651 = DIRECTION('',(1.,0.));
#11652 = ( GEOMETRIC_REPRESENTATION_CONTEXT(2) 
PARAMETRIC_REPRESENTATION_CONTEXT() REPRESENTATION_CONTEXT('2D SPACE',''
  ) );
#11653 = ORIENTED_EDGE('',*,*,#11654,.F.);
#11654 = EDGE_CURVE('',#11581,#11632,#11655,.T.);
#11655 = SURFACE_CURVE('',#11656,(#11660,#11667),.PCURVE_S1.);
#11656 = LINE('',#11657,#11658);
#11657 = CARTESIAN_POINT('',(70.783392,-68.9600022,20.3));
#11658 = VECTOR('',#11659,1.);
#11659 = DIRECTION('',(0.,1.,0.));
#11660 = PCURVE('',#11589,#11661);
#11661 = DEFINITIONAL_REPRESENTATION('',(#11662),#11666);
#11662 = LINE('',#11663,#11664);
#11663 = CARTESIAN_POINT('',(9.2,0.));
#11664 = VECTOR('',#11665,1.);
#11665 = DIRECTION('',(0.,-1.));
#11666 = ( GEOMETRIC_REPRESENTATION_CONTEXT(2) 
PARAMETRIC_REPRESENTATION_CONTEXT() REPRESENTATION_CONTEXT('2D SPACE',''
  ) );
#11667 = PCURVE('',#11563,#11668);
#11668 = DEFINITIONAL_REPRESENTATION('',(#11669),#11673);
#11669 = LINE('',#11670,#11671);
#11670 = CARTESIAN_POINT('',(18.2,0.));
#11671 = VECTOR('',#11672,1.);
#11672 = DIRECTION('',(0.,1.));
#11673 = ( GEOMETRIC_REPRESENTATION_CONTEXT(2) 
PARAMETRIC_REPRESENTATION_CONTEXT() REPRESENTATION_CONTEXT('2D SPACE',''
  ) );
#11674 = ADVANCED_FACE('',(#11675),#11481,.F.);
#11675 = FACE_BOUND('',#11676,.F.);
#11676 = EDGE_LOOP('',(#11677,#11698,#11699,#11720));
#11677 = ORIENTED_EDGE('',*,*,#11678,.F.);
#11678 = EDGE_CURVE('',#11459,#11579,#11679,.T.);
#11679 = SURFACE_CURVE('',#11680,(#11684,#11691),.PCURVE_S1.);
#11680 = LINE('',#11681,#11682);
#11681 = CARTESIAN_POINT('',(52.583392,-68.9600022,11.1));
#11682 = VECTOR('',#11683,1.);
#11683 = DIRECTION('',(1.,0.,0.));
#11684 = PCURVE('',#11481,#11685);
#11685 = DEFINITIONAL_REPRESENTATION('',(#11686),#11690);
#11686 = LINE('',#11687,#11688);
#11687 = CARTESIAN_POINT('',(0.,0.));
#11688 = VECTOR('',#11689,1.);
#11689 = DIRECTION('',(0.,1.));
#11690 = ( GEOMETRIC_REPRESENTATION_CONTEXT(2) 
PARAMETRIC_REPRESENTATION_CONTEXT() REPRESENTATION_CONTEXT('2D SPACE',''
  ) );
#11691 = PCURVE('',#11509,#11692);
#11692 = DEFINITIONAL_REPRESENTATION('',(#11693),#11697);
#11693 = LINE('',#11694,#11695);
#11694 = CARTESIAN_POINT('',(0.,0.));
#11695 = VECTOR('',#11696,1.);
#11696 = DIRECTION('',(1.,0.));
#11697 = ( GEOMETRIC_REPRESENTATION_CONTEXT(2) 
PARAMETRIC_REPRESENTATION_CONTEXT() REPRESENTATION_CONTEXT('2D SPACE',''
  ) );
#11698 = ORIENTED_EDGE('',*,*,#11458,.T.);
#11699 = ORIENTED_EDGE('',*,*,#11700,.T.);
#11700 = EDGE_CURVE('',#11461,#11581,#11701,.T.);
#11701 = SURFACE_CURVE('',#11702,(#11706,#11713),.PCURVE_S1.);
#11702 = LINE('',#11703,#11704);
#11703 = CARTESIAN_POINT('',(52.583392,-68.9600022,20.3));
#11704 = VECTOR('',#11705,1.);
#11705 = DIRECTION('',(1.,0.,0.));
#11706 = PCURVE('',#11481,#11707);
#11707 = DEFINITIONAL_REPRESENTATION('',(#11708),#11712);
#11708 = LINE('',#11709,#11710);
#11709 = CARTESIAN_POINT('',(9.2,0.));
#11710 = VECTOR('',#11711,1.);
#11711 = DIRECTION('',(0.,1.));
#11712 = ( GEOMETRIC_REPRESENTATION_CONTEXT(2) 
PARAMETRIC_REPRESENTATION_CONTEXT() REPRESENTATION_CONTEXT('2D SPACE',''
  ) );
#11713 = PCURVE('',#11563,#11714);
#11714 = DEFINITIONAL_REPRESENTATION('',(#11715),#11719);
#11715 = LINE('',#11716,#11717);
#11716 = CARTESIAN_POINT('',(0.,0.));
#11717 = VECTOR('',#11718,1.);
#11718 = DIRECTION('',(1.,0.));
#11719 = ( GEOMETRIC_REPRESENTATION_CONTEXT(2) 
PARAMETRIC_REPRESENTATION_CONTEXT() REPRESENTATION_CONTEXT('2D SPACE',''
  ) );
#11720 = ORIENTED_EDGE('',*,*,#11578,.F.);
#11721 = ADVANCED_FACE('',(#11722),#11537,.T.);
#11722 = FACE_BOUND('',#11723,.T.);
#11723 = EDGE_LOOP('',(#11724,#11745,#11746,#11767));
#11724 = ORIENTED_EDGE('',*,*,#11725,.F.);
#11725 = EDGE_CURVE('',#11494,#11609,#11726,.T.);
#11726 = SURFACE_CURVE('',#11727,(#11731,#11738),.PCURVE_S1.);
#11727 = LINE('',#11728,#11729);
#11728 = CARTESIAN_POINT('',(52.583392,-50.7600022,11.1));
#11729 = VECTOR('',#11730,1.);
#11730 = DIRECTION('',(1.,0.,0.));
#11731 = PCURVE('',#11537,#11732);
#11732 = DEFINITIONAL_REPRESENTATION('',(#11733),#11737);
#11733 = LINE('',#11734,#11735);
#11734 = CARTESIAN_POINT('',(0.,0.));
#11735 = VECTOR('',#11736,1.);
#11736 = DIRECTION('',(0.,1.));
#11737 = ( GEOMETRIC_REPRESENTATION_CONTEXT(2) 
PARAMETRIC_REPRESENTATION_CONTEXT() REPRESENTATION_CONTEXT('2D SPACE',''
  ) );
#11738 = PCURVE('',#11509,#11739);
#11739 = DEFINITIONAL_REPRESENTATION('',(#11740),#11744);
#11740 = LINE('',#11741,#11742);
#11741 = CARTESIAN_POINT('',(0.,18.2));
#11742 = VECTOR('',#11743,1.);
#11743 = DIRECTION('',(1.,0.));
#11744 = ( GEOMETRIC_REPRESENTATION_CONTEXT(2) 
PARAMETRIC_REPRESENTATION_CONTEXT() REPRESENTATION_CONTEXT('2D SPACE',''
  ) );
#11745 = ORIENTED_EDGE('',*,*,#11521,.T.);
#11746 = ORIENTED_EDGE('',*,*,#11747,.T.);
#11747 = EDGE_CURVE('',#11522,#11632,#11748,.T.);
#11748 = SURFACE_CURVE('',#11749,(#11753,#11760),.PCURVE_S1.);
#11749 = LINE('',#11750,#11751);
#11750 = CARTESIAN_POINT('',(52.583392,-50.7600022,20.3));
#11751 = VECTOR('',#11752,1.);
#11752 = DIRECTION('',(1.,0.,0.));
#11753 = PCURVE('',#11537,#11754);
#11754 = DEFINITIONAL_REPRESENTATION('',(#11755),#11759);
#11755 = LINE('',#11756,#11757);
#11756 = CARTESIAN_POINT('',(9.2,0.));
#11757 = VECTOR('',#11758,1.);
#11758 = DIRECTION('',(0.,1.));
#11759 = ( GEOMETRIC_REPRESENTATION_CONTEXT(2) 
PARAMETRIC_REPRESENTATION_CONTEXT() REPRESENTATION_CONTEXT('2D SPACE',''
  ) );
#11760 = PCURVE('',#11563,#11761);
#11761 = DEFINITIONAL_REPRESENTATION('',(#11762),#11766);
#11762 = LINE('',#11763,#11764);
#11763 = CARTESIAN_POINT('',(0.,18.2));
#11764 = VECTOR('',#11765,1.);
#11765 = DIRECTION('',(1.,0.));
#11766 = ( GEOMETRIC_REPRESENTATION_CONTEXT(2) 
PARAMETRIC_REPRESENTATION_CONTEXT() REPRESENTATION_CONTEXT('2D SPACE',''
  ) );
#11767 = ORIENTED_EDGE('',*,*,#11631,.F.);
#11768 = ADVANCED_FACE('',(#11769),#11509,.F.);
#11769 = FACE_BOUND('',#11770,.F.);
#11770 = EDGE_LOOP('',(#11771,#11772,#11773,#11774));
#11771 = ORIENTED_EDGE('',*,*,#11493,.F.);
#11772 = ORIENTED_EDGE('',*,*,#11678,.T.);
#11773 = ORIENTED_EDGE('',*,*,#11608,.T.);
#11774 = ORIENTED_EDGE('',*,*,#11725,.F.);
#11775 = ADVANCED_FACE('',(#11776),#11563,.T.);
#11776 = FACE_BOUND('',#11777,.T.);
#11777 = EDGE_LOOP('',(#11778,#11779,#11780,#11781));
#11778 = ORIENTED_EDGE('',*,*,#11549,.F.);
#11779 = ORIENTED_EDGE('',*,*,#11700,.T.);
#11780 = ORIENTED_EDGE('',*,*,#11654,.T.);
#11781 = ORIENTED_EDGE('',*,*,#11747,.F.);
#11782 = ( GEOMETRIC_REPRESENTATION_CONTEXT(3) 
GLOBAL_UNCERTAINTY_ASSIGNED_CONTEXT((#11786)) 
GLOBAL_UNIT_ASSIGNED_CONTEXT((#11783,#11784,#11785)) 
REPRESENTATION_CONTEXT('Context #1',
  '3D Context with UNIT and UNCERTAINTY') );
#11783 = ( LENGTH_UNIT() NAMED_UNIT(*) SI_UNIT(.MILLI.,.METRE.) );
#11784 = ( NAMED_UNIT(*) PLANE_ANGLE_UNIT() SI_UNIT($,.RADIAN.) );
#11785 = ( NAMED_UNIT(*) SI_UNIT($,.STERADIAN.) SOLID_ANGLE_UNIT() );
#11786 = UNCERTAINTY_MEASURE_WITH_UNIT(LENGTH_MEASURE(1.E-07),#11783,
  'distance_accuracy_value','confusion accuracy');
#11787 = CONTEXT_DEPENDENT_SHAPE_REPRESENTATION(#11788,#11790);
#11788 = ( REPRESENTATION_RELATIONSHIP('','',#11451,#10) 
REPRESENTATION_RELATIONSHIP_WITH_TRANSFORMATION(#11789) 
SHAPE_REPRESENTATION_RELATIONSHIP() );
#11789 = ITEM_DEFINED_TRANSFORMATION('','',#11,#75);
#11790 = PRODUCT_DEFINITION_SHAPE('Placement','Placement of an item',
  #11791);
#11791 = NEXT_ASSEMBLY_USAGE_OCCURRENCE('31','','',#5,#11446,$);
#11792 = PRODUCT_RELATED_PRODUCT_CATEGORY('part',$,(#11448));
#11793 = SHAPE_DEFINITION_REPRESENTATION(#11794,#11800);
#11794 = PRODUCT_DEFINITION_SHAPE('','',#11795);
#11795 = PRODUCT_DEFINITION('design','',#11796,#11799);
#11796 = PRODUCT_DEFINITION_FORMATION('','',#11797);
#11797 = PRODUCT('Open CASCADE STEP translator 7.9 5.17',
  'Open CASCADE STEP translator 7.9 5.17','',(#11798));
#11798 = PRODUCT_CONTEXT('',#2,'mechanical');
#11799 = PRODUCT_DEFINITION_CONTEXT('part definition',#2,'design');
#11800 = ADVANCED_BREP_SHAPE_REPRESENTATION('',(#11,#11801),#11899);
#11801 = MANIFOLD_SOLID_BREP('',#11802);
#11802 = CLOSED_SHELL('',(#11803,#11891,#11895));
#11803 = ADVANCED_FACE('',(#11804),#11818,.T.);
#11804 = FACE_BOUND('',#11805,.F.);
#11805 = EDGE_LOOP('',(#11806,#11836,#11863,#11864));
#11806 = ORIENTED_EDGE('',*,*,#11807,.T.);
#11807 = EDGE_CURVE('',#11808,#11810,#11812,.T.);
#11808 = VERTEX_POINT('',#11809);
#11809 = CARTESIAN_POINT('',(63.583392,-59.8600022,-1.8));
#11810 = VERTEX_POINT('',#11811);
#11811 = CARTESIAN_POINT('',(63.583392,-59.8600022,1.7));
#11812 = SEAM_CURVE('',#11813,(#11817,#11829),.PCURVE_S1.);
#11813 = LINE('',#11814,#11815);
#11814 = CARTESIAN_POINT('',(63.583392,-59.8600022,-1.8));
#11815 = VECTOR('',#11816,1.);
#11816 = DIRECTION('',(0.,0.,1.));
#11817 = PCURVE('',#11818,#11823);
#11818 = CYLINDRICAL_SURFACE('',#11819,1.9);
#11819 = AXIS2_PLACEMENT_3D('',#11820,#11821,#11822);
#11820 = CARTESIAN_POINT('',(61.683392,-59.8600022,-1.8));
#11821 = DIRECTION('',(-0.,-0.,-1.));
#11822 = DIRECTION('',(1.,0.,0.));
#11823 = DEFINITIONAL_REPRESENTATION('',(#11824),#11828);
#11824 = LINE('',#11825,#11826);
#11825 = CARTESIAN_POINT('',(-0.,0.));
#11826 = VECTOR('',#11827,1.);
#11827 = DIRECTION('',(-0.,-1.));
#11828 = ( GEOMETRIC_REPRESENTATION_CONTEXT(2) 
PARAMETRIC_REPRESENTATION_CONTEXT() REPRESENTATION_CONTEXT('2D SPACE',''
  ) );
#11829 = PCURVE('',#11818,#11830);
#11830 = DEFINITIONAL_REPRESENTATION('',(#11831),#11835);
#11831 = LINE('',#11832,#11833);
#11832 = CARTESIAN_POINT('',(-6.28318530718,0.));
#11833 = VECTOR('',#11834,1.);
#11834 = DIRECTION('',(-0.,-1.));
#11835 = ( GEOMETRIC_REPRESENTATION_CONTEXT(2) 
PARAMETRIC_REPRESENTATION_CONTEXT() REPRESENTATION_CONTEXT('2D SPACE',''
  ) );
#11836 = ORIENTED_EDGE('',*,*,#11837,.T.);
#11837 = EDGE_CURVE('',#11810,#11810,#11838,.T.);
#11838 = SURFACE_CURVE('',#11839,(#11844,#11851),.PCURVE_S1.);
#11839 = CIRCLE('',#11840,1.9);
#11840 = AXIS2_PLACEMENT_3D('',#11841,#11842,#11843);
#11841 = CARTESIAN_POINT('',(61.683392,-59.8600022,1.7));
#11842 = DIRECTION('',(0.,0.,1.));
#11843 = DIRECTION('',(1.,0.,0.));
#11844 = PCURVE('',#11818,#11845);
#11845 = DEFINITIONAL_REPRESENTATION('',(#11846),#11850);
#11846 = LINE('',#11847,#11848);
#11847 = CARTESIAN_POINT('',(-0.,-3.5));
#11848 = VECTOR('',#11849,1.);
#11849 = DIRECTION('',(-1.,0.));
#11850 = ( GEOMETRIC_REPRESENTATION_CONTEXT(2) 
PARAMETRIC_REPRESENTATION_CONTEXT() REPRESENTATION_CONTEXT('2D SPACE',''
  ) );
#11851 = PCURVE('',#11852,#11857);
#11852 = PLANE('',#11853);
#11853 = AXIS2_PLACEMENT_3D('',#11854,#11855,#11856);
#11854 = CARTESIAN_POINT('',(61.683392,-59.8600022,1.7));
#11855 = DIRECTION('',(0.,0.,1.));
#11856 = DIRECTION('',(1.,0.,-0.));
#11857 = DEFINITIONAL_REPRESENTATION('',(#11858),#11862);
#11858 = CIRCLE('',#11859,1.9);
#11859 = AXIS2_PLACEMENT_2D('',#11860,#11861);
#11860 = CARTESIAN_POINT('',(0.,0.));
#11861 = DIRECTION('',(1.,0.));
#11862 = ( GEOMETRIC_REPRESENTATION_CONTEXT(2) 
PARAMETRIC_REPRESENTATION_CONTEXT() REPRESENTATION_CONTEXT('2D SPACE',''
  ) );
#11863 = ORIENTED_EDGE('',*,*,#11807,.F.);
#11864 = ORIENTED_EDGE('',*,*,#11865,.F.);
#11865 = EDGE_CURVE('',#11808,#11808,#11866,.T.);
#11866 = SURFACE_CURVE('',#11867,(#11872,#11879),.PCURVE_S1.);
#11867 = CIRCLE('',#11868,1.9);
#11868 = AXIS2_PLACEMENT_3D('',#11869,#11870,#11871);
#11869 = CARTESIAN_POINT('',(61.683392,-59.8600022,-1.8));
#11870 = DIRECTION('',(0.,0.,1.));
#11871 = DIRECTION('',(1.,0.,0.));
#11872 = PCURVE('',#11818,#11873);
#11873 = DEFINITIONAL_REPRESENTATION('',(#11874),#11878);
#11874 = LINE('',#11875,#11876);
#11875 = CARTESIAN_POINT('',(-0.,0.));
#11876 = VECTOR('',#11877,1.);
#11877 = DIRECTION('',(-1.,0.));
#11878 = ( GEOMETRIC_REPRESENTATION_CONTEXT(2) 
PARAMETRIC_REPRESENTATION_CONTEXT() REPRESENTATION_CONTEXT('2D SPACE',''
  ) );
#11879 = PCURVE('',#11880,#11885);
#11880 = PLANE('',#11881);
#11881 = AXIS2_PLACEMENT_3D('',#11882,#11883,#11884);
#11882 = CARTESIAN_POINT('',(61.683392,-59.8600022,-1.8));
#11883 = DIRECTION('',(0.,0.,1.));
#11884 = DIRECTION('',(1.,0.,-0.));
#11885 = DEFINITIONAL_REPRESENTATION('',(#11886),#11890);
#11886 = CIRCLE('',#11887,1.9);
#11887 = AXIS2_PLACEMENT_2D('',#11888,#11889);
#11888 = CARTESIAN_POINT('',(0.,0.));
#11889 = DIRECTION('',(1.,0.));
#11890 = ( GEOMETRIC_REPRESENTATION_CONTEXT(2) 
PARAMETRIC_REPRESENTATION_CONTEXT() REPRESENTATION_CONTEXT('2D SPACE',''
  ) );
#11891 = ADVANCED_FACE('',(#11892),#11880,.F.);
#11892 = FACE_BOUND('',#11893,.F.);
#11893 = EDGE_LOOP('',(#11894));
#11894 = ORIENTED_EDGE('',*,*,#11865,.T.);
#11895 = ADVANCED_FACE('',(#11896),#11852,.T.);
#11896 = FACE_BOUND('',#11897,.T.);
#11897 = EDGE_LOOP('',(#11898));
#11898 = ORIENTED_EDGE('',*,*,#11837,.T.);
#11899 = ( GEOMETRIC_REPRESENTATION_CONTEXT(3) 
GLOBAL_UNCERTAINTY_ASSIGNED_CONTEXT((#11903)) 
GLOBAL_UNIT_ASSIGNED_CONTEXT((#11900,#11901,#11902)) 
REPRESENTATION_CONTEXT('Context #1',
  '3D Context with UNIT and UNCERTAINTY') );
#11900 = ( LENGTH_UNIT() NAMED_UNIT(*) SI_UNIT(.MILLI.,.METRE.) );
#11901 = ( NAMED_UNIT(*) PLANE_ANGLE_UNIT() SI_UNIT($,.RADIAN.) );
#11902 = ( NAMED_UNIT(*) SI_UNIT($,.STERADIAN.) SOLID_ANGLE_UNIT() );
#11903 = UNCERTAINTY_MEASURE_WITH_UNIT(LENGTH_MEASURE(1.E-07),#11900,
  'distance_accuracy_value','confusion accuracy');
#11904 = CONTEXT_DEPENDENT_SHAPE_REPRESENTATION(#11905,#11907);
#11905 = ( REPRESENTATION_RELATIONSHIP('','',#11800,#10) 
REPRESENTATION_RELATIONSHIP_WITH_TRANSFORMATION(#11906) 
SHAPE_REPRESENTATION_RELATIONSHIP() );
#11906 = ITEM_DEFINED_TRANSFORMATION('','',#11,#79);
#11907 = PRODUCT_DEFINITION_SHAPE('Placement','Placement of an item',
  #11908);
#11908 = NEXT_ASSEMBLY_USAGE_OCCURRENCE('32','','',#5,#11795,$);
#11909 = PRODUCT_RELATED_PRODUCT_CATEGORY('part',$,(#11797));
#11910 = SHAPE_DEFINITION_REPRESENTATION(#11911,#11917);
#11911 = PRODUCT_DEFINITION_SHAPE('','',#11912);
#11912 = PRODUCT_DEFINITION('design','',#11913,#11916);
#11913 = PRODUCT_DEFINITION_FORMATION('','',#11914);
#11914 = PRODUCT('Open CASCADE STEP translator 7.9 5.18',
  'Open CASCADE STEP translator 7.9 5.18','',(#11915));
#11915 = PRODUCT_CONTEXT('',#2,'mechanical');
#11916 = PRODUCT_DEFINITION_CONTEXT('part definition',#2,'design');
#11917 = ADVANCED_BREP_SHAPE_REPRESENTATION('',(#11,#11918),#12248);
#11918 = MANIFOLD_SOLID_BREP('',#11919);
#11919 = CLOSED_SHELL('',(#11920,#12040,#12140,#12187,#12234,#12241));
#11920 = ADVANCED_FACE('',(#11921),#11935,.F.);
#11921 = FACE_BOUND('',#11922,.F.);
#11922 = EDGE_LOOP('',(#11923,#11958,#11986,#12014));
#11923 = ORIENTED_EDGE('',*,*,#11924,.F.);
#11924 = EDGE_CURVE('',#11925,#11927,#11929,.T.);
#11925 = VERTEX_POINT('',#11926);
#11926 = CARTESIAN_POINT('',(15.6849922,-48.7100022,1.6));
#11927 = VERTEX_POINT('',#11928);
#11928 = CARTESIAN_POINT('',(15.6849922,-48.7100022,13.1));
#11929 = SURFACE_CURVE('',#11930,(#11934,#11946),.PCURVE_S1.);
#11930 = LINE('',#11931,#11932);
#11931 = CARTESIAN_POINT('',(15.6849922,-48.7100022,1.6));
#11932 = VECTOR('',#11933,1.);
#11933 = DIRECTION('',(0.,0.,1.));
#11934 = PCURVE('',#11935,#11940);
#11935 = PLANE('',#11936);
#11936 = AXIS2_PLACEMENT_3D('',#11937,#11938,#11939);
#11937 = CARTESIAN_POINT('',(15.6849922,-48.7100022,1.6));
#11938 = DIRECTION('',(1.,0.,0.));
#11939 = DIRECTION('',(0.,0.,1.));
#11940 = DEFINITIONAL_REPRESENTATION('',(#11941),#11945);
#11941 = LINE('',#11942,#11943);
#11942 = CARTESIAN_POINT('',(0.,0.));
#11943 = VECTOR('',#11944,1.);
#11944 = DIRECTION('',(1.,0.));
#11945 = ( GEOMETRIC_REPRESENTATION_CONTEXT(2) 
PARAMETRIC_REPRESENTATION_CONTEXT() REPRESENTATION_CONTEXT('2D SPACE',''
  ) );
#11946 = PCURVE('',#11947,#11952);
#11947 = PLANE('',#11948);
#11948 = AXIS2_PLACEMENT_3D('',#11949,#11950,#11951);
#11949 = CARTESIAN_POINT('',(15.6849922,-48.7100022,1.6));
#11950 = DIRECTION('',(0.,1.,0.));
#11951 = DIRECTION('',(0.,0.,1.));
#11952 = DEFINITIONAL_REPRESENTATION('',(#11953),#11957);
#11953 = LINE('',#11954,#11955);
#11954 = CARTESIAN_POINT('',(0.,0.));
#11955 = VECTOR('',#11956,1.);
#11956 = DIRECTION('',(1.,0.));
#11957 = ( GEOMETRIC_REPRESENTATION_CONTEXT(2) 
PARAMETRIC_REPRESENTATION_CONTEXT() REPRESENTATION_CONTEXT('2D SPACE',''
  ) );
#11958 = ORIENTED_EDGE('',*,*,#11959,.T.);
#11959 = EDGE_CURVE('',#11925,#11960,#11962,.T.);
#11960 = VERTEX_POINT('',#11961);
#11961 = CARTESIAN_POINT('',(15.6849922,-32.9100022,1.6));
#11962 = SURFACE_CURVE('',#11963,(#11967,#11974),.PCURVE_S1.);
#11963 = LINE('',#11964,#11965);
#11964 = CARTESIAN_POINT('',(15.6849922,-48.7100022,1.6));
#11965 = VECTOR('',#11966,1.);
#11966 = DIRECTION('',(0.,1.,0.));
#11967 = PCURVE('',#11935,#11968);
#11968 = DEFINITIONAL_REPRESENTATION('',(#11969),#11973);
#11969 = LINE('',#11970,#11971);
#11970 = CARTESIAN_POINT('',(0.,0.));
#11971 = VECTOR('',#11972,1.);
#11972 = DIRECTION('',(0.,-1.));
#11973 = ( GEOMETRIC_REPRESENTATION_CONTEXT(2) 
PARAMETRIC_REPRESENTATION_CONTEXT() REPRESENTATION_CONTEXT('2D SPACE',''
  ) );
#11974 = PCURVE('',#11975,#11980);
#11975 = PLANE('',#11976);
#11976 = AXIS2_PLACEMENT_3D('',#11977,#11978,#11979);
#11977 = CARTESIAN_POINT('',(15.6849922,-48.7100022,1.6));
#11978 = DIRECTION('',(0.,0.,1.));
#11979 = DIRECTION('',(1.,0.,0.));
#11980 = DEFINITIONAL_REPRESENTATION('',(#11981),#11985);
#11981 = LINE('',#11982,#11983);
#11982 = CARTESIAN_POINT('',(0.,0.));
#11983 = VECTOR('',#11984,1.);
#11984 = DIRECTION('',(0.,1.));
#11985 = ( GEOMETRIC_REPRESENTATION_CONTEXT(2) 
PARAMETRIC_REPRESENTATION_CONTEXT() REPRESENTATION_CONTEXT('2D SPACE',''
  ) );
#11986 = ORIENTED_EDGE('',*,*,#11987,.T.);
#11987 = EDGE_CURVE('',#11960,#11988,#11990,.T.);
#11988 = VERTEX_POINT('',#11989);
#11989 = CARTESIAN_POINT('',(15.6849922,-32.9100022,13.1));
#11990 = SURFACE_CURVE('',#11991,(#11995,#12002),.PCURVE_S1.);
#11991 = LINE('',#11992,#11993);
#11992 = CARTESIAN_POINT('',(15.6849922,-32.9100022,1.6));
#11993 = VECTOR('',#11994,1.);
#11994 = DIRECTION('',(0.,0.,1.));
#11995 = PCURVE('',#11935,#11996);
#11996 = DEFINITIONAL_REPRESENTATION('',(#11997),#12001);
#11997 = LINE('',#11998,#11999);
#11998 = CARTESIAN_POINT('',(0.,-15.8));
#11999 = VECTOR('',#12000,1.);
#12000 = DIRECTION('',(1.,0.));
#12001 = ( GEOMETRIC_REPRESENTATION_CONTEXT(2) 
PARAMETRIC_REPRESENTATION_CONTEXT() REPRESENTATION_CONTEXT('2D SPACE',''
  ) );
#12002 = PCURVE('',#12003,#12008);
#12003 = PLANE('',#12004);
#12004 = AXIS2_PLACEMENT_3D('',#12005,#12006,#12007);
#12005 = CARTESIAN_POINT('',(15.6849922,-32.9100022,1.6));
#12006 = DIRECTION('',(0.,1.,0.));
#12007 = DIRECTION('',(0.,0.,1.));
#12008 = DEFINITIONAL_REPRESENTATION('',(#12009),#12013);
#12009 = LINE('',#12010,#12011);
#12010 = CARTESIAN_POINT('',(0.,0.));
#12011 = VECTOR('',#12012,1.);
#12012 = DIRECTION('',(1.,0.));
#12013 = ( GEOMETRIC_REPRESENTATION_CONTEXT(2) 
PARAMETRIC_REPRESENTATION_CONTEXT() REPRESENTATION_CONTEXT('2D SPACE',''
  ) );
#12014 = ORIENTED_EDGE('',*,*,#12015,.F.);
#12015 = EDGE_CURVE('',#11927,#11988,#12016,.T.);
#12016 = SURFACE_CURVE('',#12017,(#12021,#12028),.PCURVE_S1.);
#12017 = LINE('',#12018,#12019);
#12018 = CARTESIAN_POINT('',(15.6849922,-48.7100022,13.1));
#12019 = VECTOR('',#12020,1.);
#12020 = DIRECTION('',(0.,1.,0.));
#12021 = PCURVE('',#11935,#12022);
#12022 = DEFINITIONAL_REPRESENTATION('',(#12023),#12027);
#12023 = LINE('',#12024,#12025);
#12024 = CARTESIAN_POINT('',(11.5,0.));
#12025 = VECTOR('',#12026,1.);
#12026 = DIRECTION('',(0.,-1.));
#12027 = ( GEOMETRIC_REPRESENTATION_CONTEXT(2) 
PARAMETRIC_REPRESENTATION_CONTEXT() REPRESENTATION_CONTEXT('2D SPACE',''
  ) );
#12028 = PCURVE('',#12029,#12034);
#12029 = PLANE('',#12030);
#12030 = AXIS2_PLACEMENT_3D('',#12031,#12032,#12033);
#12031 = CARTESIAN_POINT('',(15.6849922,-48.7100022,13.1));
#12032 = DIRECTION('',(0.,0.,1.));
#12033 = DIRECTION('',(1.,0.,0.));
#12034 = DEFINITIONAL_REPRESENTATION('',(#12035),#12039);
#12035 = LINE('',#12036,#12037);
#12036 = CARTESIAN_POINT('',(0.,0.));
#12037 = VECTOR('',#12038,1.);
#12038 = DIRECTION('',(0.,1.));
#12039 = ( GEOMETRIC_REPRESENTATION_CONTEXT(2) 
PARAMETRIC_REPRESENTATION_CONTEXT() REPRESENTATION_CONTEXT('2D SPACE',''
  ) );
#12040 = ADVANCED_FACE('',(#12041),#12055,.T.);
#12041 = FACE_BOUND('',#12042,.T.);
#12042 = EDGE_LOOP('',(#12043,#12073,#12096,#12119));
#12043 = ORIENTED_EDGE('',*,*,#12044,.F.);
#12044 = EDGE_CURVE('',#12045,#12047,#12049,.T.);
#12045 = VERTEX_POINT('',#12046);
#12046 = CARTESIAN_POINT('',(31.4849922,-48.7100022,1.6));
#12047 = VERTEX_POINT('',#12048);
#12048 = CARTESIAN_POINT('',(31.4849922,-48.7100022,13.1));
#12049 = SURFACE_CURVE('',#12050,(#12054,#12066),.PCURVE_S1.);
#12050 = LINE('',#12051,#12052);
#12051 = CARTESIAN_POINT('',(31.4849922,-48.7100022,1.6));
#12052 = VECTOR('',#12053,1.);
#12053 = DIRECTION('',(0.,0.,1.));
#12054 = PCURVE('',#12055,#12060);
#12055 = PLANE('',#12056);
#12056 = AXIS2_PLACEMENT_3D('',#12057,#12058,#12059);
#12057 = CARTESIAN_POINT('',(31.4849922,-48.7100022,1.6));
#12058 = DIRECTION('',(1.,0.,0.));
#12059 = DIRECTION('',(0.,0.,1.));
#12060 = DEFINITIONAL_REPRESENTATION('',(#12061),#12065);
#12061 = LINE('',#12062,#12063);
#12062 = CARTESIAN_POINT('',(0.,0.));
#12063 = VECTOR('',#12064,1.);
#12064 = DIRECTION('',(1.,0.));
#12065 = ( GEOMETRIC_REPRESENTATION_CONTEXT(2) 
PARAMETRIC_REPRESENTATION_CONTEXT() REPRESENTATION_CONTEXT('2D SPACE',''
  ) );
#12066 = PCURVE('',#11947,#12067);
#12067 = DEFINITIONAL_REPRESENTATION('',(#12068),#12072);
#12068 = LINE('',#12069,#12070);
#12069 = CARTESIAN_POINT('',(0.,15.8));
#12070 = VECTOR('',#12071,1.);
#12071 = DIRECTION('',(1.,0.));
#12072 = ( GEOMETRIC_REPRESENTATION_CONTEXT(2) 
PARAMETRIC_REPRESENTATION_CONTEXT() REPRESENTATION_CONTEXT('2D SPACE',''
  ) );
#12073 = ORIENTED_EDGE('',*,*,#12074,.T.);
#12074 = EDGE_CURVE('',#12045,#12075,#12077,.T.);
#12075 = VERTEX_POINT('',#12076);
#12076 = CARTESIAN_POINT('',(31.4849922,-32.9100022,1.6));
#12077 = SURFACE_CURVE('',#12078,(#12082,#12089),.PCURVE_S1.);
#12078 = LINE('',#12079,#12080);
#12079 = CARTESIAN_POINT('',(31.4849922,-48.7100022,1.6));
#12080 = VECTOR('',#12081,1.);
#12081 = DIRECTION('',(0.,1.,0.));
#12082 = PCURVE('',#12055,#12083);
#12083 = DEFINITIONAL_REPRESENTATION('',(#12084),#12088);
#12084 = LINE('',#12085,#12086);
#12085 = CARTESIAN_POINT('',(0.,0.));
#12086 = VECTOR('',#12087,1.);
#12087 = DIRECTION('',(0.,-1.));
#12088 = ( GEOMETRIC_REPRESENTATION_CONTEXT(2) 
PARAMETRIC_REPRESENTATION_CONTEXT() REPRESENTATION_CONTEXT('2D SPACE',''
  ) );
#12089 = PCURVE('',#11975,#12090);
#12090 = DEFINITIONAL_REPRESENTATION('',(#12091),#12095);
#12091 = LINE('',#12092,#12093);
#12092 = CARTESIAN_POINT('',(15.8,0.));
#12093 = VECTOR('',#12094,1.);
#12094 = DIRECTION('',(0.,1.));
#12095 = ( GEOMETRIC_REPRESENTATION_CONTEXT(2) 
PARAMETRIC_REPRESENTATION_CONTEXT() REPRESENTATION_CONTEXT('2D SPACE',''
  ) );
#12096 = ORIENTED_EDGE('',*,*,#12097,.T.);
#12097 = EDGE_CURVE('',#12075,#12098,#12100,.T.);
#12098 = VERTEX_POINT('',#12099);
#12099 = CARTESIAN_POINT('',(31.4849922,-32.9100022,13.1));
#12100 = SURFACE_CURVE('',#12101,(#12105,#12112),.PCURVE_S1.);
#12101 = LINE('',#12102,#12103);
#12102 = CARTESIAN_POINT('',(31.4849922,-32.9100022,1.6));
#12103 = VECTOR('',#12104,1.);
#12104 = DIRECTION('',(0.,0.,1.));
#12105 = PCURVE('',#12055,#12106);
#12106 = DEFINITIONAL_REPRESENTATION('',(#12107),#12111);
#12107 = LINE('',#12108,#12109);
#12108 = CARTESIAN_POINT('',(0.,-15.8));
#12109 = VECTOR('',#12110,1.);
#12110 = DIRECTION('',(1.,0.));
#12111 = ( GEOMETRIC_REPRESENTATION_CONTEXT(2) 
PARAMETRIC_REPRESENTATION_CONTEXT() REPRESENTATION_CONTEXT('2D SPACE',''
  ) );
#12112 = PCURVE('',#12003,#12113);
#12113 = DEFINITIONAL_REPRESENTATION('',(#12114),#12118);
#12114 = LINE('',#12115,#12116);
#12115 = CARTESIAN_POINT('',(0.,15.8));
#12116 = VECTOR('',#12117,1.);
#12117 = DIRECTION('',(1.,0.));
#12118 = ( GEOMETRIC_REPRESENTATION_CONTEXT(2) 
PARAMETRIC_REPRESENTATION_CONTEXT() REPRESENTATION_CONTEXT('2D SPACE',''
  ) );
#12119 = ORIENTED_EDGE('',*,*,#12120,.F.);
#12120 = EDGE_CURVE('',#12047,#12098,#12121,.T.);
#12121 = SURFACE_CURVE('',#12122,(#12126,#12133),.PCURVE_S1.);
#12122 = LINE('',#12123,#12124);
#12123 = CARTESIAN_POINT('',(31.4849922,-48.7100022,13.1));
#12124 = VECTOR('',#12125,1.);
#12125 = DIRECTION('',(0.,1.,0.));
#12126 = PCURVE('',#12055,#12127);
#12127 = DEFINITIONAL_REPRESENTATION('',(#12128),#12132);
#12128 = LINE('',#12129,#12130);
#12129 = CARTESIAN_POINT('',(11.5,0.));
#12130 = VECTOR('',#12131,1.);
#12131 = DIRECTION('',(0.,-1.));
#12132 = ( GEOMETRIC_REPRESENTATION_CONTEXT(2) 
PARAMETRIC_REPRESENTATION_CONTEXT() REPRESENTATION_CONTEXT('2D SPACE',''
  ) );
#12133 = PCURVE('',#12029,#12134);
#12134 = DEFINITIONAL_REPRESENTATION('',(#12135),#12139);
#12135 = LINE('',#12136,#12137);
#12136 = CARTESIAN_POINT('',(15.8,0.));
#12137 = VECTOR('',#12138,1.);
#12138 = DIRECTION('',(0.,1.));
#12139 = ( GEOMETRIC_REPRESENTATION_CONTEXT(2) 
PARAMETRIC_REPRESENTATION_CONTEXT() REPRESENTATION_CONTEXT('2D SPACE',''
  ) );
#12140 = ADVANCED_FACE('',(#12141),#11947,.F.);
#12141 = FACE_BOUND('',#12142,.F.);
#12142 = EDGE_LOOP('',(#12143,#12164,#12165,#12186));
#12143 = ORIENTED_EDGE('',*,*,#12144,.F.);
#12144 = EDGE_CURVE('',#11925,#12045,#12145,.T.);
#12145 = SURFACE_CURVE('',#12146,(#12150,#12157),.PCURVE_S1.);
#12146 = LINE('',#12147,#12148);
#12147 = CARTESIAN_POINT('',(15.6849922,-48.7100022,1.6));
#12148 = VECTOR('',#12149,1.);
#12149 = DIRECTION('',(1.,0.,0.));
#12150 = PCURVE('',#11947,#12151);
#12151 = DEFINITIONAL_REPRESENTATION('',(#12152),#12156);
#12152 = LINE('',#12153,#12154);
#12153 = CARTESIAN_POINT('',(0.,0.));
#12154 = VECTOR('',#12155,1.);
#12155 = DIRECTION('',(0.,1.));
#12156 = ( GEOMETRIC_REPRESENTATION_CONTEXT(2) 
PARAMETRIC_REPRESENTATION_CONTEXT() REPRESENTATION_CONTEXT('2D SPACE',''
  ) );
#12157 = PCURVE('',#11975,#12158);
#12158 = DEFINITIONAL_REPRESENTATION('',(#12159),#12163);
#12159 = LINE('',#12160,#12161);
#12160 = CARTESIAN_POINT('',(0.,0.));
#12161 = VECTOR('',#12162,1.);
#12162 = DIRECTION('',(1.,0.));
#12163 = ( GEOMETRIC_REPRESENTATION_CONTEXT(2) 
PARAMETRIC_REPRESENTATION_CONTEXT() REPRESENTATION_CONTEXT('2D SPACE',''
  ) );
#12164 = ORIENTED_EDGE('',*,*,#11924,.T.);
#12165 = ORIENTED_EDGE('',*,*,#12166,.T.);
#12166 = EDGE_CURVE('',#11927,#12047,#12167,.T.);
#12167 = SURFACE_CURVE('',#12168,(#12172,#12179),.PCURVE_S1.);
#12168 = LINE('',#12169,#12170);
#12169 = CARTESIAN_POINT('',(15.6849922,-48.7100022,13.1));
#12170 = VECTOR('',#12171,1.);
#12171 = DIRECTION('',(1.,0.,0.));
#12172 = PCURVE('',#11947,#12173);
#12173 = DEFINITIONAL_REPRESENTATION('',(#12174),#12178);
#12174 = LINE('',#12175,#12176);
#12175 = CARTESIAN_POINT('',(11.5,0.));
#12176 = VECTOR('',#12177,1.);
#12177 = DIRECTION('',(0.,1.));
#12178 = ( GEOMETRIC_REPRESENTATION_CONTEXT(2) 
PARAMETRIC_REPRESENTATION_CONTEXT() REPRESENTATION_CONTEXT('2D SPACE',''
  ) );
#12179 = PCURVE('',#12029,#12180);
#12180 = DEFINITIONAL_REPRESENTATION('',(#12181),#12185);
#12181 = LINE('',#12182,#12183);
#12182 = CARTESIAN_POINT('',(0.,0.));
#12183 = VECTOR('',#12184,1.);
#12184 = DIRECTION('',(1.,0.));
#12185 = ( GEOMETRIC_REPRESENTATION_CONTEXT(2) 
PARAMETRIC_REPRESENTATION_CONTEXT() REPRESENTATION_CONTEXT('2D SPACE',''
  ) );
#12186 = ORIENTED_EDGE('',*,*,#12044,.F.);
#12187 = ADVANCED_FACE('',(#12188),#12003,.T.);
#12188 = FACE_BOUND('',#12189,.T.);
#12189 = EDGE_LOOP('',(#12190,#12211,#12212,#12233));
#12190 = ORIENTED_EDGE('',*,*,#12191,.F.);
#12191 = EDGE_CURVE('',#11960,#12075,#12192,.T.);
#12192 = SURFACE_CURVE('',#12193,(#12197,#12204),.PCURVE_S1.);
#12193 = LINE('',#12194,#12195);
#12194 = CARTESIAN_POINT('',(15.6849922,-32.9100022,1.6));
#12195 = VECTOR('',#12196,1.);
#12196 = DIRECTION('',(1.,0.,0.));
#12197 = PCURVE('',#12003,#12198);
#12198 = DEFINITIONAL_REPRESENTATION('',(#12199),#12203);
#12199 = LINE('',#12200,#12201);
#12200 = CARTESIAN_POINT('',(0.,0.));
#12201 = VECTOR('',#12202,1.);
#12202 = DIRECTION('',(0.,1.));
#12203 = ( GEOMETRIC_REPRESENTATION_CONTEXT(2) 
PARAMETRIC_REPRESENTATION_CONTEXT() REPRESENTATION_CONTEXT('2D SPACE',''
  ) );
#12204 = PCURVE('',#11975,#12205);
#12205 = DEFINITIONAL_REPRESENTATION('',(#12206),#12210);
#12206 = LINE('',#12207,#12208);
#12207 = CARTESIAN_POINT('',(0.,15.8));
#12208 = VECTOR('',#12209,1.);
#12209 = DIRECTION('',(1.,0.));
#12210 = ( GEOMETRIC_REPRESENTATION_CONTEXT(2) 
PARAMETRIC_REPRESENTATION_CONTEXT() REPRESENTATION_CONTEXT('2D SPACE',''
  ) );
#12211 = ORIENTED_EDGE('',*,*,#11987,.T.);
#12212 = ORIENTED_EDGE('',*,*,#12213,.T.);
#12213 = EDGE_CURVE('',#11988,#12098,#12214,.T.);
#12214 = SURFACE_CURVE('',#12215,(#12219,#12226),.PCURVE_S1.);
#12215 = LINE('',#12216,#12217);
#12216 = CARTESIAN_POINT('',(15.6849922,-32.9100022,13.1));
#12217 = VECTOR('',#12218,1.);
#12218 = DIRECTION('',(1.,0.,0.));
#12219 = PCURVE('',#12003,#12220);
#12220 = DEFINITIONAL_REPRESENTATION('',(#12221),#12225);
#12221 = LINE('',#12222,#12223);
#12222 = CARTESIAN_POINT('',(11.5,0.));
#12223 = VECTOR('',#12224,1.);
#12224 = DIRECTION('',(0.,1.));
#12225 = ( GEOMETRIC_REPRESENTATION_CONTEXT(2) 
PARAMETRIC_REPRESENTATION_CONTEXT() REPRESENTATION_CONTEXT('2D SPACE',''
  ) );
#12226 = PCURVE('',#12029,#12227);
#12227 = DEFINITIONAL_REPRESENTATION('',(#12228),#12232);
#12228 = LINE('',#12229,#12230);
#12229 = CARTESIAN_POINT('',(0.,15.8));
#12230 = VECTOR('',#12231,1.);
#12231 = DIRECTION('',(1.,0.));
#12232 = ( GEOMETRIC_REPRESENTATION_CONTEXT(2) 
PARAMETRIC_REPRESENTATION_CONTEXT() REPRESENTATION_CONTEXT('2D SPACE',''
  ) );
#12233 = ORIENTED_EDGE('',*,*,#12097,.F.);
#12234 = ADVANCED_FACE('',(#12235),#11975,.F.);
#12235 = FACE_BOUND('',#12236,.F.);
#12236 = EDGE_LOOP('',(#12237,#12238,#12239,#12240));
#12237 = ORIENTED_EDGE('',*,*,#11959,.F.);
#12238 = ORIENTED_EDGE('',*,*,#12144,.T.);
#12239 = ORIENTED_EDGE('',*,*,#12074,.T.);
#12240 = ORIENTED_EDGE('',*,*,#12191,.F.);
#12241 = ADVANCED_FACE('',(#12242),#12029,.T.);
#12242 = FACE_BOUND('',#12243,.T.);
#12243 = EDGE_LOOP('',(#12244,#12245,#12246,#12247));
#12244 = ORIENTED_EDGE('',*,*,#12015,.F.);
#12245 = ORIENTED_EDGE('',*,*,#12166,.T.);
#12246 = ORIENTED_EDGE('',*,*,#12120,.T.);
#12247 = ORIENTED_EDGE('',*,*,#12213,.F.);
#12248 = ( GEOMETRIC_REPRESENTATION_CONTEXT(3) 
GLOBAL_UNCERTAINTY_ASSIGNED_CONTEXT((#12252)) 
GLOBAL_UNIT_ASSIGNED_CONTEXT((#12249,#12250,#12251)) 
REPRESENTATION_CONTEXT('Context #1',
  '3D Context with UNIT and UNCERTAINTY') );
#12249 = ( LENGTH_UNIT() NAMED_UNIT(*) SI_UNIT(.MILLI.,.METRE.) );
#12250 = ( NAMED_UNIT(*) PLANE_ANGLE_UNIT() SI_UNIT($,.RADIAN.) );
#12251 = ( NAMED_UNIT(*) SI_UNIT($,.STERADIAN.) SOLID_ANGLE_UNIT() );
#12252 = UNCERTAINTY_MEASURE_WITH_UNIT(LENGTH_MEASURE(1.E-07),#12249,
  'distance_accuracy_value','confusion accuracy');
#12253 = CONTEXT_DEPENDENT_SHAPE_REPRESENTATION(#12254,#12256);
#12254 = ( REPRESENTATION_RELATIONSHIP('','',#11917,#10) 
REPRESENTATION_RELATIONSHIP_WITH_TRANSFORMATION(#12255) 
SHAPE_REPRESENTATION_RELATIONSHIP() );
#12255 = ITEM_DEFINED_TRANSFORMATION('','',#11,#83);
#12256 = PRODUCT_DEFINITION_SHAPE('Placement','Placement of an item',
  #12257);
#12257 = NEXT_ASSEMBLY_USAGE_OCCURRENCE('33','','',#5,#11912,$);
#12258 = PRODUCT_RELATED_PRODUCT_CATEGORY('part',$,(#11914));
#12259 = SHAPE_DEFINITION_REPRESENTATION(#12260,#12266);
#12260 = PRODUCT_DEFINITION_SHAPE('','',#12261);
#12261 = PRODUCT_DEFINITION('design','',#12262,#12265);
#12262 = PRODUCT_DEFINITION_FORMATION('','',#12263);
#12263 = PRODUCT('Open CASCADE STEP translator 7.9 5.19',
  'Open CASCADE STEP translator 7.9 5.19','',(#12264));
#12264 = PRODUCT_CONTEXT('',#2,'mechanical');
#12265 = PRODUCT_DEFINITION_CONTEXT('part definition',#2,'design');
#12266 = ADVANCED_BREP_SHAPE_REPRESENTATION('',(#11,#12267),#12597);
#12267 = MANIFOLD_SOLID_BREP('',#12268);
#12268 = CLOSED_SHELL('',(#12269,#12389,#12489,#12536,#12583,#12590));
#12269 = ADVANCED_FACE('',(#12270),#12284,.F.);
#12270 = FACE_BOUND('',#12271,.F.);
#12271 = EDGE_LOOP('',(#12272,#12307,#12335,#12363));
#12272 = ORIENTED_EDGE('',*,*,#12273,.F.);
#12273 = EDGE_CURVE('',#12274,#12276,#12278,.T.);
#12274 = VERTEX_POINT('',#12275);
#12275 = CARTESIAN_POINT('',(14.4849922,-49.9100022,11.1));
#12276 = VERTEX_POINT('',#12277);
#12277 = CARTESIAN_POINT('',(14.4849922,-49.9100022,20.3));
#12278 = SURFACE_CURVE('',#12279,(#12283,#12295),.PCURVE_S1.);
#12279 = LINE('',#12280,#12281);
#12280 = CARTESIAN_POINT('',(14.4849922,-49.9100022,11.1));
#12281 = VECTOR('',#12282,1.);
#12282 = DIRECTION('',(0.,0.,1.));
#12283 = PCURVE('',#12284,#12289);
#12284 = PLANE('',#12285);
#12285 = AXIS2_PLACEMENT_3D('',#12286,#12287,#12288);
#12286 = CARTESIAN_POINT('',(14.4849922,-49.9100022,11.1));
#12287 = DIRECTION('',(1.,0.,0.));
#12288 = DIRECTION('',(0.,0.,1.));
#12289 = DEFINITIONAL_REPRESENTATION('',(#12290),#12294);
#12290 = LINE('',#12291,#12292);
#12291 = CARTESIAN_POINT('',(0.,0.));
#12292 = VECTOR('',#12293,1.);
#12293 = DIRECTION('',(1.,0.));
#12294 = ( GEOMETRIC_REPRESENTATION_CONTEXT(2) 
PARAMETRIC_REPRESENTATION_CONTEXT() REPRESENTATION_CONTEXT('2D SPACE',''
  ) );
#12295 = PCURVE('',#12296,#12301);
#12296 = PLANE('',#12297);
#12297 = AXIS2_PLACEMENT_3D('',#12298,#12299,#12300);
#12298 = CARTESIAN_POINT('',(14.4849922,-49.9100022,11.1));
#12299 = DIRECTION('',(0.,1.,0.));
#12300 = DIRECTION('',(0.,0.,1.));
#12301 = DEFINITIONAL_REPRESENTATION('',(#12302),#12306);
#12302 = LINE('',#12303,#12304);
#12303 = CARTESIAN_POINT('',(0.,0.));
#12304 = VECTOR('',#12305,1.);
#12305 = DIRECTION('',(1.,0.));
#12306 = ( GEOMETRIC_REPRESENTATION_CONTEXT(2) 
PARAMETRIC_REPRESENTATION_CONTEXT() REPRESENTATION_CONTEXT('2D SPACE',''
  ) );
#12307 = ORIENTED_EDGE('',*,*,#12308,.T.);
#12308 = EDGE_CURVE('',#12274,#12309,#12311,.T.);
#12309 = VERTEX_POINT('',#12310);
#12310 = CARTESIAN_POINT('',(14.4849922,-31.7100022,11.1));
#12311 = SURFACE_CURVE('',#12312,(#12316,#12323),.PCURVE_S1.);
#12312 = LINE('',#12313,#12314);
#12313 = CARTESIAN_POINT('',(14.4849922,-49.9100022,11.1));
#12314 = VECTOR('',#12315,1.);
#12315 = DIRECTION('',(0.,1.,0.));
#12316 = PCURVE('',#12284,#12317);
#12317 = DEFINITIONAL_REPRESENTATION('',(#12318),#12322);
#12318 = LINE('',#12319,#12320);
#12319 = CARTESIAN_POINT('',(0.,0.));
#12320 = VECTOR('',#12321,1.);
#12321 = DIRECTION('',(0.,-1.));
#12322 = ( GEOMETRIC_REPRESENTATION_CONTEXT(2) 
PARAMETRIC_REPRESENTATION_CONTEXT() REPRESENTATION_CONTEXT('2D SPACE',''
  ) );
#12323 = PCURVE('',#12324,#12329);
#12324 = PLANE('',#12325);
#12325 = AXIS2_PLACEMENT_3D('',#12326,#12327,#12328);
#12326 = CARTESIAN_POINT('',(14.4849922,-49.9100022,11.1));
#12327 = DIRECTION('',(0.,0.,1.));
#12328 = DIRECTION('',(1.,0.,0.));
#12329 = DEFINITIONAL_REPRESENTATION('',(#12330),#12334);
#12330 = LINE('',#12331,#12332);
#12331 = CARTESIAN_POINT('',(0.,0.));
#12332 = VECTOR('',#12333,1.);
#12333 = DIRECTION('',(0.,1.));
#12334 = ( GEOMETRIC_REPRESENTATION_CONTEXT(2) 
PARAMETRIC_REPRESENTATION_CONTEXT() REPRESENTATION_CONTEXT('2D SPACE',''
  ) );
#12335 = ORIENTED_EDGE('',*,*,#12336,.T.);
#12336 = EDGE_CURVE('',#12309,#12337,#12339,.T.);
#12337 = VERTEX_POINT('',#12338);
#12338 = CARTESIAN_POINT('',(14.4849922,-31.7100022,20.3));
#12339 = SURFACE_CURVE('',#12340,(#12344,#12351),.PCURVE_S1.);
#12340 = LINE('',#12341,#12342);
#12341 = CARTESIAN_POINT('',(14.4849922,-31.7100022,11.1));
#12342 = VECTOR('',#12343,1.);
#12343 = DIRECTION('',(0.,0.,1.));
#12344 = PCURVE('',#12284,#12345);
#12345 = DEFINITIONAL_REPRESENTATION('',(#12346),#12350);
#12346 = LINE('',#12347,#12348);
#12347 = CARTESIAN_POINT('',(0.,-18.2));
#12348 = VECTOR('',#12349,1.);
#12349 = DIRECTION('',(1.,0.));
#12350 = ( GEOMETRIC_REPRESENTATION_CONTEXT(2) 
PARAMETRIC_REPRESENTATION_CONTEXT() REPRESENTATION_CONTEXT('2D SPACE',''
  ) );
#12351 = PCURVE('',#12352,#12357);
#12352 = PLANE('',#12353);
#12353 = AXIS2_PLACEMENT_3D('',#12354,#12355,#12356);
#12354 = CARTESIAN_POINT('',(14.4849922,-31.7100022,11.1));
#12355 = DIRECTION('',(0.,1.,0.));
#12356 = DIRECTION('',(0.,0.,1.));
#12357 = DEFINITIONAL_REPRESENTATION('',(#12358),#12362);
#12358 = LINE('',#12359,#12360);
#12359 = CARTESIAN_POINT('',(0.,0.));
#12360 = VECTOR('',#12361,1.);
#12361 = DIRECTION('',(1.,0.));
#12362 = ( GEOMETRIC_REPRESENTATION_CONTEXT(2) 
PARAMETRIC_REPRESENTATION_CONTEXT() REPRESENTATION_CONTEXT('2D SPACE',''
  ) );
#12363 = ORIENTED_EDGE('',*,*,#12364,.F.);
#12364 = EDGE_CURVE('',#12276,#12337,#12365,.T.);
#12365 = SURFACE_CURVE('',#12366,(#12370,#12377),.PCURVE_S1.);
#12366 = LINE('',#12367,#12368);
#12367 = CARTESIAN_POINT('',(14.4849922,-49.9100022,20.3));
#12368 = VECTOR('',#12369,1.);
#12369 = DIRECTION('',(0.,1.,0.));
#12370 = PCURVE('',#12284,#12371);
#12371 = DEFINITIONAL_REPRESENTATION('',(#12372),#12376);
#12372 = LINE('',#12373,#12374);
#12373 = CARTESIAN_POINT('',(9.2,0.));
#12374 = VECTOR('',#12375,1.);
#12375 = DIRECTION('',(0.,-1.));
#12376 = ( GEOMETRIC_REPRESENTATION_CONTEXT(2) 
PARAMETRIC_REPRESENTATION_CONTEXT() REPRESENTATION_CONTEXT('2D SPACE',''
  ) );
#12377 = PCURVE('',#12378,#12383);
#12378 = PLANE('',#12379);
#12379 = AXIS2_PLACEMENT_3D('',#12380,#12381,#12382);
#12380 = CARTESIAN_POINT('',(14.4849922,-49.9100022,20.3));
#12381 = DIRECTION('',(0.,0.,1.));
#12382 = DIRECTION('',(1.,0.,0.));
#12383 = DEFINITIONAL_REPRESENTATION('',(#12384),#12388);
#12384 = LINE('',#12385,#12386);
#12385 = CARTESIAN_POINT('',(0.,0.));
#12386 = VECTOR('',#12387,1.);
#12387 = DIRECTION('',(0.,1.));
#12388 = ( GEOMETRIC_REPRESENTATION_CONTEXT(2) 
PARAMETRIC_REPRESENTATION_CONTEXT() REPRESENTATION_CONTEXT('2D SPACE',''
  ) );
#12389 = ADVANCED_FACE('',(#12390),#12404,.T.);
#12390 = FACE_BOUND('',#12391,.T.);
#12391 = EDGE_LOOP('',(#12392,#12422,#12445,#12468));
#12392 = ORIENTED_EDGE('',*,*,#12393,.F.);
#12393 = EDGE_CURVE('',#12394,#12396,#12398,.T.);
#12394 = VERTEX_POINT('',#12395);
#12395 = CARTESIAN_POINT('',(32.6849922,-49.9100022,11.1));
#12396 = VERTEX_POINT('',#12397);
#12397 = CARTESIAN_POINT('',(32.6849922,-49.9100022,20.3));
#12398 = SURFACE_CURVE('',#12399,(#12403,#12415),.PCURVE_S1.);
#12399 = LINE('',#12400,#12401);
#12400 = CARTESIAN_POINT('',(32.6849922,-49.9100022,11.1));
#12401 = VECTOR('',#12402,1.);
#12402 = DIRECTION('',(0.,0.,1.));
#12403 = PCURVE('',#12404,#12409);
#12404 = PLANE('',#12405);
#12405 = AXIS2_PLACEMENT_3D('',#12406,#12407,#12408);
#12406 = CARTESIAN_POINT('',(32.6849922,-49.9100022,11.1));
#12407 = DIRECTION('',(1.,0.,0.));
#12408 = DIRECTION('',(0.,0.,1.));
#12409 = DEFINITIONAL_REPRESENTATION('',(#12410),#12414);
#12410 = LINE('',#12411,#12412);
#12411 = CARTESIAN_POINT('',(0.,0.));
#12412 = VECTOR('',#12413,1.);
#12413 = DIRECTION('',(1.,0.));
#12414 = ( GEOMETRIC_REPRESENTATION_CONTEXT(2) 
PARAMETRIC_REPRESENTATION_CONTEXT() REPRESENTATION_CONTEXT('2D SPACE',''
  ) );
#12415 = PCURVE('',#12296,#12416);
#12416 = DEFINITIONAL_REPRESENTATION('',(#12417),#12421);
#12417 = LINE('',#12418,#12419);
#12418 = CARTESIAN_POINT('',(0.,18.2));
#12419 = VECTOR('',#12420,1.);
#12420 = DIRECTION('',(1.,0.));
#12421 = ( GEOMETRIC_REPRESENTATION_CONTEXT(2) 
PARAMETRIC_REPRESENTATION_CONTEXT() REPRESENTATION_CONTEXT('2D SPACE',''
  ) );
#12422 = ORIENTED_EDGE('',*,*,#12423,.T.);
#12423 = EDGE_CURVE('',#12394,#12424,#12426,.T.);
#12424 = VERTEX_POINT('',#12425);
#12425 = CARTESIAN_POINT('',(32.6849922,-31.7100022,11.1));
#12426 = SURFACE_CURVE('',#12427,(#12431,#12438),.PCURVE_S1.);
#12427 = LINE('',#12428,#12429);
#12428 = CARTESIAN_POINT('',(32.6849922,-49.9100022,11.1));
#12429 = VECTOR('',#12430,1.);
#12430 = DIRECTION('',(0.,1.,0.));
#12431 = PCURVE('',#12404,#12432);
#12432 = DEFINITIONAL_REPRESENTATION('',(#12433),#12437);
#12433 = LINE('',#12434,#12435);
#12434 = CARTESIAN_POINT('',(0.,0.));
#12435 = VECTOR('',#12436,1.);
#12436 = DIRECTION('',(0.,-1.));
#12437 = ( GEOMETRIC_REPRESENTATION_CONTEXT(2) 
PARAMETRIC_REPRESENTATION_CONTEXT() REPRESENTATION_CONTEXT('2D SPACE',''
  ) );
#12438 = PCURVE('',#12324,#12439);
#12439 = DEFINITIONAL_REPRESENTATION('',(#12440),#12444);
#12440 = LINE('',#12441,#12442);
#12441 = CARTESIAN_POINT('',(18.2,0.));
#12442 = VECTOR('',#12443,1.);
#12443 = DIRECTION('',(0.,1.));
#12444 = ( GEOMETRIC_REPRESENTATION_CONTEXT(2) 
PARAMETRIC_REPRESENTATION_CONTEXT() REPRESENTATION_CONTEXT('2D SPACE',''
  ) );
#12445 = ORIENTED_EDGE('',*,*,#12446,.T.);
#12446 = EDGE_CURVE('',#12424,#12447,#12449,.T.);
#12447 = VERTEX_POINT('',#12448);
#12448 = CARTESIAN_POINT('',(32.6849922,-31.7100022,20.3));
#12449 = SURFACE_CURVE('',#12450,(#12454,#12461),.PCURVE_S1.);
#12450 = LINE('',#12451,#12452);
#12451 = CARTESIAN_POINT('',(32.6849922,-31.7100022,11.1));
#12452 = VECTOR('',#12453,1.);
#12453 = DIRECTION('',(0.,0.,1.));
#12454 = PCURVE('',#12404,#12455);
#12455 = DEFINITIONAL_REPRESENTATION('',(#12456),#12460);
#12456 = LINE('',#12457,#12458);
#12457 = CARTESIAN_POINT('',(0.,-18.2));
#12458 = VECTOR('',#12459,1.);
#12459 = DIRECTION('',(1.,0.));
#12460 = ( GEOMETRIC_REPRESENTATION_CONTEXT(2) 
PARAMETRIC_REPRESENTATION_CONTEXT() REPRESENTATION_CONTEXT('2D SPACE',''
  ) );
#12461 = PCURVE('',#12352,#12462);
#12462 = DEFINITIONAL_REPRESENTATION('',(#12463),#12467);
#12463 = LINE('',#12464,#12465);
#12464 = CARTESIAN_POINT('',(0.,18.2));
#12465 = VECTOR('',#12466,1.);
#12466 = DIRECTION('',(1.,0.));
#12467 = ( GEOMETRIC_REPRESENTATION_CONTEXT(2) 
PARAMETRIC_REPRESENTATION_CONTEXT() REPRESENTATION_CONTEXT('2D SPACE',''
  ) );
#12468 = ORIENTED_EDGE('',*,*,#12469,.F.);
#12469 = EDGE_CURVE('',#12396,#12447,#12470,.T.);
#12470 = SURFACE_CURVE('',#12471,(#12475,#12482),.PCURVE_S1.);
#12471 = LINE('',#12472,#12473);
#12472 = CARTESIAN_POINT('',(32.6849922,-49.9100022,20.3));
#12473 = VECTOR('',#12474,1.);
#12474 = DIRECTION('',(0.,1.,0.));
#12475 = PCURVE('',#12404,#12476);
#12476 = DEFINITIONAL_REPRESENTATION('',(#12477),#12481);
#12477 = LINE('',#12478,#12479);
#12478 = CARTESIAN_POINT('',(9.2,0.));
#12479 = VECTOR('',#12480,1.);
#12480 = DIRECTION('',(0.,-1.));
#12481 = ( GEOMETRIC_REPRESENTATION_CONTEXT(2) 
PARAMETRIC_REPRESENTATION_CONTEXT() REPRESENTATION_CONTEXT('2D SPACE',''
  ) );
#12482 = PCURVE('',#12378,#12483);
#12483 = DEFINITIONAL_REPRESENTATION('',(#12484),#12488);
#12484 = LINE('',#12485,#12486);
#12485 = CARTESIAN_POINT('',(18.2,0.));
#12486 = VECTOR('',#12487,1.);
#12487 = DIRECTION('',(0.,1.));
#12488 = ( GEOMETRIC_REPRESENTATION_CONTEXT(2) 
PARAMETRIC_REPRESENTATION_CONTEXT() REPRESENTATION_CONTEXT('2D SPACE',''
  ) );
#12489 = ADVANCED_FACE('',(#12490),#12296,.F.);
#12490 = FACE_BOUND('',#12491,.F.);
#12491 = EDGE_LOOP('',(#12492,#12513,#12514,#12535));
#12492 = ORIENTED_EDGE('',*,*,#12493,.F.);
#12493 = EDGE_CURVE('',#12274,#12394,#12494,.T.);
#12494 = SURFACE_CURVE('',#12495,(#12499,#12506),.PCURVE_S1.);
#12495 = LINE('',#12496,#12497);
#12496 = CARTESIAN_POINT('',(14.4849922,-49.9100022,11.1));
#12497 = VECTOR('',#12498,1.);
#12498 = DIRECTION('',(1.,0.,0.));
#12499 = PCURVE('',#12296,#12500);
#12500 = DEFINITIONAL_REPRESENTATION('',(#12501),#12505);
#12501 = LINE('',#12502,#12503);
#12502 = CARTESIAN_POINT('',(0.,0.));
#12503 = VECTOR('',#12504,1.);
#12504 = DIRECTION('',(0.,1.));
#12505 = ( GEOMETRIC_REPRESENTATION_CONTEXT(2) 
PARAMETRIC_REPRESENTATION_CONTEXT() REPRESENTATION_CONTEXT('2D SPACE',''
  ) );
#12506 = PCURVE('',#12324,#12507);
#12507 = DEFINITIONAL_REPRESENTATION('',(#12508),#12512);
#12508 = LINE('',#12509,#12510);
#12509 = CARTESIAN_POINT('',(0.,0.));
#12510 = VECTOR('',#12511,1.);
#12511 = DIRECTION('',(1.,0.));
#12512 = ( GEOMETRIC_REPRESENTATION_CONTEXT(2) 
PARAMETRIC_REPRESENTATION_CONTEXT() REPRESENTATION_CONTEXT('2D SPACE',''
  ) );
#12513 = ORIENTED_EDGE('',*,*,#12273,.T.);
#12514 = ORIENTED_EDGE('',*,*,#12515,.T.);
#12515 = EDGE_CURVE('',#12276,#12396,#12516,.T.);
#12516 = SURFACE_CURVE('',#12517,(#12521,#12528),.PCURVE_S1.);
#12517 = LINE('',#12518,#12519);
#12518 = CARTESIAN_POINT('',(14.4849922,-49.9100022,20.3));
#12519 = VECTOR('',#12520,1.);
#12520 = DIRECTION('',(1.,0.,0.));
#12521 = PCURVE('',#12296,#12522);
#12522 = DEFINITIONAL_REPRESENTATION('',(#12523),#12527);
#12523 = LINE('',#12524,#12525);
#12524 = CARTESIAN_POINT('',(9.2,0.));
#12525 = VECTOR('',#12526,1.);
#12526 = DIRECTION('',(0.,1.));
#12527 = ( GEOMETRIC_REPRESENTATION_CONTEXT(2) 
PARAMETRIC_REPRESENTATION_CONTEXT() REPRESENTATION_CONTEXT('2D SPACE',''
  ) );
#12528 = PCURVE('',#12378,#12529);
#12529 = DEFINITIONAL_REPRESENTATION('',(#12530),#12534);
#12530 = LINE('',#12531,#12532);
#12531 = CARTESIAN_POINT('',(0.,0.));
#12532 = VECTOR('',#12533,1.);
#12533 = DIRECTION('',(1.,0.));
#12534 = ( GEOMETRIC_REPRESENTATION_CONTEXT(2) 
PARAMETRIC_REPRESENTATION_CONTEXT() REPRESENTATION_CONTEXT('2D SPACE',''
  ) );
#12535 = ORIENTED_EDGE('',*,*,#12393,.F.);
#12536 = ADVANCED_FACE('',(#12537),#12352,.T.);
#12537 = FACE_BOUND('',#12538,.T.);
#12538 = EDGE_LOOP('',(#12539,#12560,#12561,#12582));
#12539 = ORIENTED_EDGE('',*,*,#12540,.F.);
#12540 = EDGE_CURVE('',#12309,#12424,#12541,.T.);
#12541 = SURFACE_CURVE('',#12542,(#12546,#12553),.PCURVE_S1.);
#12542 = LINE('',#12543,#12544);
#12543 = CARTESIAN_POINT('',(14.4849922,-31.7100022,11.1));
#12544 = VECTOR('',#12545,1.);
#12545 = DIRECTION('',(1.,0.,0.));
#12546 = PCURVE('',#12352,#12547);
#12547 = DEFINITIONAL_REPRESENTATION('',(#12548),#12552);
#12548 = LINE('',#12549,#12550);
#12549 = CARTESIAN_POINT('',(0.,0.));
#12550 = VECTOR('',#12551,1.);
#12551 = DIRECTION('',(0.,1.));
#12552 = ( GEOMETRIC_REPRESENTATION_CONTEXT(2) 
PARAMETRIC_REPRESENTATION_CONTEXT() REPRESENTATION_CONTEXT('2D SPACE',''
  ) );
#12553 = PCURVE('',#12324,#12554);
#12554 = DEFINITIONAL_REPRESENTATION('',(#12555),#12559);
#12555 = LINE('',#12556,#12557);
#12556 = CARTESIAN_POINT('',(0.,18.2));
#12557 = VECTOR('',#12558,1.);
#12558 = DIRECTION('',(1.,0.));
#12559 = ( GEOMETRIC_REPRESENTATION_CONTEXT(2) 
PARAMETRIC_REPRESENTATION_CONTEXT() REPRESENTATION_CONTEXT('2D SPACE',''
  ) );
#12560 = ORIENTED_EDGE('',*,*,#12336,.T.);
#12561 = ORIENTED_EDGE('',*,*,#12562,.T.);
#12562 = EDGE_CURVE('',#12337,#12447,#12563,.T.);
#12563 = SURFACE_CURVE('',#12564,(#12568,#12575),.PCURVE_S1.);
#12564 = LINE('',#12565,#12566);
#12565 = CARTESIAN_POINT('',(14.4849922,-31.7100022,20.3));
#12566 = VECTOR('',#12567,1.);
#12567 = DIRECTION('',(1.,0.,0.));
#12568 = PCURVE('',#12352,#12569);
#12569 = DEFINITIONAL_REPRESENTATION('',(#12570),#12574);
#12570 = LINE('',#12571,#12572);
#12571 = CARTESIAN_POINT('',(9.2,0.));
#12572 = VECTOR('',#12573,1.);
#12573 = DIRECTION('',(0.,1.));
#12574 = ( GEOMETRIC_REPRESENTATION_CONTEXT(2) 
PARAMETRIC_REPRESENTATION_CONTEXT() REPRESENTATION_CONTEXT('2D SPACE',''
  ) );
#12575 = PCURVE('',#12378,#12576);
#12576 = DEFINITIONAL_REPRESENTATION('',(#12577),#12581);
#12577 = LINE('',#12578,#12579);
#12578 = CARTESIAN_POINT('',(0.,18.2));
#12579 = VECTOR('',#12580,1.);
#12580 = DIRECTION('',(1.,0.));
#12581 = ( GEOMETRIC_REPRESENTATION_CONTEXT(2) 
PARAMETRIC_REPRESENTATION_CONTEXT() REPRESENTATION_CONTEXT('2D SPACE',''
  ) );
#12582 = ORIENTED_EDGE('',*,*,#12446,.F.);
#12583 = ADVANCED_FACE('',(#12584),#12324,.F.);
#12584 = FACE_BOUND('',#12585,.F.);
#12585 = EDGE_LOOP('',(#12586,#12587,#12588,#12589));
#12586 = ORIENTED_EDGE('',*,*,#12308,.F.);
#12587 = ORIENTED_EDGE('',*,*,#12493,.T.);
#12588 = ORIENTED_EDGE('',*,*,#12423,.T.);
#12589 = ORIENTED_EDGE('',*,*,#12540,.F.);
#12590 = ADVANCED_FACE('',(#12591),#12378,.T.);
#12591 = FACE_BOUND('',#12592,.T.);
#12592 = EDGE_LOOP('',(#12593,#12594,#12595,#12596));
#12593 = ORIENTED_EDGE('',*,*,#12364,.F.);
#12594 = ORIENTED_EDGE('',*,*,#12515,.T.);
#12595 = ORIENTED_EDGE('',*,*,#12469,.T.);
#12596 = ORIENTED_EDGE('',*,*,#12562,.F.);
#12597 = ( GEOMETRIC_REPRESENTATION_CONTEXT(3) 
GLOBAL_UNCERTAINTY_ASSIGNED_CONTEXT((#12601)) 
GLOBAL_UNIT_ASSIGNED_CONTEXT((#12598,#12599,#12600)) 
REPRESENTATION_CONTEXT('Context #1',
  '3D Context with UNIT and UNCERTAINTY') );
#12598 = ( LENGTH_UNIT() NAMED_UNIT(*) SI_UNIT(.MILLI.,.METRE.) );
#12599 = ( NAMED_UNIT(*) PLANE_ANGLE_UNIT() SI_UNIT($,.RADIAN.) );
#12600 = ( NAMED_UNIT(*) SI_UNIT($,.STERADIAN.) SOLID_ANGLE_UNIT() );
#12601 = UNCERTAINTY_MEASURE_WITH_UNIT(LENGTH_MEASURE(1.E-07),#12598,
  'distance_accuracy_value','confusion accuracy');
#12602 = CONTEXT_DEPENDENT_SHAPE_REPRESENTATION(#12603,#12605);
#12603 = ( REPRESENTATION_RELATIONSHIP('','',#12266,#10) 
REPRESENTATION_RELATIONSHIP_WITH_TRANSFORMATION(#12604) 
SHAPE_REPRESENTATION_RELATIONSHIP() );
#12604 = ITEM_DEFINED_TRANSFORMATION('','',#11,#87);
#12605 = PRODUCT_DEFINITION_SHAPE('Placement','Placement of an item',
  #12606);
#12606 = NEXT_ASSEMBLY_USAGE_OCCURRENCE('34','','',#5,#12261,$);
#12607 = PRODUCT_RELATED_PRODUCT_CATEGORY('part',$,(#12263));
#12608 = SHAPE_DEFINITION_REPRESENTATION(#12609,#12615);
#12609 = PRODUCT_DEFINITION_SHAPE('','',#12610);
#12610 = PRODUCT_DEFINITION('design','',#12611,#12614);
#12611 = PRODUCT_DEFINITION_FORMATION('','',#12612);
#12612 = PRODUCT('Open CASCADE STEP translator 7.9 5.20',
  'Open CASCADE STEP translator 7.9 5.20','',(#12613));
#12613 = PRODUCT_CONTEXT('',#2,'mechanical');
#12614 = PRODUCT_DEFINITION_CONTEXT('part definition',#2,'design');
#12615 = ADVANCED_BREP_SHAPE_REPRESENTATION('',(#11,#12616),#12714);
#12616 = MANIFOLD_SOLID_BREP('',#12617);
#12617 = CLOSED_SHELL('',(#12618,#12706,#12710));
#12618 = ADVANCED_FACE('',(#12619),#12633,.T.);
#12619 = FACE_BOUND('',#12620,.F.);
#12620 = EDGE_LOOP('',(#12621,#12651,#12678,#12679));
#12621 = ORIENTED_EDGE('',*,*,#12622,.T.);
#12622 = EDGE_CURVE('',#12623,#12625,#12627,.T.);
#12623 = VERTEX_POINT('',#12624);
#12624 = CARTESIAN_POINT('',(25.4849922,-40.8100022,-1.8));
#12625 = VERTEX_POINT('',#12626);
#12626 = CARTESIAN_POINT('',(25.4849922,-40.8100022,1.7));
#12627 = SEAM_CURVE('',#12628,(#12632,#12644),.PCURVE_S1.);
#12628 = LINE('',#12629,#12630);
#12629 = CARTESIAN_POINT('',(25.4849922,-40.8100022,-1.8));
#12630 = VECTOR('',#12631,1.);
#12631 = DIRECTION('',(0.,0.,1.));
#12632 = PCURVE('',#12633,#12638);
#12633 = CYLINDRICAL_SURFACE('',#12634,1.9);
#12634 = AXIS2_PLACEMENT_3D('',#12635,#12636,#12637);
#12635 = CARTESIAN_POINT('',(23.5849922,-40.8100022,-1.8));
#12636 = DIRECTION('',(-0.,-0.,-1.));
#12637 = DIRECTION('',(1.,0.,0.));
#12638 = DEFINITIONAL_REPRESENTATION('',(#12639),#12643);
#12639 = LINE('',#12640,#12641);
#12640 = CARTESIAN_POINT('',(-0.,0.));
#12641 = VECTOR('',#12642,1.);
#12642 = DIRECTION('',(-0.,-1.));
#12643 = ( GEOMETRIC_REPRESENTATION_CONTEXT(2) 
PARAMETRIC_REPRESENTATION_CONTEXT() REPRESENTATION_CONTEXT('2D SPACE',''
  ) );
#12644 = PCURVE('',#12633,#12645);
#12645 = DEFINITIONAL_REPRESENTATION('',(#12646),#12650);
#12646 = LINE('',#12647,#12648);
#12647 = CARTESIAN_POINT('',(-6.28318530718,0.));
#12648 = VECTOR('',#12649,1.);
#12649 = DIRECTION('',(-0.,-1.));
#12650 = ( GEOMETRIC_REPRESENTATION_CONTEXT(2) 
PARAMETRIC_REPRESENTATION_CONTEXT() REPRESENTATION_CONTEXT('2D SPACE',''
  ) );
#12651 = ORIENTED_EDGE('',*,*,#12652,.T.);
#12652 = EDGE_CURVE('',#12625,#12625,#12653,.T.);
#12653 = SURFACE_CURVE('',#12654,(#12659,#12666),.PCURVE_S1.);
#12654 = CIRCLE('',#12655,1.9);
#12655 = AXIS2_PLACEMENT_3D('',#12656,#12657,#12658);
#12656 = CARTESIAN_POINT('',(23.5849922,-40.8100022,1.7));
#12657 = DIRECTION('',(0.,0.,1.));
#12658 = DIRECTION('',(1.,0.,0.));
#12659 = PCURVE('',#12633,#12660);
#12660 = DEFINITIONAL_REPRESENTATION('',(#12661),#12665);
#12661 = LINE('',#12662,#12663);
#12662 = CARTESIAN_POINT('',(-0.,-3.5));
#12663 = VECTOR('',#12664,1.);
#12664 = DIRECTION('',(-1.,0.));
#12665 = ( GEOMETRIC_REPRESENTATION_CONTEXT(2) 
PARAMETRIC_REPRESENTATION_CONTEXT() REPRESENTATION_CONTEXT('2D SPACE',''
  ) );
#12666 = PCURVE('',#12667,#12672);
#12667 = PLANE('',#12668);
#12668 = AXIS2_PLACEMENT_3D('',#12669,#12670,#12671);
#12669 = CARTESIAN_POINT('',(23.5849922,-40.8100022,1.7));
#12670 = DIRECTION('',(0.,0.,1.));
#12671 = DIRECTION('',(1.,0.,-0.));
#12672 = DEFINITIONAL_REPRESENTATION('',(#12673),#12677);
#12673 = CIRCLE('',#12674,1.9);
#12674 = AXIS2_PLACEMENT_2D('',#12675,#12676);
#12675 = CARTESIAN_POINT('',(0.,0.));
#12676 = DIRECTION('',(1.,0.));
#12677 = ( GEOMETRIC_REPRESENTATION_CONTEXT(2) 
PARAMETRIC_REPRESENTATION_CONTEXT() REPRESENTATION_CONTEXT('2D SPACE',''
  ) );
#12678 = ORIENTED_EDGE('',*,*,#12622,.F.);
#12679 = ORIENTED_EDGE('',*,*,#12680,.F.);
#12680 = EDGE_CURVE('',#12623,#12623,#12681,.T.);
#12681 = SURFACE_CURVE('',#12682,(#12687,#12694),.PCURVE_S1.);
#12682 = CIRCLE('',#12683,1.9);
#12683 = AXIS2_PLACEMENT_3D('',#12684,#12685,#12686);
#12684 = CARTESIAN_POINT('',(23.5849922,-40.8100022,-1.8));
#12685 = DIRECTION('',(0.,0.,1.));
#12686 = DIRECTION('',(1.,0.,0.));
#12687 = PCURVE('',#12633,#12688);
#12688 = DEFINITIONAL_REPRESENTATION('',(#12689),#12693);
#12689 = LINE('',#12690,#12691);
#12690 = CARTESIAN_POINT('',(-0.,0.));
#12691 = VECTOR('',#12692,1.);
#12692 = DIRECTION('',(-1.,0.));
#12693 = ( GEOMETRIC_REPRESENTATION_CONTEXT(2) 
PARAMETRIC_REPRESENTATION_CONTEXT() REPRESENTATION_CONTEXT('2D SPACE',''
  ) );
#12694 = PCURVE('',#12695,#12700);
#12695 = PLANE('',#12696);
#12696 = AXIS2_PLACEMENT_3D('',#12697,#12698,#12699);
#12697 = CARTESIAN_POINT('',(23.5849922,-40.8100022,-1.8));
#12698 = DIRECTION('',(0.,0.,1.));
#12699 = DIRECTION('',(1.,0.,-0.));
#12700 = DEFINITIONAL_REPRESENTATION('',(#12701),#12705);
#12701 = CIRCLE('',#12702,1.9);
#12702 = AXIS2_PLACEMENT_2D('',#12703,#12704);
#12703 = CARTESIAN_POINT('',(0.,0.));
#12704 = DIRECTION('',(1.,0.));
#12705 = ( GEOMETRIC_REPRESENTATION_CONTEXT(2) 
PARAMETRIC_REPRESENTATION_CONTEXT() REPRESENTATION_CONTEXT('2D SPACE',''
  ) );
#12706 = ADVANCED_FACE('',(#12707),#12695,.F.);
#12707 = FACE_BOUND('',#12708,.F.);
#12708 = EDGE_LOOP('',(#12709));
#12709 = ORIENTED_EDGE('',*,*,#12680,.T.);
#12710 = ADVANCED_FACE('',(#12711),#12667,.T.);
#12711 = FACE_BOUND('',#12712,.T.);
#12712 = EDGE_LOOP('',(#12713));
#12713 = ORIENTED_EDGE('',*,*,#12652,.T.);
#12714 = ( GEOMETRIC_REPRESENTATION_CONTEXT(3) 
GLOBAL_UNCERTAINTY_ASSIGNED_CONTEXT((#12718)) 
GLOBAL_UNIT_ASSIGNED_CONTEXT((#12715,#12716,#12717)) 
REPRESENTATION_CONTEXT('Context #1',
  '3D Context with UNIT and UNCERTAINTY') );
#12715 = ( LENGTH_UNIT() NAMED_UNIT(*) SI_UNIT(.MILLI.,.METRE.) );
#12716 = ( NAMED_UNIT(*) PLANE_ANGLE_UNIT() SI_UNIT($,.RADIAN.) );
#12717 = ( NAMED_UNIT(*) SI_UNIT($,.STERADIAN.) SOLID_ANGLE_UNIT() );
#12718 = UNCERTAINTY_MEASURE_WITH_UNIT(LENGTH_MEASURE(1.E-07),#12715,
  'distance_accuracy_value','confusion accuracy');
#12719 = CONTEXT_DEPENDENT_SHAPE_REPRESENTATION(#12720,#12722);
#12720 = ( REPRESENTATION_RELATIONSHIP('','',#12615,#10) 
REPRESENTATION_RELATIONSHIP_WITH_TRANSFORMATION(#12721) 
SHAPE_REPRESENTATION_RELATIONSHIP() );
#12721 = ITEM_DEFINED_TRANSFORMATION('','',#11,#91);
#12722 = PRODUCT_DEFINITION_SHAPE('Placement','Placement of an item',
  #12723);
#12723 = NEXT_ASSEMBLY_USAGE_OCCURRENCE('35','','',#5,#12610,$);
#12724 = PRODUCT_RELATED_PRODUCT_CATEGORY('part',$,(#12612));
#12725 = SHAPE_DEFINITION_REPRESENTATION(#12726,#12732);
#12726 = PRODUCT_DEFINITION_SHAPE('','',#12727);
#12727 = PRODUCT_DEFINITION('design','',#12728,#12731);
#12728 = PRODUCT_DEFINITION_FORMATION('','',#12729);
#12729 = PRODUCT('Open CASCADE STEP translator 7.9 5.21',
  'Open CASCADE STEP translator 7.9 5.21','',(#12730));
#12730 = PRODUCT_CONTEXT('',#2,'mechanical');
#12731 = PRODUCT_DEFINITION_CONTEXT('part definition',#2,'design');
#12732 = ADVANCED_BREP_SHAPE_REPRESENTATION('',(#11,#12733),#13063);
#12733 = MANIFOLD_SOLID_BREP('',#12734);
#12734 = CLOSED_SHELL('',(#12735,#12855,#12955,#13002,#13049,#13056));
#12735 = ADVANCED_FACE('',(#12736),#12750,.F.);
#12736 = FACE_BOUND('',#12737,.F.);
#12737 = EDGE_LOOP('',(#12738,#12773,#12801,#12829));
#12738 = ORIENTED_EDGE('',*,*,#12739,.F.);
#12739 = EDGE_CURVE('',#12740,#12742,#12744,.T.);
#12740 = VERTEX_POINT('',#12741);
#12741 = CARTESIAN_POINT('',(34.7329094,-48.7100022,1.6));
#12742 = VERTEX_POINT('',#12743);
#12743 = CARTESIAN_POINT('',(34.7329094,-48.7100022,13.1));
#12744 = SURFACE_CURVE('',#12745,(#12749,#12761),.PCURVE_S1.);
#12745 = LINE('',#12746,#12747);
#12746 = CARTESIAN_POINT('',(34.7329094,-48.7100022,1.6));
#12747 = VECTOR('',#12748,1.);
#12748 = DIRECTION('',(0.,0.,1.));
#12749 = PCURVE('',#12750,#12755);
#12750 = PLANE('',#12751);
#12751 = AXIS2_PLACEMENT_3D('',#12752,#12753,#12754);
#12752 = CARTESIAN_POINT('',(34.7329094,-48.7100022,1.6));
#12753 = DIRECTION('',(1.,0.,0.));
#12754 = DIRECTION('',(0.,0.,1.));
#12755 = DEFINITIONAL_REPRESENTATION('',(#12756),#12760);
#12756 = LINE('',#12757,#12758);
#12757 = CARTESIAN_POINT('',(0.,0.));
#12758 = VECTOR('',#12759,1.);
#12759 = DIRECTION('',(1.,0.));
#12760 = ( GEOMETRIC_REPRESENTATION_CONTEXT(2) 
PARAMETRIC_REPRESENTATION_CONTEXT() REPRESENTATION_CONTEXT('2D SPACE',''
  ) );
#12761 = PCURVE('',#12762,#12767);
#12762 = PLANE('',#12763);
#12763 = AXIS2_PLACEMENT_3D('',#12764,#12765,#12766);
#12764 = CARTESIAN_POINT('',(34.7329094,-48.7100022,1.6));
#12765 = DIRECTION('',(0.,1.,0.));
#12766 = DIRECTION('',(0.,0.,1.));
#12767 = DEFINITIONAL_REPRESENTATION('',(#12768),#12772);
#12768 = LINE('',#12769,#12770);
#12769 = CARTESIAN_POINT('',(0.,0.));
#12770 = VECTOR('',#12771,1.);
#12771 = DIRECTION('',(1.,0.));
#12772 = ( GEOMETRIC_REPRESENTATION_CONTEXT(2) 
PARAMETRIC_REPRESENTATION_CONTEXT() REPRESENTATION_CONTEXT('2D SPACE',''
  ) );
#12773 = ORIENTED_EDGE('',*,*,#12774,.T.);
#12774 = EDGE_CURVE('',#12740,#12775,#12777,.T.);
#12775 = VERTEX_POINT('',#12776);
#12776 = CARTESIAN_POINT('',(34.7329094,-32.9100022,1.6));
#12777 = SURFACE_CURVE('',#12778,(#12782,#12789),.PCURVE_S1.);
#12778 = LINE('',#12779,#12780);
#12779 = CARTESIAN_POINT('',(34.7329094,-48.7100022,1.6));
#12780 = VECTOR('',#12781,1.);
#12781 = DIRECTION('',(0.,1.,0.));
#12782 = PCURVE('',#12750,#12783);
#12783 = DEFINITIONAL_REPRESENTATION('',(#12784),#12788);
#12784 = LINE('',#12785,#12786);
#12785 = CARTESIAN_POINT('',(0.,0.));
#12786 = VECTOR('',#12787,1.);
#12787 = DIRECTION('',(0.,-1.));
#12788 = ( GEOMETRIC_REPRESENTATION_CONTEXT(2) 
PARAMETRIC_REPRESENTATION_CONTEXT() REPRESENTATION_CONTEXT('2D SPACE',''
  ) );
#12789 = PCURVE('',#12790,#12795);
#12790 = PLANE('',#12791);
#12791 = AXIS2_PLACEMENT_3D('',#12792,#12793,#12794);
#12792 = CARTESIAN_POINT('',(34.7329094,-48.7100022,1.6));
#12793 = DIRECTION('',(0.,0.,1.));
#12794 = DIRECTION('',(1.,0.,0.));
#12795 = DEFINITIONAL_REPRESENTATION('',(#12796),#12800);
#12796 = LINE('',#12797,#12798);
#12797 = CARTESIAN_POINT('',(0.,0.));
#12798 = VECTOR('',#12799,1.);
#12799 = DIRECTION('',(0.,1.));
#12800 = ( GEOMETRIC_REPRESENTATION_CONTEXT(2) 
PARAMETRIC_REPRESENTATION_CONTEXT() REPRESENTATION_CONTEXT('2D SPACE',''
  ) );
#12801 = ORIENTED_EDGE('',*,*,#12802,.T.);
#12802 = EDGE_CURVE('',#12775,#12803,#12805,.T.);
#12803 = VERTEX_POINT('',#12804);
#12804 = CARTESIAN_POINT('',(34.7329094,-32.9100022,13.1));
#12805 = SURFACE_CURVE('',#12806,(#12810,#12817),.PCURVE_S1.);
#12806 = LINE('',#12807,#12808);
#12807 = CARTESIAN_POINT('',(34.7329094,-32.9100022,1.6));
#12808 = VECTOR('',#12809,1.);
#12809 = DIRECTION('',(0.,0.,1.));
#12810 = PCURVE('',#12750,#12811);
#12811 = DEFINITIONAL_REPRESENTATION('',(#12812),#12816);
#12812 = LINE('',#12813,#12814);
#12813 = CARTESIAN_POINT('',(0.,-15.8));
#12814 = VECTOR('',#12815,1.);
#12815 = DIRECTION('',(1.,0.));
#12816 = ( GEOMETRIC_REPRESENTATION_CONTEXT(2) 
PARAMETRIC_REPRESENTATION_CONTEXT() REPRESENTATION_CONTEXT('2D SPACE',''
  ) );
#12817 = PCURVE('',#12818,#12823);
#12818 = PLANE('',#12819);
#12819 = AXIS2_PLACEMENT_3D('',#12820,#12821,#12822);
#12820 = CARTESIAN_POINT('',(34.7329094,-32.9100022,1.6));
#12821 = DIRECTION('',(0.,1.,0.));
#12822 = DIRECTION('',(0.,0.,1.));
#12823 = DEFINITIONAL_REPRESENTATION('',(#12824),#12828);
#12824 = LINE('',#12825,#12826);
#12825 = CARTESIAN_POINT('',(0.,0.));
#12826 = VECTOR('',#12827,1.);
#12827 = DIRECTION('',(1.,0.));
#12828 = ( GEOMETRIC_REPRESENTATION_CONTEXT(2) 
PARAMETRIC_REPRESENTATION_CONTEXT() REPRESENTATION_CONTEXT('2D SPACE',''
  ) );
#12829 = ORIENTED_EDGE('',*,*,#12830,.F.);
#12830 = EDGE_CURVE('',#12742,#12803,#12831,.T.);
#12831 = SURFACE_CURVE('',#12832,(#12836,#12843),.PCURVE_S1.);
#12832 = LINE('',#12833,#12834);
#12833 = CARTESIAN_POINT('',(34.7329094,-48.7100022,13.1));
#12834 = VECTOR('',#12835,1.);
#12835 = DIRECTION('',(0.,1.,0.));
#12836 = PCURVE('',#12750,#12837);
#12837 = DEFINITIONAL_REPRESENTATION('',(#12838),#12842);
#12838 = LINE('',#12839,#12840);
#12839 = CARTESIAN_POINT('',(11.5,0.));
#12840 = VECTOR('',#12841,1.);
#12841 = DIRECTION('',(0.,-1.));
#12842 = ( GEOMETRIC_REPRESENTATION_CONTEXT(2) 
PARAMETRIC_REPRESENTATION_CONTEXT() REPRESENTATION_CONTEXT('2D SPACE',''
  ) );
#12843 = PCURVE('',#12844,#12849);
#12844 = PLANE('',#12845);
#12845 = AXIS2_PLACEMENT_3D('',#12846,#12847,#12848);
#12846 = CARTESIAN_POINT('',(34.7329094,-48.7100022,13.1));
#12847 = DIRECTION('',(0.,0.,1.));
#12848 = DIRECTION('',(1.,0.,0.));
#12849 = DEFINITIONAL_REPRESENTATION('',(#12850),#12854);
#12850 = LINE('',#12851,#12852);
#12851 = CARTESIAN_POINT('',(0.,0.));
#12852 = VECTOR('',#12853,1.);
#12853 = DIRECTION('',(0.,1.));
#12854 = ( GEOMETRIC_REPRESENTATION_CONTEXT(2) 
PARAMETRIC_REPRESENTATION_CONTEXT() REPRESENTATION_CONTEXT('2D SPACE',''
  ) );
#12855 = ADVANCED_FACE('',(#12856),#12870,.T.);
#12856 = FACE_BOUND('',#12857,.T.);
#12857 = EDGE_LOOP('',(#12858,#12888,#12911,#12934));
#12858 = ORIENTED_EDGE('',*,*,#12859,.F.);
#12859 = EDGE_CURVE('',#12860,#12862,#12864,.T.);
#12860 = VERTEX_POINT('',#12861);
#12861 = CARTESIAN_POINT('',(50.5329094,-48.7100022,1.6));
#12862 = VERTEX_POINT('',#12863);
#12863 = CARTESIAN_POINT('',(50.5329094,-48.7100022,13.1));
#12864 = SURFACE_CURVE('',#12865,(#12869,#12881),.PCURVE_S1.);
#12865 = LINE('',#12866,#12867);
#12866 = CARTESIAN_POINT('',(50.5329094,-48.7100022,1.6));
#12867 = VECTOR('',#12868,1.);
#12868 = DIRECTION('',(0.,0.,1.));
#12869 = PCURVE('',#12870,#12875);
#12870 = PLANE('',#12871);
#12871 = AXIS2_PLACEMENT_3D('',#12872,#12873,#12874);
#12872 = CARTESIAN_POINT('',(50.5329094,-48.7100022,1.6));
#12873 = DIRECTION('',(1.,0.,0.));
#12874 = DIRECTION('',(0.,0.,1.));
#12875 = DEFINITIONAL_REPRESENTATION('',(#12876),#12880);
#12876 = LINE('',#12877,#12878);
#12877 = CARTESIAN_POINT('',(0.,0.));
#12878 = VECTOR('',#12879,1.);
#12879 = DIRECTION('',(1.,0.));
#12880 = ( GEOMETRIC_REPRESENTATION_CONTEXT(2) 
PARAMETRIC_REPRESENTATION_CONTEXT() REPRESENTATION_CONTEXT('2D SPACE',''
  ) );
#12881 = PCURVE('',#12762,#12882);
#12882 = DEFINITIONAL_REPRESENTATION('',(#12883),#12887);
#12883 = LINE('',#12884,#12885);
#12884 = CARTESIAN_POINT('',(0.,15.8));
#12885 = VECTOR('',#12886,1.);
#12886 = DIRECTION('',(1.,0.));
#12887 = ( GEOMETRIC_REPRESENTATION_CONTEXT(2) 
PARAMETRIC_REPRESENTATION_CONTEXT() REPRESENTATION_CONTEXT('2D SPACE',''
  ) );
#12888 = ORIENTED_EDGE('',*,*,#12889,.T.);
#12889 = EDGE_CURVE('',#12860,#12890,#12892,.T.);
#12890 = VERTEX_POINT('',#12891);
#12891 = CARTESIAN_POINT('',(50.5329094,-32.9100022,1.6));
#12892 = SURFACE_CURVE('',#12893,(#12897,#12904),.PCURVE_S1.);
#12893 = LINE('',#12894,#12895);
#12894 = CARTESIAN_POINT('',(50.5329094,-48.7100022,1.6));
#12895 = VECTOR('',#12896,1.);
#12896 = DIRECTION('',(0.,1.,0.));
#12897 = PCURVE('',#12870,#12898);
#12898 = DEFINITIONAL_REPRESENTATION('',(#12899),#12903);
#12899 = LINE('',#12900,#12901);
#12900 = CARTESIAN_POINT('',(0.,0.));
#12901 = VECTOR('',#12902,1.);
#12902 = DIRECTION('',(0.,-1.));
#12903 = ( GEOMETRIC_REPRESENTATION_CONTEXT(2) 
PARAMETRIC_REPRESENTATION_CONTEXT() REPRESENTATION_CONTEXT('2D SPACE',''
  ) );
#12904 = PCURVE('',#12790,#12905);
#12905 = DEFINITIONAL_REPRESENTATION('',(#12906),#12910);
#12906 = LINE('',#12907,#12908);
#12907 = CARTESIAN_POINT('',(15.8,0.));
#12908 = VECTOR('',#12909,1.);
#12909 = DIRECTION('',(0.,1.));
#12910 = ( GEOMETRIC_REPRESENTATION_CONTEXT(2) 
PARAMETRIC_REPRESENTATION_CONTEXT() REPRESENTATION_CONTEXT('2D SPACE',''
  ) );
#12911 = ORIENTED_EDGE('',*,*,#12912,.T.);
#12912 = EDGE_CURVE('',#12890,#12913,#12915,.T.);
#12913 = VERTEX_POINT('',#12914);
#12914 = CARTESIAN_POINT('',(50.5329094,-32.9100022,13.1));
#12915 = SURFACE_CURVE('',#12916,(#12920,#12927),.PCURVE_S1.);
#12916 = LINE('',#12917,#12918);
#12917 = CARTESIAN_POINT('',(50.5329094,-32.9100022,1.6));
#12918 = VECTOR('',#12919,1.);
#12919 = DIRECTION('',(0.,0.,1.));
#12920 = PCURVE('',#12870,#12921);
#12921 = DEFINITIONAL_REPRESENTATION('',(#12922),#12926);
#12922 = LINE('',#12923,#12924);
#12923 = CARTESIAN_POINT('',(0.,-15.8));
#12924 = VECTOR('',#12925,1.);
#12925 = DIRECTION('',(1.,0.));
#12926 = ( GEOMETRIC_REPRESENTATION_CONTEXT(2) 
PARAMETRIC_REPRESENTATION_CONTEXT() REPRESENTATION_CONTEXT('2D SPACE',''
  ) );
#12927 = PCURVE('',#12818,#12928);
#12928 = DEFINITIONAL_REPRESENTATION('',(#12929),#12933);
#12929 = LINE('',#12930,#12931);
#12930 = CARTESIAN_POINT('',(0.,15.8));
#12931 = VECTOR('',#12932,1.);
#12932 = DIRECTION('',(1.,0.));
#12933 = ( GEOMETRIC_REPRESENTATION_CONTEXT(2) 
PARAMETRIC_REPRESENTATION_CONTEXT() REPRESENTATION_CONTEXT('2D SPACE',''
  ) );
#12934 = ORIENTED_EDGE('',*,*,#12935,.F.);
#12935 = EDGE_CURVE('',#12862,#12913,#12936,.T.);
#12936 = SURFACE_CURVE('',#12937,(#12941,#12948),.PCURVE_S1.);
#12937 = LINE('',#12938,#12939);
#12938 = CARTESIAN_POINT('',(50.5329094,-48.7100022,13.1));
#12939 = VECTOR('',#12940,1.);
#12940 = DIRECTION('',(0.,1.,0.));
#12941 = PCURVE('',#12870,#12942);
#12942 = DEFINITIONAL_REPRESENTATION('',(#12943),#12947);
#12943 = LINE('',#12944,#12945);
#12944 = CARTESIAN_POINT('',(11.5,0.));
#12945 = VECTOR('',#12946,1.);
#12946 = DIRECTION('',(0.,-1.));
#12947 = ( GEOMETRIC_REPRESENTATION_CONTEXT(2) 
PARAMETRIC_REPRESENTATION_CONTEXT() REPRESENTATION_CONTEXT('2D SPACE',''
  ) );
#12948 = PCURVE('',#12844,#12949);
#12949 = DEFINITIONAL_REPRESENTATION('',(#12950),#12954);
#12950 = LINE('',#12951,#12952);
#12951 = CARTESIAN_POINT('',(15.8,0.));
#12952 = VECTOR('',#12953,1.);
#12953 = DIRECTION('',(0.,1.));
#12954 = ( GEOMETRIC_REPRESENTATION_CONTEXT(2) 
PARAMETRIC_REPRESENTATION_CONTEXT() REPRESENTATION_CONTEXT('2D SPACE',''
  ) );
#12955 = ADVANCED_FACE('',(#12956),#12762,.F.);
#12956 = FACE_BOUND('',#12957,.F.);
#12957 = EDGE_LOOP('',(#12958,#12979,#12980,#13001));
#12958 = ORIENTED_EDGE('',*,*,#12959,.F.);
#12959 = EDGE_CURVE('',#12740,#12860,#12960,.T.);
#12960 = SURFACE_CURVE('',#12961,(#12965,#12972),.PCURVE_S1.);
#12961 = LINE('',#12962,#12963);
#12962 = CARTESIAN_POINT('',(34.7329094,-48.7100022,1.6));
#12963 = VECTOR('',#12964,1.);
#12964 = DIRECTION('',(1.,0.,0.));
#12965 = PCURVE('',#12762,#12966);
#12966 = DEFINITIONAL_REPRESENTATION('',(#12967),#12971);
#12967 = LINE('',#12968,#12969);
#12968 = CARTESIAN_POINT('',(0.,0.));
#12969 = VECTOR('',#12970,1.);
#12970 = DIRECTION('',(0.,1.));
#12971 = ( GEOMETRIC_REPRESENTATION_CONTEXT(2) 
PARAMETRIC_REPRESENTATION_CONTEXT() REPRESENTATION_CONTEXT('2D SPACE',''
  ) );
#12972 = PCURVE('',#12790,#12973);
#12973 = DEFINITIONAL_REPRESENTATION('',(#12974),#12978);
#12974 = LINE('',#12975,#12976);
#12975 = CARTESIAN_POINT('',(0.,0.));
#12976 = VECTOR('',#12977,1.);
#12977 = DIRECTION('',(1.,0.));
#12978 = ( GEOMETRIC_REPRESENTATION_CONTEXT(2) 
PARAMETRIC_REPRESENTATION_CONTEXT() REPRESENTATION_CONTEXT('2D SPACE',''
  ) );
#12979 = ORIENTED_EDGE('',*,*,#12739,.T.);
#12980 = ORIENTED_EDGE('',*,*,#12981,.T.);
#12981 = EDGE_CURVE('',#12742,#12862,#12982,.T.);
#12982 = SURFACE_CURVE('',#12983,(#12987,#12994),.PCURVE_S1.);
#12983 = LINE('',#12984,#12985);
#12984 = CARTESIAN_POINT('',(34.7329094,-48.7100022,13.1));
#12985 = VECTOR('',#12986,1.);
#12986 = DIRECTION('',(1.,0.,0.));
#12987 = PCURVE('',#12762,#12988);
#12988 = DEFINITIONAL_REPRESENTATION('',(#12989),#12993);
#12989 = LINE('',#12990,#12991);
#12990 = CARTESIAN_POINT('',(11.5,0.));
#12991 = VECTOR('',#12992,1.);
#12992 = DIRECTION('',(0.,1.));
#12993 = ( GEOMETRIC_REPRESENTATION_CONTEXT(2) 
PARAMETRIC_REPRESENTATION_CONTEXT() REPRESENTATION_CONTEXT('2D SPACE',''
  ) );
#12994 = PCURVE('',#12844,#12995);
#12995 = DEFINITIONAL_REPRESENTATION('',(#12996),#13000);
#12996 = LINE('',#12997,#12998);
#12997 = CARTESIAN_POINT('',(0.,0.));
#12998 = VECTOR('',#12999,1.);
#12999 = DIRECTION('',(1.,0.));
#13000 = ( GEOMETRIC_REPRESENTATION_CONTEXT(2) 
PARAMETRIC_REPRESENTATION_CONTEXT() REPRESENTATION_CONTEXT('2D SPACE',''
  ) );
#13001 = ORIENTED_EDGE('',*,*,#12859,.F.);
#13002 = ADVANCED_FACE('',(#13003),#12818,.T.);
#13003 = FACE_BOUND('',#13004,.T.);
#13004 = EDGE_LOOP('',(#13005,#13026,#13027,#13048));
#13005 = ORIENTED_EDGE('',*,*,#13006,.F.);
#13006 = EDGE_CURVE('',#12775,#12890,#13007,.T.);
#13007 = SURFACE_CURVE('',#13008,(#13012,#13019),.PCURVE_S1.);
#13008 = LINE('',#13009,#13010);
#13009 = CARTESIAN_POINT('',(34.7329094,-32.9100022,1.6));
#13010 = VECTOR('',#13011,1.);
#13011 = DIRECTION('',(1.,0.,0.));
#13012 = PCURVE('',#12818,#13013);
#13013 = DEFINITIONAL_REPRESENTATION('',(#13014),#13018);
#13014 = LINE('',#13015,#13016);
#13015 = CARTESIAN_POINT('',(0.,0.));
#13016 = VECTOR('',#13017,1.);
#13017 = DIRECTION('',(0.,1.));
#13018 = ( GEOMETRIC_REPRESENTATION_CONTEXT(2) 
PARAMETRIC_REPRESENTATION_CONTEXT() REPRESENTATION_CONTEXT('2D SPACE',''
  ) );
#13019 = PCURVE('',#12790,#13020);
#13020 = DEFINITIONAL_REPRESENTATION('',(#13021),#13025);
#13021 = LINE('',#13022,#13023);
#13022 = CARTESIAN_POINT('',(0.,15.8));
#13023 = VECTOR('',#13024,1.);
#13024 = DIRECTION('',(1.,0.));
#13025 = ( GEOMETRIC_REPRESENTATION_CONTEXT(2) 
PARAMETRIC_REPRESENTATION_CONTEXT() REPRESENTATION_CONTEXT('2D SPACE',''
  ) );
#13026 = ORIENTED_EDGE('',*,*,#12802,.T.);
#13027 = ORIENTED_EDGE('',*,*,#13028,.T.);
#13028 = EDGE_CURVE('',#12803,#12913,#13029,.T.);
#13029 = SURFACE_CURVE('',#13030,(#13034,#13041),.PCURVE_S1.);
#13030 = LINE('',#13031,#13032);
#13031 = CARTESIAN_POINT('',(34.7329094,-32.9100022,13.1));
#13032 = VECTOR('',#13033,1.);
#13033 = DIRECTION('',(1.,0.,0.));
#13034 = PCURVE('',#12818,#13035);
#13035 = DEFINITIONAL_REPRESENTATION('',(#13036),#13040);
#13036 = LINE('',#13037,#13038);
#13037 = CARTESIAN_POINT('',(11.5,0.));
#13038 = VECTOR('',#13039,1.);
#13039 = DIRECTION('',(0.,1.));
#13040 = ( GEOMETRIC_REPRESENTATION_CONTEXT(2) 
PARAMETRIC_REPRESENTATION_CONTEXT() REPRESENTATION_CONTEXT('2D SPACE',''
  ) );
#13041 = PCURVE('',#12844,#13042);
#13042 = DEFINITIONAL_REPRESENTATION('',(#13043),#13047);
#13043 = LINE('',#13044,#13045);
#13044 = CARTESIAN_POINT('',(0.,15.8));
#13045 = VECTOR('',#13046,1.);
#13046 = DIRECTION('',(1.,0.));
#13047 = ( GEOMETRIC_REPRESENTATION_CONTEXT(2) 
PARAMETRIC_REPRESENTATION_CONTEXT() REPRESENTATION_CONTEXT('2D SPACE',''
  ) );
#13048 = ORIENTED_EDGE('',*,*,#12912,.F.);
#13049 = ADVANCED_FACE('',(#13050),#12790,.F.);
#13050 = FACE_BOUND('',#13051,.F.);
#13051 = EDGE_LOOP('',(#13052,#13053,#13054,#13055));
#13052 = ORIENTED_EDGE('',*,*,#12774,.F.);
#13053 = ORIENTED_EDGE('',*,*,#12959,.T.);
#13054 = ORIENTED_EDGE('',*,*,#12889,.T.);
#13055 = ORIENTED_EDGE('',*,*,#13006,.F.);
#13056 = ADVANCED_FACE('',(#13057),#12844,.T.);
#13057 = FACE_BOUND('',#13058,.T.);
#13058 = EDGE_LOOP('',(#13059,#13060,#13061,#13062));
#13059 = ORIENTED_EDGE('',*,*,#12830,.F.);
#13060 = ORIENTED_EDGE('',*,*,#12981,.T.);
#13061 = ORIENTED_EDGE('',*,*,#12935,.T.);
#13062 = ORIENTED_EDGE('',*,*,#13028,.F.);
#13063 = ( GEOMETRIC_REPRESENTATION_CONTEXT(3) 
GLOBAL_UNCERTAINTY_ASSIGNED_CONTEXT((#13067)) 
GLOBAL_UNIT_ASSIGNED_CONTEXT((#13064,#13065,#13066)) 
REPRESENTATION_CONTEXT('Context #1',
  '3D Context with UNIT and UNCERTAINTY') );
#13064 = ( LENGTH_UNIT() NAMED_UNIT(*) SI_UNIT(.MILLI.,.METRE.) );
#13065 = ( NAMED_UNIT(*) PLANE_ANGLE_UNIT() SI_UNIT($,.RADIAN.) );
#13066 = ( NAMED_UNIT(*) SI_UNIT($,.STERADIAN.) SOLID_ANGLE_UNIT() );
#13067 = UNCERTAINTY_MEASURE_WITH_UNIT(LENGTH_MEASURE(1.E-07),#13064,
  'distance_accuracy_value','confusion accuracy');
#13068 = CONTEXT_DEPENDENT_SHAPE_REPRESENTATION(#13069,#13071);
#13069 = ( REPRESENTATION_RELATIONSHIP('','',#12732,#10) 
REPRESENTATION_RELATIONSHIP_WITH_TRANSFORMATION(#13070) 
SHAPE_REPRESENTATION_RELATIONSHIP() );
#13070 = ITEM_DEFINED_TRANSFORMATION('','',#11,#95);
#13071 = PRODUCT_DEFINITION_SHAPE('Placement','Placement of an item',
  #13072);
#13072 = NEXT_ASSEMBLY_USAGE_OCCURRENCE('36','','',#5,#12727,$);
#13073 = PRODUCT_RELATED_PRODUCT_CATEGORY('part',$,(#12729));
#13074 = SHAPE_DEFINITION_REPRESENTATION(#13075,#13081);
#13075 = PRODUCT_DEFINITION_SHAPE('','',#13076);
#13076 = PRODUCT_DEFINITION('design','',#13077,#13080);
#13077 = PRODUCT_DEFINITION_FORMATION('','',#13078);
#13078 = PRODUCT('Open CASCADE STEP translator 7.9 5.22',
  'Open CASCADE STEP translator 7.9 5.22','',(#13079));
#13079 = PRODUCT_CONTEXT('',#2,'mechanical');
#13080 = PRODUCT_DEFINITION_CONTEXT('part definition',#2,'design');
#13081 = ADVANCED_BREP_SHAPE_REPRESENTATION('',(#11,#13082),#13412);
#13082 = MANIFOLD_SOLID_BREP('',#13083);
#13083 = CLOSED_SHELL('',(#13084,#13204,#13304,#13351,#13398,#13405));
#13084 = ADVANCED_FACE('',(#13085),#13099,.F.);
#13085 = FACE_BOUND('',#13086,.F.);
#13086 = EDGE_LOOP('',(#13087,#13122,#13150,#13178));
#13087 = ORIENTED_EDGE('',*,*,#13088,.F.);
#13088 = EDGE_CURVE('',#13089,#13091,#13093,.T.);
#13089 = VERTEX_POINT('',#13090);
#13090 = CARTESIAN_POINT('',(33.5329094,-49.9100022,11.1));
#13091 = VERTEX_POINT('',#13092);
#13092 = CARTESIAN_POINT('',(33.5329094,-49.9100022,20.3));
#13093 = SURFACE_CURVE('',#13094,(#13098,#13110),.PCURVE_S1.);
#13094 = LINE('',#13095,#13096);
#13095 = CARTESIAN_POINT('',(33.5329094,-49.9100022,11.1));
#13096 = VECTOR('',#13097,1.);
#13097 = DIRECTION('',(0.,0.,1.));
#13098 = PCURVE('',#13099,#13104);
#13099 = PLANE('',#13100);
#13100 = AXIS2_PLACEMENT_3D('',#13101,#13102,#13103);
#13101 = CARTESIAN_POINT('',(33.5329094,-49.9100022,11.1));
#13102 = DIRECTION('',(1.,0.,0.));
#13103 = DIRECTION('',(0.,0.,1.));
#13104 = DEFINITIONAL_REPRESENTATION('',(#13105),#13109);
#13105 = LINE('',#13106,#13107);
#13106 = CARTESIAN_POINT('',(0.,0.));
#13107 = VECTOR('',#13108,1.);
#13108 = DIRECTION('',(1.,0.));
#13109 = ( GEOMETRIC_REPRESENTATION_CONTEXT(2) 
PARAMETRIC_REPRESENTATION_CONTEXT() REPRESENTATION_CONTEXT('2D SPACE',''
  ) );
#13110 = PCURVE('',#13111,#13116);
#13111 = PLANE('',#13112);
#13112 = AXIS2_PLACEMENT_3D('',#13113,#13114,#13115);
#13113 = CARTESIAN_POINT('',(33.5329094,-49.9100022,11.1));
#13114 = DIRECTION('',(0.,1.,0.));
#13115 = DIRECTION('',(0.,0.,1.));
#13116 = DEFINITIONAL_REPRESENTATION('',(#13117),#13121);
#13117 = LINE('',#13118,#13119);
#13118 = CARTESIAN_POINT('',(0.,0.));
#13119 = VECTOR('',#13120,1.);
#13120 = DIRECTION('',(1.,0.));
#13121 = ( GEOMETRIC_REPRESENTATION_CONTEXT(2) 
PARAMETRIC_REPRESENTATION_CONTEXT() REPRESENTATION_CONTEXT('2D SPACE',''
  ) );
#13122 = ORIENTED_EDGE('',*,*,#13123,.T.);
#13123 = EDGE_CURVE('',#13089,#13124,#13126,.T.);
#13124 = VERTEX_POINT('',#13125);
#13125 = CARTESIAN_POINT('',(33.5329094,-31.7100022,11.1));
#13126 = SURFACE_CURVE('',#13127,(#13131,#13138),.PCURVE_S1.);
#13127 = LINE('',#13128,#13129);
#13128 = CARTESIAN_POINT('',(33.5329094,-49.9100022,11.1));
#13129 = VECTOR('',#13130,1.);
#13130 = DIRECTION('',(0.,1.,0.));
#13131 = PCURVE('',#13099,#13132);
#13132 = DEFINITIONAL_REPRESENTATION('',(#13133),#13137);
#13133 = LINE('',#13134,#13135);
#13134 = CARTESIAN_POINT('',(0.,0.));
#13135 = VECTOR('',#13136,1.);
#13136 = DIRECTION('',(0.,-1.));
#13137 = ( GEOMETRIC_REPRESENTATION_CONTEXT(2) 
PARAMETRIC_REPRESENTATION_CONTEXT() REPRESENTATION_CONTEXT('2D SPACE',''
  ) );
#13138 = PCURVE('',#13139,#13144);
#13139 = PLANE('',#13140);
#13140 = AXIS2_PLACEMENT_3D('',#13141,#13142,#13143);
#13141 = CARTESIAN_POINT('',(33.5329094,-49.9100022,11.1));
#13142 = DIRECTION('',(0.,0.,1.));
#13143 = DIRECTION('',(1.,0.,0.));
#13144 = DEFINITIONAL_REPRESENTATION('',(#13145),#13149);
#13145 = LINE('',#13146,#13147);
#13146 = CARTESIAN_POINT('',(0.,0.));
#13147 = VECTOR('',#13148,1.);
#13148 = DIRECTION('',(0.,1.));
#13149 = ( GEOMETRIC_REPRESENTATION_CONTEXT(2) 
PARAMETRIC_REPRESENTATION_CONTEXT() REPRESENTATION_CONTEXT('2D SPACE',''
  ) );
#13150 = ORIENTED_EDGE('',*,*,#13151,.T.);
#13151 = EDGE_CURVE('',#13124,#13152,#13154,.T.);
#13152 = VERTEX_POINT('',#13153);
#13153 = CARTESIAN_POINT('',(33.5329094,-31.7100022,20.3));
#13154 = SURFACE_CURVE('',#13155,(#13159,#13166),.PCURVE_S1.);
#13155 = LINE('',#13156,#13157);
#13156 = CARTESIAN_POINT('',(33.5329094,-31.7100022,11.1));
#13157 = VECTOR('',#13158,1.);
#13158 = DIRECTION('',(0.,0.,1.));
#13159 = PCURVE('',#13099,#13160);
#13160 = DEFINITIONAL_REPRESENTATION('',(#13161),#13165);
#13161 = LINE('',#13162,#13163);
#13162 = CARTESIAN_POINT('',(0.,-18.2));
#13163 = VECTOR('',#13164,1.);
#13164 = DIRECTION('',(1.,0.));
#13165 = ( GEOMETRIC_REPRESENTATION_CONTEXT(2) 
PARAMETRIC_REPRESENTATION_CONTEXT() REPRESENTATION_CONTEXT('2D SPACE',''
  ) );
#13166 = PCURVE('',#13167,#13172);
#13167 = PLANE('',#13168);
#13168 = AXIS2_PLACEMENT_3D('',#13169,#13170,#13171);
#13169 = CARTESIAN_POINT('',(33.5329094,-31.7100022,11.1));
#13170 = DIRECTION('',(0.,1.,0.));
#13171 = DIRECTION('',(0.,0.,1.));
#13172 = DEFINITIONAL_REPRESENTATION('',(#13173),#13177);
#13173 = LINE('',#13174,#13175);
#13174 = CARTESIAN_POINT('',(0.,0.));
#13175 = VECTOR('',#13176,1.);
#13176 = DIRECTION('',(1.,0.));
#13177 = ( GEOMETRIC_REPRESENTATION_CONTEXT(2) 
PARAMETRIC_REPRESENTATION_CONTEXT() REPRESENTATION_CONTEXT('2D SPACE',''
  ) );
#13178 = ORIENTED_EDGE('',*,*,#13179,.F.);
#13179 = EDGE_CURVE('',#13091,#13152,#13180,.T.);
#13180 = SURFACE_CURVE('',#13181,(#13185,#13192),.PCURVE_S1.);
#13181 = LINE('',#13182,#13183);
#13182 = CARTESIAN_POINT('',(33.5329094,-49.9100022,20.3));
#13183 = VECTOR('',#13184,1.);
#13184 = DIRECTION('',(0.,1.,0.));
#13185 = PCURVE('',#13099,#13186);
#13186 = DEFINITIONAL_REPRESENTATION('',(#13187),#13191);
#13187 = LINE('',#13188,#13189);
#13188 = CARTESIAN_POINT('',(9.2,0.));
#13189 = VECTOR('',#13190,1.);
#13190 = DIRECTION('',(0.,-1.));
#13191 = ( GEOMETRIC_REPRESENTATION_CONTEXT(2) 
PARAMETRIC_REPRESENTATION_CONTEXT() REPRESENTATION_CONTEXT('2D SPACE',''
  ) );
#13192 = PCURVE('',#13193,#13198);
#13193 = PLANE('',#13194);
#13194 = AXIS2_PLACEMENT_3D('',#13195,#13196,#13197);
#13195 = CARTESIAN_POINT('',(33.5329094,-49.9100022,20.3));
#13196 = DIRECTION('',(0.,0.,1.));
#13197 = DIRECTION('',(1.,0.,0.));
#13198 = DEFINITIONAL_REPRESENTATION('',(#13199),#13203);
#13199 = LINE('',#13200,#13201);
#13200 = CARTESIAN_POINT('',(0.,0.));
#13201 = VECTOR('',#13202,1.);
#13202 = DIRECTION('',(0.,1.));
#13203 = ( GEOMETRIC_REPRESENTATION_CONTEXT(2) 
PARAMETRIC_REPRESENTATION_CONTEXT() REPRESENTATION_CONTEXT('2D SPACE',''
  ) );
#13204 = ADVANCED_FACE('',(#13205),#13219,.T.);
#13205 = FACE_BOUND('',#13206,.T.);
#13206 = EDGE_LOOP('',(#13207,#13237,#13260,#13283));
#13207 = ORIENTED_EDGE('',*,*,#13208,.F.);
#13208 = EDGE_CURVE('',#13209,#13211,#13213,.T.);
#13209 = VERTEX_POINT('',#13210);
#13210 = CARTESIAN_POINT('',(51.7329094,-49.9100022,11.1));
#13211 = VERTEX_POINT('',#13212);
#13212 = CARTESIAN_POINT('',(51.7329094,-49.9100022,20.3));
#13213 = SURFACE_CURVE('',#13214,(#13218,#13230),.PCURVE_S1.);
#13214 = LINE('',#13215,#13216);
#13215 = CARTESIAN_POINT('',(51.7329094,-49.9100022,11.1));
#13216 = VECTOR('',#13217,1.);
#13217 = DIRECTION('',(0.,0.,1.));
#13218 = PCURVE('',#13219,#13224);
#13219 = PLANE('',#13220);
#13220 = AXIS2_PLACEMENT_3D('',#13221,#13222,#13223);
#13221 = CARTESIAN_POINT('',(51.7329094,-49.9100022,11.1));
#13222 = DIRECTION('',(1.,0.,0.));
#13223 = DIRECTION('',(0.,0.,1.));
#13224 = DEFINITIONAL_REPRESENTATION('',(#13225),#13229);
#13225 = LINE('',#13226,#13227);
#13226 = CARTESIAN_POINT('',(0.,0.));
#13227 = VECTOR('',#13228,1.);
#13228 = DIRECTION('',(1.,0.));
#13229 = ( GEOMETRIC_REPRESENTATION_CONTEXT(2) 
PARAMETRIC_REPRESENTATION_CONTEXT() REPRESENTATION_CONTEXT('2D SPACE',''
  ) );
#13230 = PCURVE('',#13111,#13231);
#13231 = DEFINITIONAL_REPRESENTATION('',(#13232),#13236);
#13232 = LINE('',#13233,#13234);
#13233 = CARTESIAN_POINT('',(0.,18.2));
#13234 = VECTOR('',#13235,1.);
#13235 = DIRECTION('',(1.,0.));
#13236 = ( GEOMETRIC_REPRESENTATION_CONTEXT(2) 
PARAMETRIC_REPRESENTATION_CONTEXT() REPRESENTATION_CONTEXT('2D SPACE',''
  ) );
#13237 = ORIENTED_EDGE('',*,*,#13238,.T.);
#13238 = EDGE_CURVE('',#13209,#13239,#13241,.T.);
#13239 = VERTEX_POINT('',#13240);
#13240 = CARTESIAN_POINT('',(51.7329094,-31.7100022,11.1));
#13241 = SURFACE_CURVE('',#13242,(#13246,#13253),.PCURVE_S1.);
#13242 = LINE('',#13243,#13244);
#13243 = CARTESIAN_POINT('',(51.7329094,-49.9100022,11.1));
#13244 = VECTOR('',#13245,1.);
#13245 = DIRECTION('',(0.,1.,0.));
#13246 = PCURVE('',#13219,#13247);
#13247 = DEFINITIONAL_REPRESENTATION('',(#13248),#13252);
#13248 = LINE('',#13249,#13250);
#13249 = CARTESIAN_POINT('',(0.,0.));
#13250 = VECTOR('',#13251,1.);
#13251 = DIRECTION('',(0.,-1.));
#13252 = ( GEOMETRIC_REPRESENTATION_CONTEXT(2) 
PARAMETRIC_REPRESENTATION_CONTEXT() REPRESENTATION_CONTEXT('2D SPACE',''
  ) );
#13253 = PCURVE('',#13139,#13254);
#13254 = DEFINITIONAL_REPRESENTATION('',(#13255),#13259);
#13255 = LINE('',#13256,#13257);
#13256 = CARTESIAN_POINT('',(18.2,0.));
#13257 = VECTOR('',#13258,1.);
#13258 = DIRECTION('',(0.,1.));
#13259 = ( GEOMETRIC_REPRESENTATION_CONTEXT(2) 
PARAMETRIC_REPRESENTATION_CONTEXT() REPRESENTATION_CONTEXT('2D SPACE',''
  ) );
#13260 = ORIENTED_EDGE('',*,*,#13261,.T.);
#13261 = EDGE_CURVE('',#13239,#13262,#13264,.T.);
#13262 = VERTEX_POINT('',#13263);
#13263 = CARTESIAN_POINT('',(51.7329094,-31.7100022,20.3));
#13264 = SURFACE_CURVE('',#13265,(#13269,#13276),.PCURVE_S1.);
#13265 = LINE('',#13266,#13267);
#13266 = CARTESIAN_POINT('',(51.7329094,-31.7100022,11.1));
#13267 = VECTOR('',#13268,1.);
#13268 = DIRECTION('',(0.,0.,1.));
#13269 = PCURVE('',#13219,#13270);
#13270 = DEFINITIONAL_REPRESENTATION('',(#13271),#13275);
#13271 = LINE('',#13272,#13273);
#13272 = CARTESIAN_POINT('',(0.,-18.2));
#13273 = VECTOR('',#13274,1.);
#13274 = DIRECTION('',(1.,0.));
#13275 = ( GEOMETRIC_REPRESENTATION_CONTEXT(2) 
PARAMETRIC_REPRESENTATION_CONTEXT() REPRESENTATION_CONTEXT('2D SPACE',''
  ) );
#13276 = PCURVE('',#13167,#13277);
#13277 = DEFINITIONAL_REPRESENTATION('',(#13278),#13282);
#13278 = LINE('',#13279,#13280);
#13279 = CARTESIAN_POINT('',(0.,18.2));
#13280 = VECTOR('',#13281,1.);
#13281 = DIRECTION('',(1.,0.));
#13282 = ( GEOMETRIC_REPRESENTATION_CONTEXT(2) 
PARAMETRIC_REPRESENTATION_CONTEXT() REPRESENTATION_CONTEXT('2D SPACE',''
  ) );
#13283 = ORIENTED_EDGE('',*,*,#13284,.F.);
#13284 = EDGE_CURVE('',#13211,#13262,#13285,.T.);
#13285 = SURFACE_CURVE('',#13286,(#13290,#13297),.PCURVE_S1.);
#13286 = LINE('',#13287,#13288);
#13287 = CARTESIAN_POINT('',(51.7329094,-49.9100022,20.3));
#13288 = VECTOR('',#13289,1.);
#13289 = DIRECTION('',(0.,1.,0.));
#13290 = PCURVE('',#13219,#13291);
#13291 = DEFINITIONAL_REPRESENTATION('',(#13292),#13296);
#13292 = LINE('',#13293,#13294);
#13293 = CARTESIAN_POINT('',(9.2,0.));
#13294 = VECTOR('',#13295,1.);
#13295 = DIRECTION('',(0.,-1.));
#13296 = ( GEOMETRIC_REPRESENTATION_CONTEXT(2) 
PARAMETRIC_REPRESENTATION_CONTEXT() REPRESENTATION_CONTEXT('2D SPACE',''
  ) );
#13297 = PCURVE('',#13193,#13298);
#13298 = DEFINITIONAL_REPRESENTATION('',(#13299),#13303);
#13299 = LINE('',#13300,#13301);
#13300 = CARTESIAN_POINT('',(18.2,0.));
#13301 = VECTOR('',#13302,1.);
#13302 = DIRECTION('',(0.,1.));
#13303 = ( GEOMETRIC_REPRESENTATION_CONTEXT(2) 
PARAMETRIC_REPRESENTATION_CONTEXT() REPRESENTATION_CONTEXT('2D SPACE',''
  ) );
#13304 = ADVANCED_FACE('',(#13305),#13111,.F.);
#13305 = FACE_BOUND('',#13306,.F.);
#13306 = EDGE_LOOP('',(#13307,#13328,#13329,#13350));
#13307 = ORIENTED_EDGE('',*,*,#13308,.F.);
#13308 = EDGE_CURVE('',#13089,#13209,#13309,.T.);
#13309 = SURFACE_CURVE('',#13310,(#13314,#13321),.PCURVE_S1.);
#13310 = LINE('',#13311,#13312);
#13311 = CARTESIAN_POINT('',(33.5329094,-49.9100022,11.1));
#13312 = VECTOR('',#13313,1.);
#13313 = DIRECTION('',(1.,0.,0.));
#13314 = PCURVE('',#13111,#13315);
#13315 = DEFINITIONAL_REPRESENTATION('',(#13316),#13320);
#13316 = LINE('',#13317,#13318);
#13317 = CARTESIAN_POINT('',(0.,0.));
#13318 = VECTOR('',#13319,1.);
#13319 = DIRECTION('',(0.,1.));
#13320 = ( GEOMETRIC_REPRESENTATION_CONTEXT(2) 
PARAMETRIC_REPRESENTATION_CONTEXT() REPRESENTATION_CONTEXT('2D SPACE',''
  ) );
#13321 = PCURVE('',#13139,#13322);
#13322 = DEFINITIONAL_REPRESENTATION('',(#13323),#13327);
#13323 = LINE('',#13324,#13325);
#13324 = CARTESIAN_POINT('',(0.,0.));
#13325 = VECTOR('',#13326,1.);
#13326 = DIRECTION('',(1.,0.));
#13327 = ( GEOMETRIC_REPRESENTATION_CONTEXT(2) 
PARAMETRIC_REPRESENTATION_CONTEXT() REPRESENTATION_CONTEXT('2D SPACE',''
  ) );
#13328 = ORIENTED_EDGE('',*,*,#13088,.T.);
#13329 = ORIENTED_EDGE('',*,*,#13330,.T.);
#13330 = EDGE_CURVE('',#13091,#13211,#13331,.T.);
#13331 = SURFACE_CURVE('',#13332,(#13336,#13343),.PCURVE_S1.);
#13332 = LINE('',#13333,#13334);
#13333 = CARTESIAN_POINT('',(33.5329094,-49.9100022,20.3));
#13334 = VECTOR('',#13335,1.);
#13335 = DIRECTION('',(1.,0.,0.));
#13336 = PCURVE('',#13111,#13337);
#13337 = DEFINITIONAL_REPRESENTATION('',(#13338),#13342);
#13338 = LINE('',#13339,#13340);
#13339 = CARTESIAN_POINT('',(9.2,0.));
#13340 = VECTOR('',#13341,1.);
#13341 = DIRECTION('',(0.,1.));
#13342 = ( GEOMETRIC_REPRESENTATION_CONTEXT(2) 
PARAMETRIC_REPRESENTATION_CONTEXT() REPRESENTATION_CONTEXT('2D SPACE',''
  ) );
#13343 = PCURVE('',#13193,#13344);
#13344 = DEFINITIONAL_REPRESENTATION('',(#13345),#13349);
#13345 = LINE('',#13346,#13347);
#13346 = CARTESIAN_POINT('',(0.,0.));
#13347 = VECTOR('',#13348,1.);
#13348 = DIRECTION('',(1.,0.));
#13349 = ( GEOMETRIC_REPRESENTATION_CONTEXT(2) 
PARAMETRIC_REPRESENTATION_CONTEXT() REPRESENTATION_CONTEXT('2D SPACE',''
  ) );
#13350 = ORIENTED_EDGE('',*,*,#13208,.F.);
#13351 = ADVANCED_FACE('',(#13352),#13167,.T.);
#13352 = FACE_BOUND('',#13353,.T.);
#13353 = EDGE_LOOP('',(#13354,#13375,#13376,#13397));
#13354 = ORIENTED_EDGE('',*,*,#13355,.F.);
#13355 = EDGE_CURVE('',#13124,#13239,#13356,.T.);
#13356 = SURFACE_CURVE('',#13357,(#13361,#13368),.PCURVE_S1.);
#13357 = LINE('',#13358,#13359);
#13358 = CARTESIAN_POINT('',(33.5329094,-31.7100022,11.1));
#13359 = VECTOR('',#13360,1.);
#13360 = DIRECTION('',(1.,0.,0.));
#13361 = PCURVE('',#13167,#13362);
#13362 = DEFINITIONAL_REPRESENTATION('',(#13363),#13367);
#13363 = LINE('',#13364,#13365);
#13364 = CARTESIAN_POINT('',(0.,0.));
#13365 = VECTOR('',#13366,1.);
#13366 = DIRECTION('',(0.,1.));
#13367 = ( GEOMETRIC_REPRESENTATION_CONTEXT(2) 
PARAMETRIC_REPRESENTATION_CONTEXT() REPRESENTATION_CONTEXT('2D SPACE',''
  ) );
#13368 = PCURVE('',#13139,#13369);
#13369 = DEFINITIONAL_REPRESENTATION('',(#13370),#13374);
#13370 = LINE('',#13371,#13372);
#13371 = CARTESIAN_POINT('',(0.,18.2));
#13372 = VECTOR('',#13373,1.);
#13373 = DIRECTION('',(1.,0.));
#13374 = ( GEOMETRIC_REPRESENTATION_CONTEXT(2) 
PARAMETRIC_REPRESENTATION_CONTEXT() REPRESENTATION_CONTEXT('2D SPACE',''
  ) );
#13375 = ORIENTED_EDGE('',*,*,#13151,.T.);
#13376 = ORIENTED_EDGE('',*,*,#13377,.T.);
#13377 = EDGE_CURVE('',#13152,#13262,#13378,.T.);
#13378 = SURFACE_CURVE('',#13379,(#13383,#13390),.PCURVE_S1.);
#13379 = LINE('',#13380,#13381);
#13380 = CARTESIAN_POINT('',(33.5329094,-31.7100022,20.3));
#13381 = VECTOR('',#13382,1.);
#13382 = DIRECTION('',(1.,0.,0.));
#13383 = PCURVE('',#13167,#13384);
#13384 = DEFINITIONAL_REPRESENTATION('',(#13385),#13389);
#13385 = LINE('',#13386,#13387);
#13386 = CARTESIAN_POINT('',(9.2,0.));
#13387 = VECTOR('',#13388,1.);
#13388 = DIRECTION('',(0.,1.));
#13389 = ( GEOMETRIC_REPRESENTATION_CONTEXT(2) 
PARAMETRIC_REPRESENTATION_CONTEXT() REPRESENTATION_CONTEXT('2D SPACE',''
  ) );
#13390 = PCURVE('',#13193,#13391);
#13391 = DEFINITIONAL_REPRESENTATION('',(#13392),#13396);
#13392 = LINE('',#13393,#13394);
#13393 = CARTESIAN_POINT('',(0.,18.2));
#13394 = VECTOR('',#13395,1.);
#13395 = DIRECTION('',(1.,0.));
#13396 = ( GEOMETRIC_REPRESENTATION_CONTEXT(2) 
PARAMETRIC_REPRESENTATION_CONTEXT() REPRESENTATION_CONTEXT('2D SPACE',''
  ) );
#13397 = ORIENTED_EDGE('',*,*,#13261,.F.);
#13398 = ADVANCED_FACE('',(#13399),#13139,.F.);
#13399 = FACE_BOUND('',#13400,.F.);
#13400 = EDGE_LOOP('',(#13401,#13402,#13403,#13404));
#13401 = ORIENTED_EDGE('',*,*,#13123,.F.);
#13402 = ORIENTED_EDGE('',*,*,#13308,.T.);
#13403 = ORIENTED_EDGE('',*,*,#13238,.T.);
#13404 = ORIENTED_EDGE('',*,*,#13355,.F.);
#13405 = ADVANCED_FACE('',(#13406),#13193,.T.);
#13406 = FACE_BOUND('',#13407,.T.);
#13407 = EDGE_LOOP('',(#13408,#13409,#13410,#13411));
#13408 = ORIENTED_EDGE('',*,*,#13179,.F.);
#13409 = ORIENTED_EDGE('',*,*,#13330,.T.);
#13410 = ORIENTED_EDGE('',*,*,#13284,.T.);
#13411 = ORIENTED_EDGE('',*,*,#13377,.F.);
#13412 = ( GEOMETRIC_REPRESENTATION_CONTEXT(3) 
GLOBAL_UNCERTAINTY_ASSIGNED_CONTEXT((#13416)) 
GLOBAL_UNIT_ASSIGNED_CONTEXT((#13413,#13414,#13415)) 
REPRESENTATION_CONTEXT('Context #1',
  '3D Context with UNIT and UNCERTAINTY') );
#13413 = ( LENGTH_UNIT() NAMED_UNIT(*) SI_UNIT(.MILLI.,.METRE.) );
#13414 = ( NAMED_UNIT(*) PLANE_ANGLE_UNIT() SI_UNIT($,.RADIAN.) );
#13415 = ( NAMED_UNIT(*) SI_UNIT($,.STERADIAN.) SOLID_ANGLE_UNIT() );
#13416 = UNCERTAINTY_MEASURE_WITH_UNIT(LENGTH_MEASURE(1.E-07),#13413,
  'distance_accuracy_value','confusion accuracy');
#13417 = CONTEXT_DEPENDENT_SHAPE_REPRESENTATION(#13418,#13420);
#13418 = ( REPRESENTATION_RELATIONSHIP('','',#13081,#10) 
REPRESENTATION_RELATIONSHIP_WITH_TRANSFORMATION(#13419) 
SHAPE_REPRESENTATION_RELATIONSHIP() );
#13419 = ITEM_DEFINED_TRANSFORMATION('','',#11,#99);
#13420 = PRODUCT_DEFINITION_SHAPE('Placement','Placement of an item',
  #13421);
#13421 = NEXT_ASSEMBLY_USAGE_OCCURRENCE('37','','',#5,#13076,$);
#13422 = PRODUCT_RELATED_PRODUCT_CATEGORY('part',$,(#13078));
#13423 = SHAPE_DEFINITION_REPRESENTATION(#13424,#13430);
#13424 = PRODUCT_DEFINITION_SHAPE('','',#13425);
#13425 = PRODUCT_DEFINITION('design','',#13426,#13429);
#13426 = PRODUCT_DEFINITION_FORMATION('','',#13427);
#13427 = PRODUCT('Open CASCADE STEP translator 7.9 5.23',
  'Open CASCADE STEP translator 7.9 5.23','',(#13428));
#13428 = PRODUCT_CONTEXT('',#2,'mechanical');
#13429 = PRODUCT_DEFINITION_CONTEXT('part definition',#2,'design');
#13430 = ADVANCED_BREP_SHAPE_REPRESENTATION('',(#11,#13431),#13529);
#13431 = MANIFOLD_SOLID_BREP('',#13432);
#13432 = CLOSED_SHELL('',(#13433,#13521,#13525));
#13433 = ADVANCED_FACE('',(#13434),#13448,.T.);
#13434 = FACE_BOUND('',#13435,.F.);
#13435 = EDGE_LOOP('',(#13436,#13466,#13493,#13494));
#13436 = ORIENTED_EDGE('',*,*,#13437,.T.);
#13437 = EDGE_CURVE('',#13438,#13440,#13442,.T.);
#13438 = VERTEX_POINT('',#13439);
#13439 = CARTESIAN_POINT('',(44.5329094,-40.8100022,-1.8));
#13440 = VERTEX_POINT('',#13441);
#13441 = CARTESIAN_POINT('',(44.5329094,-40.8100022,1.7));
#13442 = SEAM_CURVE('',#13443,(#13447,#13459),.PCURVE_S1.);
#13443 = LINE('',#13444,#13445);
#13444 = CARTESIAN_POINT('',(44.5329094,-40.8100022,-1.8));
#13445 = VECTOR('',#13446,1.);
#13446 = DIRECTION('',(0.,0.,1.));
#13447 = PCURVE('',#13448,#13453);
#13448 = CYLINDRICAL_SURFACE('',#13449,1.9);
#13449 = AXIS2_PLACEMENT_3D('',#13450,#13451,#13452);
#13450 = CARTESIAN_POINT('',(42.6329094,-40.8100022,-1.8));
#13451 = DIRECTION('',(-0.,-0.,-1.));
#13452 = DIRECTION('',(1.,0.,0.));
#13453 = DEFINITIONAL_REPRESENTATION('',(#13454),#13458);
#13454 = LINE('',#13455,#13456);
#13455 = CARTESIAN_POINT('',(-0.,0.));
#13456 = VECTOR('',#13457,1.);
#13457 = DIRECTION('',(-0.,-1.));
#13458 = ( GEOMETRIC_REPRESENTATION_CONTEXT(2) 
PARAMETRIC_REPRESENTATION_CONTEXT() REPRESENTATION_CONTEXT('2D SPACE',''
  ) );
#13459 = PCURVE('',#13448,#13460);
#13460 = DEFINITIONAL_REPRESENTATION('',(#13461),#13465);
#13461 = LINE('',#13462,#13463);
#13462 = CARTESIAN_POINT('',(-6.28318530718,0.));
#13463 = VECTOR('',#13464,1.);
#13464 = DIRECTION('',(-0.,-1.));
#13465 = ( GEOMETRIC_REPRESENTATION_CONTEXT(2) 
PARAMETRIC_REPRESENTATION_CONTEXT() REPRESENTATION_CONTEXT('2D SPACE',''
  ) );
#13466 = ORIENTED_EDGE('',*,*,#13467,.T.);
#13467 = EDGE_CURVE('',#13440,#13440,#13468,.T.);
#13468 = SURFACE_CURVE('',#13469,(#13474,#13481),.PCURVE_S1.);
#13469 = CIRCLE('',#13470,1.9);
#13470 = AXIS2_PLACEMENT_3D('',#13471,#13472,#13473);
#13471 = CARTESIAN_POINT('',(42.6329094,-40.8100022,1.7));
#13472 = DIRECTION('',(0.,0.,1.));
#13473 = DIRECTION('',(1.,0.,0.));
#13474 = PCURVE('',#13448,#13475);
#13475 = DEFINITIONAL_REPRESENTATION('',(#13476),#13480);
#13476 = LINE('',#13477,#13478);
#13477 = CARTESIAN_POINT('',(-0.,-3.5));
#13478 = VECTOR('',#13479,1.);
#13479 = DIRECTION('',(-1.,0.));
#13480 = ( GEOMETRIC_REPRESENTATION_CONTEXT(2) 
PARAMETRIC_REPRESENTATION_CONTEXT() REPRESENTATION_CONTEXT('2D SPACE',''
  ) );
#13481 = PCURVE('',#13482,#13487);
#13482 = PLANE('',#13483);
#13483 = AXIS2_PLACEMENT_3D('',#13484,#13485,#13486);
#13484 = CARTESIAN_POINT('',(42.6329094,-40.8100022,1.7));
#13485 = DIRECTION('',(0.,0.,1.));
#13486 = DIRECTION('',(1.,0.,-0.));
#13487 = DEFINITIONAL_REPRESENTATION('',(#13488),#13492);
#13488 = CIRCLE('',#13489,1.9);
#13489 = AXIS2_PLACEMENT_2D('',#13490,#13491);
#13490 = CARTESIAN_POINT('',(0.,0.));
#13491 = DIRECTION('',(1.,0.));
#13492 = ( GEOMETRIC_REPRESENTATION_CONTEXT(2) 
PARAMETRIC_REPRESENTATION_CONTEXT() REPRESENTATION_CONTEXT('2D SPACE',''
  ) );
#13493 = ORIENTED_EDGE('',*,*,#13437,.F.);
#13494 = ORIENTED_EDGE('',*,*,#13495,.F.);
#13495 = EDGE_CURVE('',#13438,#13438,#13496,.T.);
#13496 = SURFACE_CURVE('',#13497,(#13502,#13509),.PCURVE_S1.);
#13497 = CIRCLE('',#13498,1.9);
#13498 = AXIS2_PLACEMENT_3D('',#13499,#13500,#13501);
#13499 = CARTESIAN_POINT('',(42.6329094,-40.8100022,-1.8));
#13500 = DIRECTION('',(0.,0.,1.));
#13501 = DIRECTION('',(1.,0.,0.));
#13502 = PCURVE('',#13448,#13503);
#13503 = DEFINITIONAL_REPRESENTATION('',(#13504),#13508);
#13504 = LINE('',#13505,#13506);
#13505 = CARTESIAN_POINT('',(-0.,0.));
#13506 = VECTOR('',#13507,1.);
#13507 = DIRECTION('',(-1.,0.));
#13508 = ( GEOMETRIC_REPRESENTATION_CONTEXT(2) 
PARAMETRIC_REPRESENTATION_CONTEXT() REPRESENTATION_CONTEXT('2D SPACE',''
  ) );
#13509 = PCURVE('',#13510,#13515);
#13510 = PLANE('',#13511);
#13511 = AXIS2_PLACEMENT_3D('',#13512,#13513,#13514);
#13512 = CARTESIAN_POINT('',(42.6329094,-40.8100022,-1.8));
#13513 = DIRECTION('',(0.,0.,1.));
#13514 = DIRECTION('',(1.,0.,-0.));
#13515 = DEFINITIONAL_REPRESENTATION('',(#13516),#13520);
#13516 = CIRCLE('',#13517,1.9);
#13517 = AXIS2_PLACEMENT_2D('',#13518,#13519);
#13518 = CARTESIAN_POINT('',(0.,0.));
#13519 = DIRECTION('',(1.,0.));
#13520 = ( GEOMETRIC_REPRESENTATION_CONTEXT(2) 
PARAMETRIC_REPRESENTATION_CONTEXT() REPRESENTATION_CONTEXT('2D SPACE',''
  ) );
#13521 = ADVANCED_FACE('',(#13522),#13510,.F.);
#13522 = FACE_BOUND('',#13523,.F.);
#13523 = EDGE_LOOP('',(#13524));
#13524 = ORIENTED_EDGE('',*,*,#13495,.T.);
#13525 = ADVANCED_FACE('',(#13526),#13482,.T.);
#13526 = FACE_BOUND('',#13527,.T.);
#13527 = EDGE_LOOP('',(#13528));
#13528 = ORIENTED_EDGE('',*,*,#13467,.T.);
#13529 = ( GEOMETRIC_REPRESENTATION_CONTEXT(3) 
GLOBAL_UNCERTAINTY_ASSIGNED_CONTEXT((#13533)) 
GLOBAL_UNIT_ASSIGNED_CONTEXT((#13530,#13531,#13532)) 
REPRESENTATION_CONTEXT('Context #1',
  '3D Context with UNIT and UNCERTAINTY') );
#13530 = ( LENGTH_UNIT() NAMED_UNIT(*) SI_UNIT(.MILLI.,.METRE.) );
#13531 = ( NAMED_UNIT(*) PLANE_ANGLE_UNIT() SI_UNIT($,.RADIAN.) );
#13532 = ( NAMED_UNIT(*) SI_UNIT($,.STERADIAN.) SOLID_ANGLE_UNIT() );
#13533 = UNCERTAINTY_MEASURE_WITH_UNIT(LENGTH_MEASURE(1.E-07),#13530,
  'distance_accuracy_value','confusion accuracy');
#13534 = CONTEXT_DEPENDENT_SHAPE_REPRESENTATION(#13535,#13537);
#13535 = ( REPRESENTATION_RELATIONSHIP('','',#13430,#10) 
REPRESENTATION_RELATIONSHIP_WITH_TRANSFORMATION(#13536) 
SHAPE_REPRESENTATION_RELATIONSHIP() );
#13536 = ITEM_DEFINED_TRANSFORMATION('','',#11,#103);
#13537 = PRODUCT_DEFINITION_SHAPE('Placement','Placement of an item',
  #13538);
#13538 = NEXT_ASSEMBLY_USAGE_OCCURRENCE('38','','',#5,#13425,$);
#13539 = PRODUCT_RELATED_PRODUCT_CATEGORY('part',$,(#13427));
#13540 = SHAPE_DEFINITION_REPRESENTATION(#13541,#13547);
#13541 = PRODUCT_DEFINITION_SHAPE('','',#13542);
#13542 = PRODUCT_DEFINITION('design','',#13543,#13546);
#13543 = PRODUCT_DEFINITION_FORMATION('','',#13544);
#13544 = PRODUCT('Open CASCADE STEP translator 7.9 5.24',
  'Open CASCADE STEP translator 7.9 5.24','',(#13545));
#13545 = PRODUCT_CONTEXT('',#2,'mechanical');
#13546 = PRODUCT_DEFINITION_CONTEXT('part definition',#2,'design');
#13547 = ADVANCED_BREP_SHAPE_REPRESENTATION('',(#11,#13548),#13878);
#13548 = MANIFOLD_SOLID_BREP('',#13549);
#13549 = CLOSED_SHELL('',(#13550,#13670,#13770,#13817,#13864,#13871));
#13550 = ADVANCED_FACE('',(#13551),#13565,.F.);
#13551 = FACE_BOUND('',#13552,.F.);
#13552 = EDGE_LOOP('',(#13553,#13588,#13616,#13644));
#13553 = ORIENTED_EDGE('',*,*,#13554,.F.);
#13554 = EDGE_CURVE('',#13555,#13557,#13559,.T.);
#13555 = VERTEX_POINT('',#13556);
#13556 = CARTESIAN_POINT('',(53.783392,-48.7100022,1.6));
#13557 = VERTEX_POINT('',#13558);
#13558 = CARTESIAN_POINT('',(53.783392,-48.7100022,13.1));
#13559 = SURFACE_CURVE('',#13560,(#13564,#13576),.PCURVE_S1.);
#13560 = LINE('',#13561,#13562);
#13561 = CARTESIAN_POINT('',(53.783392,-48.7100022,1.6));
#13562 = VECTOR('',#13563,1.);
#13563 = DIRECTION('',(0.,0.,1.));
#13564 = PCURVE('',#13565,#13570);
#13565 = PLANE('',#13566);
#13566 = AXIS2_PLACEMENT_3D('',#13567,#13568,#13569);
#13567 = CARTESIAN_POINT('',(53.783392,-48.7100022,1.6));
#13568 = DIRECTION('',(1.,0.,0.));
#13569 = DIRECTION('',(0.,0.,1.));
#13570 = DEFINITIONAL_REPRESENTATION('',(#13571),#13575);
#13571 = LINE('',#13572,#13573);
#13572 = CARTESIAN_POINT('',(0.,0.));
#13573 = VECTOR('',#13574,1.);
#13574 = DIRECTION('',(1.,0.));
#13575 = ( GEOMETRIC_REPRESENTATION_CONTEXT(2) 
PARAMETRIC_REPRESENTATION_CONTEXT() REPRESENTATION_CONTEXT('2D SPACE',''
  ) );
#13576 = PCURVE('',#13577,#13582);
#13577 = PLANE('',#13578);
#13578 = AXIS2_PLACEMENT_3D('',#13579,#13580,#13581);
#13579 = CARTESIAN_POINT('',(53.783392,-48.7100022,1.6));
#13580 = DIRECTION('',(0.,1.,0.));
#13581 = DIRECTION('',(0.,0.,1.));
#13582 = DEFINITIONAL_REPRESENTATION('',(#13583),#13587);
#13583 = LINE('',#13584,#13585);
#13584 = CARTESIAN_POINT('',(0.,0.));
#13585 = VECTOR('',#13586,1.);
#13586 = DIRECTION('',(1.,0.));
#13587 = ( GEOMETRIC_REPRESENTATION_CONTEXT(2) 
PARAMETRIC_REPRESENTATION_CONTEXT() REPRESENTATION_CONTEXT('2D SPACE',''
  ) );
#13588 = ORIENTED_EDGE('',*,*,#13589,.T.);
#13589 = EDGE_CURVE('',#13555,#13590,#13592,.T.);
#13590 = VERTEX_POINT('',#13591);
#13591 = CARTESIAN_POINT('',(53.783392,-32.9100022,1.6));
#13592 = SURFACE_CURVE('',#13593,(#13597,#13604),.PCURVE_S1.);
#13593 = LINE('',#13594,#13595);
#13594 = CARTESIAN_POINT('',(53.783392,-48.7100022,1.6));
#13595 = VECTOR('',#13596,1.);
#13596 = DIRECTION('',(0.,1.,0.));
#13597 = PCURVE('',#13565,#13598);
#13598 = DEFINITIONAL_REPRESENTATION('',(#13599),#13603);
#13599 = LINE('',#13600,#13601);
#13600 = CARTESIAN_POINT('',(0.,0.));
#13601 = VECTOR('',#13602,1.);
#13602 = DIRECTION('',(0.,-1.));
#13603 = ( GEOMETRIC_REPRESENTATION_CONTEXT(2) 
PARAMETRIC_REPRESENTATION_CONTEXT() REPRESENTATION_CONTEXT('2D SPACE',''
  ) );
#13604 = PCURVE('',#13605,#13610);
#13605 = PLANE('',#13606);
#13606 = AXIS2_PLACEMENT_3D('',#13607,#13608,#13609);
#13607 = CARTESIAN_POINT('',(53.783392,-48.7100022,1.6));
#13608 = DIRECTION('',(0.,0.,1.));
#13609 = DIRECTION('',(1.,0.,0.));
#13610 = DEFINITIONAL_REPRESENTATION('',(#13611),#13615);
#13611 = LINE('',#13612,#13613);
#13612 = CARTESIAN_POINT('',(0.,0.));
#13613 = VECTOR('',#13614,1.);
#13614 = DIRECTION('',(0.,1.));
#13615 = ( GEOMETRIC_REPRESENTATION_CONTEXT(2) 
PARAMETRIC_REPRESENTATION_CONTEXT() REPRESENTATION_CONTEXT('2D SPACE',''
  ) );
#13616 = ORIENTED_EDGE('',*,*,#13617,.T.);
#13617 = EDGE_CURVE('',#13590,#13618,#13620,.T.);
#13618 = VERTEX_POINT('',#13619);
#13619 = CARTESIAN_POINT('',(53.783392,-32.9100022,13.1));
#13620 = SURFACE_CURVE('',#13621,(#13625,#13632),.PCURVE_S1.);
#13621 = LINE('',#13622,#13623);
#13622 = CARTESIAN_POINT('',(53.783392,-32.9100022,1.6));
#13623 = VECTOR('',#13624,1.);
#13624 = DIRECTION('',(0.,0.,1.));
#13625 = PCURVE('',#13565,#13626);
#13626 = DEFINITIONAL_REPRESENTATION('',(#13627),#13631);
#13627 = LINE('',#13628,#13629);
#13628 = CARTESIAN_POINT('',(0.,-15.8));
#13629 = VECTOR('',#13630,1.);
#13630 = DIRECTION('',(1.,0.));
#13631 = ( GEOMETRIC_REPRESENTATION_CONTEXT(2) 
PARAMETRIC_REPRESENTATION_CONTEXT() REPRESENTATION_CONTEXT('2D SPACE',''
  ) );
#13632 = PCURVE('',#13633,#13638);
#13633 = PLANE('',#13634);
#13634 = AXIS2_PLACEMENT_3D('',#13635,#13636,#13637);
#13635 = CARTESIAN_POINT('',(53.783392,-32.9100022,1.6));
#13636 = DIRECTION('',(0.,1.,0.));
#13637 = DIRECTION('',(0.,0.,1.));
#13638 = DEFINITIONAL_REPRESENTATION('',(#13639),#13643);
#13639 = LINE('',#13640,#13641);
#13640 = CARTESIAN_POINT('',(0.,0.));
#13641 = VECTOR('',#13642,1.);
#13642 = DIRECTION('',(1.,0.));
#13643 = ( GEOMETRIC_REPRESENTATION_CONTEXT(2) 
PARAMETRIC_REPRESENTATION_CONTEXT() REPRESENTATION_CONTEXT('2D SPACE',''
  ) );
#13644 = ORIENTED_EDGE('',*,*,#13645,.F.);
#13645 = EDGE_CURVE('',#13557,#13618,#13646,.T.);
#13646 = SURFACE_CURVE('',#13647,(#13651,#13658),.PCURVE_S1.);
#13647 = LINE('',#13648,#13649);
#13648 = CARTESIAN_POINT('',(53.783392,-48.7100022,13.1));
#13649 = VECTOR('',#13650,1.);
#13650 = DIRECTION('',(0.,1.,0.));
#13651 = PCURVE('',#13565,#13652);
#13652 = DEFINITIONAL_REPRESENTATION('',(#13653),#13657);
#13653 = LINE('',#13654,#13655);
#13654 = CARTESIAN_POINT('',(11.5,0.));
#13655 = VECTOR('',#13656,1.);
#13656 = DIRECTION('',(0.,-1.));
#13657 = ( GEOMETRIC_REPRESENTATION_CONTEXT(2) 
PARAMETRIC_REPRESENTATION_CONTEXT() REPRESENTATION_CONTEXT('2D SPACE',''
  ) );
#13658 = PCURVE('',#13659,#13664);
#13659 = PLANE('',#13660);
#13660 = AXIS2_PLACEMENT_3D('',#13661,#13662,#13663);
#13661 = CARTESIAN_POINT('',(53.783392,-48.7100022,13.1));
#13662 = DIRECTION('',(0.,0.,1.));
#13663 = DIRECTION('',(1.,0.,0.));
#13664 = DEFINITIONAL_REPRESENTATION('',(#13665),#13669);
#13665 = LINE('',#13666,#13667);
#13666 = CARTESIAN_POINT('',(0.,0.));
#13667 = VECTOR('',#13668,1.);
#13668 = DIRECTION('',(0.,1.));
#13669 = ( GEOMETRIC_REPRESENTATION_CONTEXT(2) 
PARAMETRIC_REPRESENTATION_CONTEXT() REPRESENTATION_CONTEXT('2D SPACE',''
  ) );
#13670 = ADVANCED_FACE('',(#13671),#13685,.T.);
#13671 = FACE_BOUND('',#13672,.T.);
#13672 = EDGE_LOOP('',(#13673,#13703,#13726,#13749));
#13673 = ORIENTED_EDGE('',*,*,#13674,.F.);
#13674 = EDGE_CURVE('',#13675,#13677,#13679,.T.);
#13675 = VERTEX_POINT('',#13676);
#13676 = CARTESIAN_POINT('',(69.583392,-48.7100022,1.6));
#13677 = VERTEX_POINT('',#13678);
#13678 = CARTESIAN_POINT('',(69.583392,-48.7100022,13.1));
#13679 = SURFACE_CURVE('',#13680,(#13684,#13696),.PCURVE_S1.);
#13680 = LINE('',#13681,#13682);
#13681 = CARTESIAN_POINT('',(69.583392,-48.7100022,1.6));
#13682 = VECTOR('',#13683,1.);
#13683 = DIRECTION('',(0.,0.,1.));
#13684 = PCURVE('',#13685,#13690);
#13685 = PLANE('',#13686);
#13686 = AXIS2_PLACEMENT_3D('',#13687,#13688,#13689);
#13687 = CARTESIAN_POINT('',(69.583392,-48.7100022,1.6));
#13688 = DIRECTION('',(1.,0.,0.));
#13689 = DIRECTION('',(0.,0.,1.));
#13690 = DEFINITIONAL_REPRESENTATION('',(#13691),#13695);
#13691 = LINE('',#13692,#13693);
#13692 = CARTESIAN_POINT('',(0.,0.));
#13693 = VECTOR('',#13694,1.);
#13694 = DIRECTION('',(1.,0.));
#13695 = ( GEOMETRIC_REPRESENTATION_CONTEXT(2) 
PARAMETRIC_REPRESENTATION_CONTEXT() REPRESENTATION_CONTEXT('2D SPACE',''
  ) );
#13696 = PCURVE('',#13577,#13697);
#13697 = DEFINITIONAL_REPRESENTATION('',(#13698),#13702);
#13698 = LINE('',#13699,#13700);
#13699 = CARTESIAN_POINT('',(0.,15.8));
#13700 = VECTOR('',#13701,1.);
#13701 = DIRECTION('',(1.,0.));
#13702 = ( GEOMETRIC_REPRESENTATION_CONTEXT(2) 
PARAMETRIC_REPRESENTATION_CONTEXT() REPRESENTATION_CONTEXT('2D SPACE',''
  ) );
#13703 = ORIENTED_EDGE('',*,*,#13704,.T.);
#13704 = EDGE_CURVE('',#13675,#13705,#13707,.T.);
#13705 = VERTEX_POINT('',#13706);
#13706 = CARTESIAN_POINT('',(69.583392,-32.9100022,1.6));
#13707 = SURFACE_CURVE('',#13708,(#13712,#13719),.PCURVE_S1.);
#13708 = LINE('',#13709,#13710);
#13709 = CARTESIAN_POINT('',(69.583392,-48.7100022,1.6));
#13710 = VECTOR('',#13711,1.);
#13711 = DIRECTION('',(0.,1.,0.));
#13712 = PCURVE('',#13685,#13713);
#13713 = DEFINITIONAL_REPRESENTATION('',(#13714),#13718);
#13714 = LINE('',#13715,#13716);
#13715 = CARTESIAN_POINT('',(0.,0.));
#13716 = VECTOR('',#13717,1.);
#13717 = DIRECTION('',(0.,-1.));
#13718 = ( GEOMETRIC_REPRESENTATION_CONTEXT(2) 
PARAMETRIC_REPRESENTATION_CONTEXT() REPRESENTATION_CONTEXT('2D SPACE',''
  ) );
#13719 = PCURVE('',#13605,#13720);
#13720 = DEFINITIONAL_REPRESENTATION('',(#13721),#13725);
#13721 = LINE('',#13722,#13723);
#13722 = CARTESIAN_POINT('',(15.8,0.));
#13723 = VECTOR('',#13724,1.);
#13724 = DIRECTION('',(0.,1.));
#13725 = ( GEOMETRIC_REPRESENTATION_CONTEXT(2) 
PARAMETRIC_REPRESENTATION_CONTEXT() REPRESENTATION_CONTEXT('2D SPACE',''
  ) );
#13726 = ORIENTED_EDGE('',*,*,#13727,.T.);
#13727 = EDGE_CURVE('',#13705,#13728,#13730,.T.);
#13728 = VERTEX_POINT('',#13729);
#13729 = CARTESIAN_POINT('',(69.583392,-32.9100022,13.1));
#13730 = SURFACE_CURVE('',#13731,(#13735,#13742),.PCURVE_S1.);
#13731 = LINE('',#13732,#13733);
#13732 = CARTESIAN_POINT('',(69.583392,-32.9100022,1.6));
#13733 = VECTOR('',#13734,1.);
#13734 = DIRECTION('',(0.,0.,1.));
#13735 = PCURVE('',#13685,#13736);
#13736 = DEFINITIONAL_REPRESENTATION('',(#13737),#13741);
#13737 = LINE('',#13738,#13739);
#13738 = CARTESIAN_POINT('',(0.,-15.8));
#13739 = VECTOR('',#13740,1.);
#13740 = DIRECTION('',(1.,0.));
#13741 = ( GEOMETRIC_REPRESENTATION_CONTEXT(2) 
PARAMETRIC_REPRESENTATION_CONTEXT() REPRESENTATION_CONTEXT('2D SPACE',''
  ) );
#13742 = PCURVE('',#13633,#13743);
#13743 = DEFINITIONAL_REPRESENTATION('',(#13744),#13748);
#13744 = LINE('',#13745,#13746);
#13745 = CARTESIAN_POINT('',(0.,15.8));
#13746 = VECTOR('',#13747,1.);
#13747 = DIRECTION('',(1.,0.));
#13748 = ( GEOMETRIC_REPRESENTATION_CONTEXT(2) 
PARAMETRIC_REPRESENTATION_CONTEXT() REPRESENTATION_CONTEXT('2D SPACE',''
  ) );
#13749 = ORIENTED_EDGE('',*,*,#13750,.F.);
#13750 = EDGE_CURVE('',#13677,#13728,#13751,.T.);
#13751 = SURFACE_CURVE('',#13752,(#13756,#13763),.PCURVE_S1.);
#13752 = LINE('',#13753,#13754);
#13753 = CARTESIAN_POINT('',(69.583392,-48.7100022,13.1));
#13754 = VECTOR('',#13755,1.);
#13755 = DIRECTION('',(0.,1.,0.));
#13756 = PCURVE('',#13685,#13757);
#13757 = DEFINITIONAL_REPRESENTATION('',(#13758),#13762);
#13758 = LINE('',#13759,#13760);
#13759 = CARTESIAN_POINT('',(11.5,0.));
#13760 = VECTOR('',#13761,1.);
#13761 = DIRECTION('',(0.,-1.));
#13762 = ( GEOMETRIC_REPRESENTATION_CONTEXT(2) 
PARAMETRIC_REPRESENTATION_CONTEXT() REPRESENTATION_CONTEXT('2D SPACE',''
  ) );
#13763 = PCURVE('',#13659,#13764);
#13764 = DEFINITIONAL_REPRESENTATION('',(#13765),#13769);
#13765 = LINE('',#13766,#13767);
#13766 = CARTESIAN_POINT('',(15.8,0.));
#13767 = VECTOR('',#13768,1.);
#13768 = DIRECTION('',(0.,1.));
#13769 = ( GEOMETRIC_REPRESENTATION_CONTEXT(2) 
PARAMETRIC_REPRESENTATION_CONTEXT() REPRESENTATION_CONTEXT('2D SPACE',''
  ) );
#13770 = ADVANCED_FACE('',(#13771),#13577,.F.);
#13771 = FACE_BOUND('',#13772,.F.);
#13772 = EDGE_LOOP('',(#13773,#13794,#13795,#13816));
#13773 = ORIENTED_EDGE('',*,*,#13774,.F.);
#13774 = EDGE_CURVE('',#13555,#13675,#13775,.T.);
#13775 = SURFACE_CURVE('',#13776,(#13780,#13787),.PCURVE_S1.);
#13776 = LINE('',#13777,#13778);
#13777 = CARTESIAN_POINT('',(53.783392,-48.7100022,1.6));
#13778 = VECTOR('',#13779,1.);
#13779 = DIRECTION('',(1.,0.,0.));
#13780 = PCURVE('',#13577,#13781);
#13781 = DEFINITIONAL_REPRESENTATION('',(#13782),#13786);
#13782 = LINE('',#13783,#13784);
#13783 = CARTESIAN_POINT('',(0.,0.));
#13784 = VECTOR('',#13785,1.);
#13785 = DIRECTION('',(0.,1.));
#13786 = ( GEOMETRIC_REPRESENTATION_CONTEXT(2) 
PARAMETRIC_REPRESENTATION_CONTEXT() REPRESENTATION_CONTEXT('2D SPACE',''
  ) );
#13787 = PCURVE('',#13605,#13788);
#13788 = DEFINITIONAL_REPRESENTATION('',(#13789),#13793);
#13789 = LINE('',#13790,#13791);
#13790 = CARTESIAN_POINT('',(0.,0.));
#13791 = VECTOR('',#13792,1.);
#13792 = DIRECTION('',(1.,0.));
#13793 = ( GEOMETRIC_REPRESENTATION_CONTEXT(2) 
PARAMETRIC_REPRESENTATION_CONTEXT() REPRESENTATION_CONTEXT('2D SPACE',''
  ) );
#13794 = ORIENTED_EDGE('',*,*,#13554,.T.);
#13795 = ORIENTED_EDGE('',*,*,#13796,.T.);
#13796 = EDGE_CURVE('',#13557,#13677,#13797,.T.);
#13797 = SURFACE_CURVE('',#13798,(#13802,#13809),.PCURVE_S1.);
#13798 = LINE('',#13799,#13800);
#13799 = CARTESIAN_POINT('',(53.783392,-48.7100022,13.1));
#13800 = VECTOR('',#13801,1.);
#13801 = DIRECTION('',(1.,0.,0.));
#13802 = PCURVE('',#13577,#13803);
#13803 = DEFINITIONAL_REPRESENTATION('',(#13804),#13808);
#13804 = LINE('',#13805,#13806);
#13805 = CARTESIAN_POINT('',(11.5,0.));
#13806 = VECTOR('',#13807,1.);
#13807 = DIRECTION('',(0.,1.));
#13808 = ( GEOMETRIC_REPRESENTATION_CONTEXT(2) 
PARAMETRIC_REPRESENTATION_CONTEXT() REPRESENTATION_CONTEXT('2D SPACE',''
  ) );
#13809 = PCURVE('',#13659,#13810);
#13810 = DEFINITIONAL_REPRESENTATION('',(#13811),#13815);
#13811 = LINE('',#13812,#13813);
#13812 = CARTESIAN_POINT('',(0.,0.));
#13813 = VECTOR('',#13814,1.);
#13814 = DIRECTION('',(1.,0.));
#13815 = ( GEOMETRIC_REPRESENTATION_CONTEXT(2) 
PARAMETRIC_REPRESENTATION_CONTEXT() REPRESENTATION_CONTEXT('2D SPACE',''
  ) );
#13816 = ORIENTED_EDGE('',*,*,#13674,.F.);
#13817 = ADVANCED_FACE('',(#13818),#13633,.T.);
#13818 = FACE_BOUND('',#13819,.T.);
#13819 = EDGE_LOOP('',(#13820,#13841,#13842,#13863));
#13820 = ORIENTED_EDGE('',*,*,#13821,.F.);
#13821 = EDGE_CURVE('',#13590,#13705,#13822,.T.);
#13822 = SURFACE_CURVE('',#13823,(#13827,#13834),.PCURVE_S1.);
#13823 = LINE('',#13824,#13825);
#13824 = CARTESIAN_POINT('',(53.783392,-32.9100022,1.6));
#13825 = VECTOR('',#13826,1.);
#13826 = DIRECTION('',(1.,0.,0.));
#13827 = PCURVE('',#13633,#13828);
#13828 = DEFINITIONAL_REPRESENTATION('',(#13829),#13833);
#13829 = LINE('',#13830,#13831);
#13830 = CARTESIAN_POINT('',(0.,0.));
#13831 = VECTOR('',#13832,1.);
#13832 = DIRECTION('',(0.,1.));
#13833 = ( GEOMETRIC_REPRESENTATION_CONTEXT(2) 
PARAMETRIC_REPRESENTATION_CONTEXT() REPRESENTATION_CONTEXT('2D SPACE',''
  ) );
#13834 = PCURVE('',#13605,#13835);
#13835 = DEFINITIONAL_REPRESENTATION('',(#13836),#13840);
#13836 = LINE('',#13837,#13838);
#13837 = CARTESIAN_POINT('',(0.,15.8));
#13838 = VECTOR('',#13839,1.);
#13839 = DIRECTION('',(1.,0.));
#13840 = ( GEOMETRIC_REPRESENTATION_CONTEXT(2) 
PARAMETRIC_REPRESENTATION_CONTEXT() REPRESENTATION_CONTEXT('2D SPACE',''
  ) );
#13841 = ORIENTED_EDGE('',*,*,#13617,.T.);
#13842 = ORIENTED_EDGE('',*,*,#13843,.T.);
#13843 = EDGE_CURVE('',#13618,#13728,#13844,.T.);
#13844 = SURFACE_CURVE('',#13845,(#13849,#13856),.PCURVE_S1.);
#13845 = LINE('',#13846,#13847);
#13846 = CARTESIAN_POINT('',(53.783392,-32.9100022,13.1));
#13847 = VECTOR('',#13848,1.);
#13848 = DIRECTION('',(1.,0.,0.));
#13849 = PCURVE('',#13633,#13850);
#13850 = DEFINITIONAL_REPRESENTATION('',(#13851),#13855);
#13851 = LINE('',#13852,#13853);
#13852 = CARTESIAN_POINT('',(11.5,0.));
#13853 = VECTOR('',#13854,1.);
#13854 = DIRECTION('',(0.,1.));
#13855 = ( GEOMETRIC_REPRESENTATION_CONTEXT(2) 
PARAMETRIC_REPRESENTATION_CONTEXT() REPRESENTATION_CONTEXT('2D SPACE',''
  ) );
#13856 = PCURVE('',#13659,#13857);
#13857 = DEFINITIONAL_REPRESENTATION('',(#13858),#13862);
#13858 = LINE('',#13859,#13860);
#13859 = CARTESIAN_POINT('',(0.,15.8));
#13860 = VECTOR('',#13861,1.);
#13861 = DIRECTION('',(1.,0.));
#13862 = ( GEOMETRIC_REPRESENTATION_CONTEXT(2) 
PARAMETRIC_REPRESENTATION_CONTEXT() REPRESENTATION_CONTEXT('2D SPACE',''
  ) );
#13863 = ORIENTED_EDGE('',*,*,#13727,.F.);
#13864 = ADVANCED_FACE('',(#13865),#13605,.F.);
#13865 = FACE_BOUND('',#13866,.F.);
#13866 = EDGE_LOOP('',(#13867,#13868,#13869,#13870));
#13867 = ORIENTED_EDGE('',*,*,#13589,.F.);
#13868 = ORIENTED_EDGE('',*,*,#13774,.T.);
#13869 = ORIENTED_EDGE('',*,*,#13704,.T.);
#13870 = ORIENTED_EDGE('',*,*,#13821,.F.);
#13871 = ADVANCED_FACE('',(#13872),#13659,.T.);
#13872 = FACE_BOUND('',#13873,.T.);
#13873 = EDGE_LOOP('',(#13874,#13875,#13876,#13877));
#13874 = ORIENTED_EDGE('',*,*,#13645,.F.);
#13875 = ORIENTED_EDGE('',*,*,#13796,.T.);
#13876 = ORIENTED_EDGE('',*,*,#13750,.T.);
#13877 = ORIENTED_EDGE('',*,*,#13843,.F.);
#13878 = ( GEOMETRIC_REPRESENTATION_CONTEXT(3) 
GLOBAL_UNCERTAINTY_ASSIGNED_CONTEXT((#13882)) 
GLOBAL_UNIT_ASSIGNED_CONTEXT((#13879,#13880,#13881)) 
REPRESENTATION_CONTEXT('Context #1',
  '3D Context with UNIT and UNCERTAINTY') );
#13879 = ( LENGTH_UNIT() NAMED_UNIT(*) SI_UNIT(.MILLI.,.METRE.) );
#13880 = ( NAMED_UNIT(*) PLANE_ANGLE_UNIT() SI_UNIT($,.RADIAN.) );
#13881 = ( NAMED_UNIT(*) SI_UNIT($,.STERADIAN.) SOLID_ANGLE_UNIT() );
#13882 = UNCERTAINTY_MEASURE_WITH_UNIT(LENGTH_MEASURE(1.E-07),#13879,
  'distance_accuracy_value','confusion accuracy');
#13883 = CONTEXT_DEPENDENT_SHAPE_REPRESENTATION(#13884,#13886);
#13884 = ( REPRESENTATION_RELATIONSHIP('','',#13547,#10) 
REPRESENTATION_RELATIONSHIP_WITH_TRANSFORMATION(#13885) 
SHAPE_REPRESENTATION_RELATIONSHIP() );
#13885 = ITEM_DEFINED_TRANSFORMATION('','',#11,#107);
#13886 = PRODUCT_DEFINITION_SHAPE('Placement','Placement of an item',
  #13887);
#13887 = NEXT_ASSEMBLY_USAGE_OCCURRENCE('39','','',#5,#13542,$);
#13888 = PRODUCT_RELATED_PRODUCT_CATEGORY('part',$,(#13544));
#13889 = SHAPE_DEFINITION_REPRESENTATION(#13890,#13896);
#13890 = PRODUCT_DEFINITION_SHAPE('','',#13891);
#13891 = PRODUCT_DEFINITION('design','',#13892,#13895);
#13892 = PRODUCT_DEFINITION_FORMATION('','',#13893);
#13893 = PRODUCT('Open CASCADE STEP translator 7.9 5.25',
  'Open CASCADE STEP translator 7.9 5.25','',(#13894));
#13894 = PRODUCT_CONTEXT('',#2,'mechanical');
#13895 = PRODUCT_DEFINITION_CONTEXT('part definition',#2,'design');
#13896 = ADVANCED_BREP_SHAPE_REPRESENTATION('',(#11,#13897),#14227);
#13897 = MANIFOLD_SOLID_BREP('',#13898);
#13898 = CLOSED_SHELL('',(#13899,#14019,#14119,#14166,#14213,#14220));
#13899 = ADVANCED_FACE('',(#13900),#13914,.F.);
#13900 = FACE_BOUND('',#13901,.F.);
#13901 = EDGE_LOOP('',(#13902,#13937,#13965,#13993));
#13902 = ORIENTED_EDGE('',*,*,#13903,.F.);
#13903 = EDGE_CURVE('',#13904,#13906,#13908,.T.);
#13904 = VERTEX_POINT('',#13905);
#13905 = CARTESIAN_POINT('',(52.583392,-49.9100022,11.1));
#13906 = VERTEX_POINT('',#13907);
#13907 = CARTESIAN_POINT('',(52.583392,-49.9100022,20.3));
#13908 = SURFACE_CURVE('',#13909,(#13913,#13925),.PCURVE_S1.);
#13909 = LINE('',#13910,#13911);
#13910 = CARTESIAN_POINT('',(52.583392,-49.9100022,11.1));
#13911 = VECTOR('',#13912,1.);
#13912 = DIRECTION('',(0.,0.,1.));
#13913 = PCURVE('',#13914,#13919);
#13914 = PLANE('',#13915);
#13915 = AXIS2_PLACEMENT_3D('',#13916,#13917,#13918);
#13916 = CARTESIAN_POINT('',(52.583392,-49.9100022,11.1));
#13917 = DIRECTION('',(1.,0.,0.));
#13918 = DIRECTION('',(0.,0.,1.));
#13919 = DEFINITIONAL_REPRESENTATION('',(#13920),#13924);
#13920 = LINE('',#13921,#13922);
#13921 = CARTESIAN_POINT('',(0.,0.));
#13922 = VECTOR('',#13923,1.);
#13923 = DIRECTION('',(1.,0.));
#13924 = ( GEOMETRIC_REPRESENTATION_CONTEXT(2) 
PARAMETRIC_REPRESENTATION_CONTEXT() REPRESENTATION_CONTEXT('2D SPACE',''
  ) );
#13925 = PCURVE('',#13926,#13931);
#13926 = PLANE('',#13927);
#13927 = AXIS2_PLACEMENT_3D('',#13928,#13929,#13930);
#13928 = CARTESIAN_POINT('',(52.583392,-49.9100022,11.1));
#13929 = DIRECTION('',(0.,1.,0.));
#13930 = DIRECTION('',(0.,0.,1.));
#13931 = DEFINITIONAL_REPRESENTATION('',(#13932),#13936);
#13932 = LINE('',#13933,#13934);
#13933 = CARTESIAN_POINT('',(0.,0.));
#13934 = VECTOR('',#13935,1.);
#13935 = DIRECTION('',(1.,0.));
#13936 = ( GEOMETRIC_REPRESENTATION_CONTEXT(2) 
PARAMETRIC_REPRESENTATION_CONTEXT() REPRESENTATION_CONTEXT('2D SPACE',''
  ) );
#13937 = ORIENTED_EDGE('',*,*,#13938,.T.);
#13938 = EDGE_CURVE('',#13904,#13939,#13941,.T.);
#13939 = VERTEX_POINT('',#13940);
#13940 = CARTESIAN_POINT('',(52.583392,-31.7100022,11.1));
#13941 = SURFACE_CURVE('',#13942,(#13946,#13953),.PCURVE_S1.);
#13942 = LINE('',#13943,#13944);
#13943 = CARTESIAN_POINT('',(52.583392,-49.9100022,11.1));
#13944 = VECTOR('',#13945,1.);
#13945 = DIRECTION('',(0.,1.,0.));
#13946 = PCURVE('',#13914,#13947);
#13947 = DEFINITIONAL_REPRESENTATION('',(#13948),#13952);
#13948 = LINE('',#13949,#13950);
#13949 = CARTESIAN_POINT('',(0.,0.));
#13950 = VECTOR('',#13951,1.);
#13951 = DIRECTION('',(0.,-1.));
#13952 = ( GEOMETRIC_REPRESENTATION_CONTEXT(2) 
PARAMETRIC_REPRESENTATION_CONTEXT() REPRESENTATION_CONTEXT('2D SPACE',''
  ) );
#13953 = PCURVE('',#13954,#13959);
#13954 = PLANE('',#13955);
#13955 = AXIS2_PLACEMENT_3D('',#13956,#13957,#13958);
#13956 = CARTESIAN_POINT('',(52.583392,-49.9100022,11.1));
#13957 = DIRECTION('',(0.,0.,1.));
#13958 = DIRECTION('',(1.,0.,0.));
#13959 = DEFINITIONAL_REPRESENTATION('',(#13960),#13964);
#13960 = LINE('',#13961,#13962);
#13961 = CARTESIAN_POINT('',(0.,0.));
#13962 = VECTOR('',#13963,1.);
#13963 = DIRECTION('',(0.,1.));
#13964 = ( GEOMETRIC_REPRESENTATION_CONTEXT(2) 
PARAMETRIC_REPRESENTATION_CONTEXT() REPRESENTATION_CONTEXT('2D SPACE',''
  ) );
#13965 = ORIENTED_EDGE('',*,*,#13966,.T.);
#13966 = EDGE_CURVE('',#13939,#13967,#13969,.T.);
#13967 = VERTEX_POINT('',#13968);
#13968 = CARTESIAN_POINT('',(52.583392,-31.7100022,20.3));
#13969 = SURFACE_CURVE('',#13970,(#13974,#13981),.PCURVE_S1.);
#13970 = LINE('',#13971,#13972);
#13971 = CARTESIAN_POINT('',(52.583392,-31.7100022,11.1));
#13972 = VECTOR('',#13973,1.);
#13973 = DIRECTION('',(0.,0.,1.));
#13974 = PCURVE('',#13914,#13975);
#13975 = DEFINITIONAL_REPRESENTATION('',(#13976),#13980);
#13976 = LINE('',#13977,#13978);
#13977 = CARTESIAN_POINT('',(0.,-18.2));
#13978 = VECTOR('',#13979,1.);
#13979 = DIRECTION('',(1.,0.));
#13980 = ( GEOMETRIC_REPRESENTATION_CONTEXT(2) 
PARAMETRIC_REPRESENTATION_CONTEXT() REPRESENTATION_CONTEXT('2D SPACE',''
  ) );
#13981 = PCURVE('',#13982,#13987);
#13982 = PLANE('',#13983);
#13983 = AXIS2_PLACEMENT_3D('',#13984,#13985,#13986);
#13984 = CARTESIAN_POINT('',(52.583392,-31.7100022,11.1));
#13985 = DIRECTION('',(0.,1.,0.));
#13986 = DIRECTION('',(0.,0.,1.));
#13987 = DEFINITIONAL_REPRESENTATION('',(#13988),#13992);
#13988 = LINE('',#13989,#13990);
#13989 = CARTESIAN_POINT('',(0.,0.));
#13990 = VECTOR('',#13991,1.);
#13991 = DIRECTION('',(1.,0.));
#13992 = ( GEOMETRIC_REPRESENTATION_CONTEXT(2) 
PARAMETRIC_REPRESENTATION_CONTEXT() REPRESENTATION_CONTEXT('2D SPACE',''
  ) );
#13993 = ORIENTED_EDGE('',*,*,#13994,.F.);
#13994 = EDGE_CURVE('',#13906,#13967,#13995,.T.);
#13995 = SURFACE_CURVE('',#13996,(#14000,#14007),.PCURVE_S1.);
#13996 = LINE('',#13997,#13998);
#13997 = CARTESIAN_POINT('',(52.583392,-49.9100022,20.3));
#13998 = VECTOR('',#13999,1.);
#13999 = DIRECTION('',(0.,1.,0.));
#14000 = PCURVE('',#13914,#14001);
#14001 = DEFINITIONAL_REPRESENTATION('',(#14002),#14006);
#14002 = LINE('',#14003,#14004);
#14003 = CARTESIAN_POINT('',(9.2,0.));
#14004 = VECTOR('',#14005,1.);
#14005 = DIRECTION('',(0.,-1.));
#14006 = ( GEOMETRIC_REPRESENTATION_CONTEXT(2) 
PARAMETRIC_REPRESENTATION_CONTEXT() REPRESENTATION_CONTEXT('2D SPACE',''
  ) );
#14007 = PCURVE('',#14008,#14013);
#14008 = PLANE('',#14009);
#14009 = AXIS2_PLACEMENT_3D('',#14010,#14011,#14012);
#14010 = CARTESIAN_POINT('',(52.583392,-49.9100022,20.3));
#14011 = DIRECTION('',(0.,0.,1.));
#14012 = DIRECTION('',(1.,0.,0.));
#14013 = DEFINITIONAL_REPRESENTATION('',(#14014),#14018);
#14014 = LINE('',#14015,#14016);
#14015 = CARTESIAN_POINT('',(0.,0.));
#14016 = VECTOR('',#14017,1.);
#14017 = DIRECTION('',(0.,1.));
#14018 = ( GEOMETRIC_REPRESENTATION_CONTEXT(2) 
PARAMETRIC_REPRESENTATION_CONTEXT() REPRESENTATION_CONTEXT('2D SPACE',''
  ) );
#14019 = ADVANCED_FACE('',(#14020),#14034,.T.);
#14020 = FACE_BOUND('',#14021,.T.);
#14021 = EDGE_LOOP('',(#14022,#14052,#14075,#14098));
#14022 = ORIENTED_EDGE('',*,*,#14023,.F.);
#14023 = EDGE_CURVE('',#14024,#14026,#14028,.T.);
#14024 = VERTEX_POINT('',#14025);
#14025 = CARTESIAN_POINT('',(70.783392,-49.9100022,11.1));
#14026 = VERTEX_POINT('',#14027);
#14027 = CARTESIAN_POINT('',(70.783392,-49.9100022,20.3));
#14028 = SURFACE_CURVE('',#14029,(#14033,#14045),.PCURVE_S1.);
#14029 = LINE('',#14030,#14031);
#14030 = CARTESIAN_POINT('',(70.783392,-49.9100022,11.1));
#14031 = VECTOR('',#14032,1.);
#14032 = DIRECTION('',(0.,0.,1.));
#14033 = PCURVE('',#14034,#14039);
#14034 = PLANE('',#14035);
#14035 = AXIS2_PLACEMENT_3D('',#14036,#14037,#14038);
#14036 = CARTESIAN_POINT('',(70.783392,-49.9100022,11.1));
#14037 = DIRECTION('',(1.,0.,0.));
#14038 = DIRECTION('',(0.,0.,1.));
#14039 = DEFINITIONAL_REPRESENTATION('',(#14040),#14044);
#14040 = LINE('',#14041,#14042);
#14041 = CARTESIAN_POINT('',(0.,0.));
#14042 = VECTOR('',#14043,1.);
#14043 = DIRECTION('',(1.,0.));
#14044 = ( GEOMETRIC_REPRESENTATION_CONTEXT(2) 
PARAMETRIC_REPRESENTATION_CONTEXT() REPRESENTATION_CONTEXT('2D SPACE',''
  ) );
#14045 = PCURVE('',#13926,#14046);
#14046 = DEFINITIONAL_REPRESENTATION('',(#14047),#14051);
#14047 = LINE('',#14048,#14049);
#14048 = CARTESIAN_POINT('',(0.,18.2));
#14049 = VECTOR('',#14050,1.);
#14050 = DIRECTION('',(1.,0.));
#14051 = ( GEOMETRIC_REPRESENTATION_CONTEXT(2) 
PARAMETRIC_REPRESENTATION_CONTEXT() REPRESENTATION_CONTEXT('2D SPACE',''
  ) );
#14052 = ORIENTED_EDGE('',*,*,#14053,.T.);
#14053 = EDGE_CURVE('',#14024,#14054,#14056,.T.);
#14054 = VERTEX_POINT('',#14055);
#14055 = CARTESIAN_POINT('',(70.783392,-31.7100022,11.1));
#14056 = SURFACE_CURVE('',#14057,(#14061,#14068),.PCURVE_S1.);
#14057 = LINE('',#14058,#14059);
#14058 = CARTESIAN_POINT('',(70.783392,-49.9100022,11.1));
#14059 = VECTOR('',#14060,1.);
#14060 = DIRECTION('',(0.,1.,0.));
#14061 = PCURVE('',#14034,#14062);
#14062 = DEFINITIONAL_REPRESENTATION('',(#14063),#14067);
#14063 = LINE('',#14064,#14065);
#14064 = CARTESIAN_POINT('',(0.,0.));
#14065 = VECTOR('',#14066,1.);
#14066 = DIRECTION('',(0.,-1.));
#14067 = ( GEOMETRIC_REPRESENTATION_CONTEXT(2) 
PARAMETRIC_REPRESENTATION_CONTEXT() REPRESENTATION_CONTEXT('2D SPACE',''
  ) );
#14068 = PCURVE('',#13954,#14069);
#14069 = DEFINITIONAL_REPRESENTATION('',(#14070),#14074);
#14070 = LINE('',#14071,#14072);
#14071 = CARTESIAN_POINT('',(18.2,0.));
#14072 = VECTOR('',#14073,1.);
#14073 = DIRECTION('',(0.,1.));
#14074 = ( GEOMETRIC_REPRESENTATION_CONTEXT(2) 
PARAMETRIC_REPRESENTATION_CONTEXT() REPRESENTATION_CONTEXT('2D SPACE',''
  ) );
#14075 = ORIENTED_EDGE('',*,*,#14076,.T.);
#14076 = EDGE_CURVE('',#14054,#14077,#14079,.T.);
#14077 = VERTEX_POINT('',#14078);
#14078 = CARTESIAN_POINT('',(70.783392,-31.7100022,20.3));
#14079 = SURFACE_CURVE('',#14080,(#14084,#14091),.PCURVE_S1.);
#14080 = LINE('',#14081,#14082);
#14081 = CARTESIAN_POINT('',(70.783392,-31.7100022,11.1));
#14082 = VECTOR('',#14083,1.);
#14083 = DIRECTION('',(0.,0.,1.));
#14084 = PCURVE('',#14034,#14085);
#14085 = DEFINITIONAL_REPRESENTATION('',(#14086),#14090);
#14086 = LINE('',#14087,#14088);
#14087 = CARTESIAN_POINT('',(0.,-18.2));
#14088 = VECTOR('',#14089,1.);
#14089 = DIRECTION('',(1.,0.));
#14090 = ( GEOMETRIC_REPRESENTATION_CONTEXT(2) 
PARAMETRIC_REPRESENTATION_CONTEXT() REPRESENTATION_CONTEXT('2D SPACE',''
  ) );
#14091 = PCURVE('',#13982,#14092);
#14092 = DEFINITIONAL_REPRESENTATION('',(#14093),#14097);
#14093 = LINE('',#14094,#14095);
#14094 = CARTESIAN_POINT('',(0.,18.2));
#14095 = VECTOR('',#14096,1.);
#14096 = DIRECTION('',(1.,0.));
#14097 = ( GEOMETRIC_REPRESENTATION_CONTEXT(2) 
PARAMETRIC_REPRESENTATION_CONTEXT() REPRESENTATION_CONTEXT('2D SPACE',''
  ) );
#14098 = ORIENTED_EDGE('',*,*,#14099,.F.);
#14099 = EDGE_CURVE('',#14026,#14077,#14100,.T.);
#14100 = SURFACE_CURVE('',#14101,(#14105,#14112),.PCURVE_S1.);
#14101 = LINE('',#14102,#14103);
#14102 = CARTESIAN_POINT('',(70.783392,-49.9100022,20.3));
#14103 = VECTOR('',#14104,1.);
#14104 = DIRECTION('',(0.,1.,0.));
#14105 = PCURVE('',#14034,#14106);
#14106 = DEFINITIONAL_REPRESENTATION('',(#14107),#14111);
#14107 = LINE('',#14108,#14109);
#14108 = CARTESIAN_POINT('',(9.2,0.));
#14109 = VECTOR('',#14110,1.);
#14110 = DIRECTION('',(0.,-1.));
#14111 = ( GEOMETRIC_REPRESENTATION_CONTEXT(2) 
PARAMETRIC_REPRESENTATION_CONTEXT() REPRESENTATION_CONTEXT('2D SPACE',''
  ) );
#14112 = PCURVE('',#14008,#14113);
#14113 = DEFINITIONAL_REPRESENTATION('',(#14114),#14118);
#14114 = LINE('',#14115,#14116);
#14115 = CARTESIAN_POINT('',(18.2,0.));
#14116 = VECTOR('',#14117,1.);
#14117 = DIRECTION('',(0.,1.));
#14118 = ( GEOMETRIC_REPRESENTATION_CONTEXT(2) 
PARAMETRIC_REPRESENTATION_CONTEXT() REPRESENTATION_CONTEXT('2D SPACE',''
  ) );
#14119 = ADVANCED_FACE('',(#14120),#13926,.F.);
#14120 = FACE_BOUND('',#14121,.F.);
#14121 = EDGE_LOOP('',(#14122,#14143,#14144,#14165));
#14122 = ORIENTED_EDGE('',*,*,#14123,.F.);
#14123 = EDGE_CURVE('',#13904,#14024,#14124,.T.);
#14124 = SURFACE_CURVE('',#14125,(#14129,#14136),.PCURVE_S1.);
#14125 = LINE('',#14126,#14127);
#14126 = CARTESIAN_POINT('',(52.583392,-49.9100022,11.1));
#14127 = VECTOR('',#14128,1.);
#14128 = DIRECTION('',(1.,0.,0.));
#14129 = PCURVE('',#13926,#14130);
#14130 = DEFINITIONAL_REPRESENTATION('',(#14131),#14135);
#14131 = LINE('',#14132,#14133);
#14132 = CARTESIAN_POINT('',(0.,0.));
#14133 = VECTOR('',#14134,1.);
#14134 = DIRECTION('',(0.,1.));
#14135 = ( GEOMETRIC_REPRESENTATION_CONTEXT(2) 
PARAMETRIC_REPRESENTATION_CONTEXT() REPRESENTATION_CONTEXT('2D SPACE',''
  ) );
#14136 = PCURVE('',#13954,#14137);
#14137 = DEFINITIONAL_REPRESENTATION('',(#14138),#14142);
#14138 = LINE('',#14139,#14140);
#14139 = CARTESIAN_POINT('',(0.,0.));
#14140 = VECTOR('',#14141,1.);
#14141 = DIRECTION('',(1.,0.));
#14142 = ( GEOMETRIC_REPRESENTATION_CONTEXT(2) 
PARAMETRIC_REPRESENTATION_CONTEXT() REPRESENTATION_CONTEXT('2D SPACE',''
  ) );
#14143 = ORIENTED_EDGE('',*,*,#13903,.T.);
#14144 = ORIENTED_EDGE('',*,*,#14145,.T.);
#14145 = EDGE_CURVE('',#13906,#14026,#14146,.T.);
#14146 = SURFACE_CURVE('',#14147,(#14151,#14158),.PCURVE_S1.);
#14147 = LINE('',#14148,#14149);
#14148 = CARTESIAN_POINT('',(52.583392,-49.9100022,20.3));
#14149 = VECTOR('',#14150,1.);
#14150 = DIRECTION('',(1.,0.,0.));
#14151 = PCURVE('',#13926,#14152);
#14152 = DEFINITIONAL_REPRESENTATION('',(#14153),#14157);
#14153 = LINE('',#14154,#14155);
#14154 = CARTESIAN_POINT('',(9.2,0.));
#14155 = VECTOR('',#14156,1.);
#14156 = DIRECTION('',(0.,1.));
#14157 = ( GEOMETRIC_REPRESENTATION_CONTEXT(2) 
PARAMETRIC_REPRESENTATION_CONTEXT() REPRESENTATION_CONTEXT('2D SPACE',''
  ) );
#14158 = PCURVE('',#14008,#14159);
#14159 = DEFINITIONAL_REPRESENTATION('',(#14160),#14164);
#14160 = LINE('',#14161,#14162);
#14161 = CARTESIAN_POINT('',(0.,0.));
#14162 = VECTOR('',#14163,1.);
#14163 = DIRECTION('',(1.,0.));
#14164 = ( GEOMETRIC_REPRESENTATION_CONTEXT(2) 
PARAMETRIC_REPRESENTATION_CONTEXT() REPRESENTATION_CONTEXT('2D SPACE',''
  ) );
#14165 = ORIENTED_EDGE('',*,*,#14023,.F.);
#14166 = ADVANCED_FACE('',(#14167),#13982,.T.);
#14167 = FACE_BOUND('',#14168,.T.);
#14168 = EDGE_LOOP('',(#14169,#14190,#14191,#14212));
#14169 = ORIENTED_EDGE('',*,*,#14170,.F.);
#14170 = EDGE_CURVE('',#13939,#14054,#14171,.T.);
#14171 = SURFACE_CURVE('',#14172,(#14176,#14183),.PCURVE_S1.);
#14172 = LINE('',#14173,#14174);
#14173 = CARTESIAN_POINT('',(52.583392,-31.7100022,11.1));
#14174 = VECTOR('',#14175,1.);
#14175 = DIRECTION('',(1.,0.,0.));
#14176 = PCURVE('',#13982,#14177);
#14177 = DEFINITIONAL_REPRESENTATION('',(#14178),#14182);
#14178 = LINE('',#14179,#14180);
#14179 = CARTESIAN_POINT('',(0.,0.));
#14180 = VECTOR('',#14181,1.);
#14181 = DIRECTION('',(0.,1.));
#14182 = ( GEOMETRIC_REPRESENTATION_CONTEXT(2) 
PARAMETRIC_REPRESENTATION_CONTEXT() REPRESENTATION_CONTEXT('2D SPACE',''
  ) );
#14183 = PCURVE('',#13954,#14184);
#14184 = DEFINITIONAL_REPRESENTATION('',(#14185),#14189);
#14185 = LINE('',#14186,#14187);
#14186 = CARTESIAN_POINT('',(0.,18.2));
#14187 = VECTOR('',#14188,1.);
#14188 = DIRECTION('',(1.,0.));
#14189 = ( GEOMETRIC_REPRESENTATION_CONTEXT(2) 
PARAMETRIC_REPRESENTATION_CONTEXT() REPRESENTATION_CONTEXT('2D SPACE',''
  ) );
#14190 = ORIENTED_EDGE('',*,*,#13966,.T.);
#14191 = ORIENTED_EDGE('',*,*,#14192,.T.);
#14192 = EDGE_CURVE('',#13967,#14077,#14193,.T.);
#14193 = SURFACE_CURVE('',#14194,(#14198,#14205),.PCURVE_S1.);
#14194 = LINE('',#14195,#14196);
#14195 = CARTESIAN_POINT('',(52.583392,-31.7100022,20.3));
#14196 = VECTOR('',#14197,1.);
#14197 = DIRECTION('',(1.,0.,0.));
#14198 = PCURVE('',#13982,#14199);
#14199 = DEFINITIONAL_REPRESENTATION('',(#14200),#14204);
#14200 = LINE('',#14201,#14202);
#14201 = CARTESIAN_POINT('',(9.2,0.));
#14202 = VECTOR('',#14203,1.);
#14203 = DIRECTION('',(0.,1.));
#14204 = ( GEOMETRIC_REPRESENTATION_CONTEXT(2) 
PARAMETRIC_REPRESENTATION_CONTEXT() REPRESENTATION_CONTEXT('2D SPACE',''
  ) );
#14205 = PCURVE('',#14008,#14206);
#14206 = DEFINITIONAL_REPRESENTATION('',(#14207),#14211);
#14207 = LINE('',#14208,#14209);
#14208 = CARTESIAN_POINT('',(0.,18.2));
#14209 = VECTOR('',#14210,1.);
#14210 = DIRECTION('',(1.,0.));
#14211 = ( GEOMETRIC_REPRESENTATION_CONTEXT(2) 
PARAMETRIC_REPRESENTATION_CONTEXT() REPRESENTATION_CONTEXT('2D SPACE',''
  ) );
#14212 = ORIENTED_EDGE('',*,*,#14076,.F.);
#14213 = ADVANCED_FACE('',(#14214),#13954,.F.);
#14214 = FACE_BOUND('',#14215,.F.);
#14215 = EDGE_LOOP('',(#14216,#14217,#14218,#14219));
#14216 = ORIENTED_EDGE('',*,*,#13938,.F.);
#14217 = ORIENTED_EDGE('',*,*,#14123,.T.);
#14218 = ORIENTED_EDGE('',*,*,#14053,.T.);
#14219 = ORIENTED_EDGE('',*,*,#14170,.F.);
#14220 = ADVANCED_FACE('',(#14221),#14008,.T.);
#14221 = FACE_BOUND('',#14222,.T.);
#14222 = EDGE_LOOP('',(#14223,#14224,#14225,#14226));
#14223 = ORIENTED_EDGE('',*,*,#13994,.F.);
#14224 = ORIENTED_EDGE('',*,*,#14145,.T.);
#14225 = ORIENTED_EDGE('',*,*,#14099,.T.);
#14226 = ORIENTED_EDGE('',*,*,#14192,.F.);
#14227 = ( GEOMETRIC_REPRESENTATION_CONTEXT(3) 
GLOBAL_UNCERTAINTY_ASSIGNED_CONTEXT((#14231)) 
GLOBAL_UNIT_ASSIGNED_CONTEXT((#14228,#14229,#14230)) 
REPRESENTATION_CONTEXT('Context #1',
  '3D Context with UNIT and UNCERTAINTY') );
#14228 = ( LENGTH_UNIT() NAMED_UNIT(*) SI_UNIT(.MILLI.,.METRE.) );
#14229 = ( NAMED_UNIT(*) PLANE_ANGLE_UNIT() SI_UNIT($,.RADIAN.) );
#14230 = ( NAMED_UNIT(*) SI_UNIT($,.STERADIAN.) SOLID_ANGLE_UNIT() );
#14231 = UNCERTAINTY_MEASURE_WITH_UNIT(LENGTH_MEASURE(1.E-07),#14228,
  'distance_accuracy_value','confusion accuracy');
#14232 = CONTEXT_DEPENDENT_SHAPE_REPRESENTATION(#14233,#14235);
#14233 = ( REPRESENTATION_RELATIONSHIP('','',#13896,#10) 
REPRESENTATION_RELATIONSHIP_WITH_TRANSFORMATION(#14234) 
SHAPE_REPRESENTATION_RELATIONSHIP() );
#14234 = ITEM_DEFINED_TRANSFORMATION('','',#11,#111);
#14235 = PRODUCT_DEFINITION_SHAPE('Placement','Placement of an item',
  #14236);
#14236 = NEXT_ASSEMBLY_USAGE_OCCURRENCE('40','','',#5,#13891,$);
#14237 = PRODUCT_RELATED_PRODUCT_CATEGORY('part',$,(#13893));
#14238 = SHAPE_DEFINITION_REPRESENTATION(#14239,#14245);
#14239 = PRODUCT_DEFINITION_SHAPE('','',#14240);
#14240 = PRODUCT_DEFINITION('design','',#14241,#14244);
#14241 = PRODUCT_DEFINITION_FORMATION('','',#14242);
#14242 = PRODUCT('Open CASCADE STEP translator 7.9 5.26',
  'Open CASCADE STEP translator 7.9 5.26','',(#14243));
#14243 = PRODUCT_CONTEXT('',#2,'mechanical');
#14244 = PRODUCT_DEFINITION_CONTEXT('part definition',#2,'design');
#14245 = ADVANCED_BREP_SHAPE_REPRESENTATION('',(#11,#14246),#14344);
#14246 = MANIFOLD_SOLID_BREP('',#14247);
#14247 = CLOSED_SHELL('',(#14248,#14336,#14340));
#14248 = ADVANCED_FACE('',(#14249),#14263,.T.);
#14249 = FACE_BOUND('',#14250,.F.);
#14250 = EDGE_LOOP('',(#14251,#14281,#14308,#14309));
#14251 = ORIENTED_EDGE('',*,*,#14252,.T.);
#14252 = EDGE_CURVE('',#14253,#14255,#14257,.T.);
#14253 = VERTEX_POINT('',#14254);
#14254 = CARTESIAN_POINT('',(63.583392,-40.8100022,-1.8));
#14255 = VERTEX_POINT('',#14256);
#14256 = CARTESIAN_POINT('',(63.583392,-40.8100022,1.7));
#14257 = SEAM_CURVE('',#14258,(#14262,#14274),.PCURVE_S1.);
#14258 = LINE('',#14259,#14260);
#14259 = CARTESIAN_POINT('',(63.583392,-40.8100022,-1.8));
#14260 = VECTOR('',#14261,1.);
#14261 = DIRECTION('',(0.,0.,1.));
#14262 = PCURVE('',#14263,#14268);
#14263 = CYLINDRICAL_SURFACE('',#14264,1.9);
#14264 = AXIS2_PLACEMENT_3D('',#14265,#14266,#14267);
#14265 = CARTESIAN_POINT('',(61.683392,-40.8100022,-1.8));
#14266 = DIRECTION('',(-0.,-0.,-1.));
#14267 = DIRECTION('',(1.,0.,0.));
#14268 = DEFINITIONAL_REPRESENTATION('',(#14269),#14273);
#14269 = LINE('',#14270,#14271);
#14270 = CARTESIAN_POINT('',(-0.,0.));
#14271 = VECTOR('',#14272,1.);
#14272 = DIRECTION('',(-0.,-1.));
#14273 = ( GEOMETRIC_REPRESENTATION_CONTEXT(2) 
PARAMETRIC_REPRESENTATION_CONTEXT() REPRESENTATION_CONTEXT('2D SPACE',''
  ) );
#14274 = PCURVE('',#14263,#14275);
#14275 = DEFINITIONAL_REPRESENTATION('',(#14276),#14280);
#14276 = LINE('',#14277,#14278);
#14277 = CARTESIAN_POINT('',(-6.28318530718,0.));
#14278 = VECTOR('',#14279,1.);
#14279 = DIRECTION('',(-0.,-1.));
#14280 = ( GEOMETRIC_REPRESENTATION_CONTEXT(2) 
PARAMETRIC_REPRESENTATION_CONTEXT() REPRESENTATION_CONTEXT('2D SPACE',''
  ) );
#14281 = ORIENTED_EDGE('',*,*,#14282,.T.);
#14282 = EDGE_CURVE('',#14255,#14255,#14283,.T.);
#14283 = SURFACE_CURVE('',#14284,(#14289,#14296),.PCURVE_S1.);
#14284 = CIRCLE('',#14285,1.9);
#14285 = AXIS2_PLACEMENT_3D('',#14286,#14287,#14288);
#14286 = CARTESIAN_POINT('',(61.683392,-40.8100022,1.7));
#14287 = DIRECTION('',(0.,0.,1.));
#14288 = DIRECTION('',(1.,0.,0.));
#14289 = PCURVE('',#14263,#14290);
#14290 = DEFINITIONAL_REPRESENTATION('',(#14291),#14295);
#14291 = LINE('',#14292,#14293);
#14292 = CARTESIAN_POINT('',(-0.,-3.5));
#14293 = VECTOR('',#14294,1.);
#14294 = DIRECTION('',(-1.,0.));
#14295 = ( GEOMETRIC_REPRESENTATION_CONTEXT(2) 
PARAMETRIC_REPRESENTATION_CONTEXT() REPRESENTATION_CONTEXT('2D SPACE',''
  ) );
#14296 = PCURVE('',#14297,#14302);
#14297 = PLANE('',#14298);
#14298 = AXIS2_PLACEMENT_3D('',#14299,#14300,#14301);
#14299 = CARTESIAN_POINT('',(61.683392,-40.8100022,1.7));
#14300 = DIRECTION('',(0.,0.,1.));
#14301 = DIRECTION('',(1.,0.,-0.));
#14302 = DEFINITIONAL_REPRESENTATION('',(#14303),#14307);
#14303 = CIRCLE('',#14304,1.9);
#14304 = AXIS2_PLACEMENT_2D('',#14305,#14306);
#14305 = CARTESIAN_POINT('',(0.,0.));
#14306 = DIRECTION('',(1.,0.));
#14307 = ( GEOMETRIC_REPRESENTATION_CONTEXT(2) 
PARAMETRIC_REPRESENTATION_CONTEXT() REPRESENTATION_CONTEXT('2D SPACE',''
  ) );
#14308 = ORIENTED_EDGE('',*,*,#14252,.F.);
#14309 = ORIENTED_EDGE('',*,*,#14310,.F.);
#14310 = EDGE_CURVE('',#14253,#14253,#14311,.T.);
#14311 = SURFACE_CURVE('',#14312,(#14317,#14324),.PCURVE_S1.);
#14312 = CIRCLE('',#14313,1.9);
#14313 = AXIS2_PLACEMENT_3D('',#14314,#14315,#14316);
#14314 = CARTESIAN_POINT('',(61.683392,-40.8100022,-1.8));
#14315 = DIRECTION('',(0.,0.,1.));
#14316 = DIRECTION('',(1.,0.,0.));
#14317 = PCURVE('',#14263,#14318);
#14318 = DEFINITIONAL_REPRESENTATION('',(#14319),#14323);
#14319 = LINE('',#14320,#14321);
#14320 = CARTESIAN_POINT('',(-0.,0.));
#14321 = VECTOR('',#14322,1.);
#14322 = DIRECTION('',(-1.,0.));
#14323 = ( GEOMETRIC_REPRESENTATION_CONTEXT(2) 
PARAMETRIC_REPRESENTATION_CONTEXT() REPRESENTATION_CONTEXT('2D SPACE',''
  ) );
#14324 = PCURVE('',#14325,#14330);
#14325 = PLANE('',#14326);
#14326 = AXIS2_PLACEMENT_3D('',#14327,#14328,#14329);
#14327 = CARTESIAN_POINT('',(61.683392,-40.8100022,-1.8));
#14328 = DIRECTION('',(0.,0.,1.));
#14329 = DIRECTION('',(1.,0.,-0.));
#14330 = DEFINITIONAL_REPRESENTATION('',(#14331),#14335);
#14331 = CIRCLE('',#14332,1.9);
#14332 = AXIS2_PLACEMENT_2D('',#14333,#14334);
#14333 = CARTESIAN_POINT('',(0.,0.));
#14334 = DIRECTION('',(1.,0.));
#14335 = ( GEOMETRIC_REPRESENTATION_CONTEXT(2) 
PARAMETRIC_REPRESENTATION_CONTEXT() REPRESENTATION_CONTEXT('2D SPACE',''
  ) );
#14336 = ADVANCED_FACE('',(#14337),#14325,.F.);
#14337 = FACE_BOUND('',#14338,.F.);
#14338 = EDGE_LOOP('',(#14339));
#14339 = ORIENTED_EDGE('',*,*,#14310,.T.);
#14340 = ADVANCED_FACE('',(#14341),#14297,.T.);
#14341 = FACE_BOUND('',#14342,.T.);
#14342 = EDGE_LOOP('',(#14343));
#14343 = ORIENTED_EDGE('',*,*,#14282,.T.);
#14344 = ( GEOMETRIC_REPRESENTATION_CONTEXT(3) 
GLOBAL_UNCERTAINTY_ASSIGNED_CONTEXT((#14348)) 
GLOBAL_UNIT_ASSIGNED_CONTEXT((#14345,#14346,#14347)) 
REPRESENTATION_CONTEXT('Context #1',
  '3D Context with UNIT and UNCERTAINTY') );
#14345 = ( LENGTH_UNIT() NAMED_UNIT(*) SI_UNIT(.MILLI.,.METRE.) );
#14346 = ( NAMED_UNIT(*) PLANE_ANGLE_UNIT() SI_UNIT($,.RADIAN.) );
#14347 = ( NAMED_UNIT(*) SI_UNIT($,.STERADIAN.) SOLID_ANGLE_UNIT() );
#14348 = UNCERTAINTY_MEASURE_WITH_UNIT(LENGTH_MEASURE(1.E-07),#14345,
  'distance_accuracy_value','confusion accuracy');
#14349 = CONTEXT_DEPENDENT_SHAPE_REPRESENTATION(#14350,#14352);
#14350 = ( REPRESENTATION_RELATIONSHIP('','',#14245,#10) 
REPRESENTATION_RELATIONSHIP_WITH_TRANSFORMATION(#14351) 
SHAPE_REPRESENTATION_RELATIONSHIP() );
#14351 = ITEM_DEFINED_TRANSFORMATION('','',#11,#115);
#14352 = PRODUCT_DEFINITION_SHAPE('Placement','Placement of an item',
  #14353);
#14353 = NEXT_ASSEMBLY_USAGE_OCCURRENCE('41','','',#5,#14240,$);
#14354 = PRODUCT_RELATED_PRODUCT_CATEGORY('part',$,(#14242));
#14355 = SHAPE_DEFINITION_REPRESENTATION(#14356,#14362);
#14356 = PRODUCT_DEFINITION_SHAPE('','',#14357);
#14357 = PRODUCT_DEFINITION('design','',#14358,#14361);
#14358 = PRODUCT_DEFINITION_FORMATION('','',#14359);
#14359 = PRODUCT('Open CASCADE STEP translator 7.9 5.27',
  'Open CASCADE STEP translator 7.9 5.27','',(#14360));
#14360 = PRODUCT_CONTEXT('',#2,'mechanical');
#14361 = PRODUCT_DEFINITION_CONTEXT('part definition',#2,'design');
#14362 = ADVANCED_BREP_SHAPE_REPRESENTATION('',(#11,#14363),#14693);
#14363 = MANIFOLD_SOLID_BREP('',#14364);
#14364 = CLOSED_SHELL('',(#14365,#14485,#14585,#14632,#14679,#14686));
#14365 = ADVANCED_FACE('',(#14366),#14380,.F.);
#14366 = FACE_BOUND('',#14367,.F.);
#14367 = EDGE_LOOP('',(#14368,#14403,#14431,#14459));
#14368 = ORIENTED_EDGE('',*,*,#14369,.F.);
#14369 = EDGE_CURVE('',#14370,#14372,#14374,.T.);
#14370 = VERTEX_POINT('',#14371);
#14371 = CARTESIAN_POINT('',(42.5000092,-24.8450014,-5.));
#14372 = VERTEX_POINT('',#14373);
#14373 = CARTESIAN_POINT('',(42.5000092,-24.8450014,-6.));
#14374 = SURFACE_CURVE('',#14375,(#14379,#14391),.PCURVE_S1.);
#14375 = LINE('',#14376,#14377);
#14376 = CARTESIAN_POINT('',(42.5000092,-24.8450014,-5.));
#14377 = VECTOR('',#14378,1.);
#14378 = DIRECTION('',(1.224646799147E-16,0.,-1.));
#14379 = PCURVE('',#14380,#14385);
#14380 = PLANE('',#14381);
#14381 = AXIS2_PLACEMENT_3D('',#14382,#14383,#14384);
#14382 = CARTESIAN_POINT('',(42.5000092,-24.8450014,-5.));
#14383 = DIRECTION('',(-1.,0.,-1.224646799147E-16));
#14384 = DIRECTION('',(1.224646799147E-16,0.,-1.));
#14385 = DEFINITIONAL_REPRESENTATION('',(#14386),#14390);
#14386 = LINE('',#14387,#14388);
#14387 = CARTESIAN_POINT('',(0.,0.));
#14388 = VECTOR('',#14389,1.);
#14389 = DIRECTION('',(1.,0.));
#14390 = ( GEOMETRIC_REPRESENTATION_CONTEXT(2) 
PARAMETRIC_REPRESENTATION_CONTEXT() REPRESENTATION_CONTEXT('2D SPACE',''
  ) );
#14391 = PCURVE('',#14392,#14397);
#14392 = PLANE('',#14393);
#14393 = AXIS2_PLACEMENT_3D('',#14394,#14395,#14396);
#14394 = CARTESIAN_POINT('',(42.5000092,-24.8450014,-5.));
#14395 = DIRECTION('',(0.,1.,0.));
#14396 = DIRECTION('',(1.224646799147E-16,0.,-1.));
#14397 = DEFINITIONAL_REPRESENTATION('',(#14398),#14402);
#14398 = LINE('',#14399,#14400);
#14399 = CARTESIAN_POINT('',(0.,0.));
#14400 = VECTOR('',#14401,1.);
#14401 = DIRECTION('',(1.,0.));
#14402 = ( GEOMETRIC_REPRESENTATION_CONTEXT(2) 
PARAMETRIC_REPRESENTATION_CONTEXT() REPRESENTATION_CONTEXT('2D SPACE',''
  ) );
#14403 = ORIENTED_EDGE('',*,*,#14404,.T.);
#14404 = EDGE_CURVE('',#14370,#14405,#14407,.T.);
#14405 = VERTEX_POINT('',#14406);
#14406 = CARTESIAN_POINT('',(42.5000092,-1.3450014,-5.));
#14407 = SURFACE_CURVE('',#14408,(#14412,#14419),.PCURVE_S1.);
#14408 = LINE('',#14409,#14410);
#14409 = CARTESIAN_POINT('',(42.5000092,-24.8450014,-5.));
#14410 = VECTOR('',#14411,1.);
#14411 = DIRECTION('',(0.,1.,0.));
#14412 = PCURVE('',#14380,#14413);
#14413 = DEFINITIONAL_REPRESENTATION('',(#14414),#14418);
#14414 = LINE('',#14415,#14416);
#14415 = CARTESIAN_POINT('',(0.,0.));
#14416 = VECTOR('',#14417,1.);
#14417 = DIRECTION('',(0.,-1.));
#14418 = ( GEOMETRIC_REPRESENTATION_CONTEXT(2) 
PARAMETRIC_REPRESENTATION_CONTEXT() REPRESENTATION_CONTEXT('2D SPACE',''
  ) );
#14419 = PCURVE('',#14420,#14425);
#14420 = PLANE('',#14421);
#14421 = AXIS2_PLACEMENT_3D('',#14422,#14423,#14424);
#14422 = CARTESIAN_POINT('',(42.5000092,-24.8450014,-5.));
#14423 = DIRECTION('',(1.224646799147E-16,0.,-1.));
#14424 = DIRECTION('',(-1.,0.,-1.224646799147E-16));
#14425 = DEFINITIONAL_REPRESENTATION('',(#14426),#14430);
#14426 = LINE('',#14427,#14428);
#14427 = CARTESIAN_POINT('',(0.,0.));
#14428 = VECTOR('',#14429,1.);
#14429 = DIRECTION('',(0.,1.));
#14430 = ( GEOMETRIC_REPRESENTATION_CONTEXT(2) 
PARAMETRIC_REPRESENTATION_CONTEXT() REPRESENTATION_CONTEXT('2D SPACE',''
  ) );
#14431 = ORIENTED_EDGE('',*,*,#14432,.T.);
#14432 = EDGE_CURVE('',#14405,#14433,#14435,.T.);
#14433 = VERTEX_POINT('',#14434);
#14434 = CARTESIAN_POINT('',(42.5000092,-1.3450014,-6.));
#14435 = SURFACE_CURVE('',#14436,(#14440,#14447),.PCURVE_S1.);
#14436 = LINE('',#14437,#14438);
#14437 = CARTESIAN_POINT('',(42.5000092,-1.3450014,-5.));
#14438 = VECTOR('',#14439,1.);
#14439 = DIRECTION('',(1.224646799147E-16,0.,-1.));
#14440 = PCURVE('',#14380,#14441);
#14441 = DEFINITIONAL_REPRESENTATION('',(#14442),#14446);
#14442 = LINE('',#14443,#14444);
#14443 = CARTESIAN_POINT('',(0.,-23.5));
#14444 = VECTOR('',#14445,1.);
#14445 = DIRECTION('',(1.,0.));
#14446 = ( GEOMETRIC_REPRESENTATION_CONTEXT(2) 
PARAMETRIC_REPRESENTATION_CONTEXT() REPRESENTATION_CONTEXT('2D SPACE',''
  ) );
#14447 = PCURVE('',#14448,#14453);
#14448 = PLANE('',#14449);
#14449 = AXIS2_PLACEMENT_3D('',#14450,#14451,#14452);
#14450 = CARTESIAN_POINT('',(42.5000092,-1.3450014,-5.));
#14451 = DIRECTION('',(0.,1.,0.));
#14452 = DIRECTION('',(1.224646799147E-16,0.,-1.));
#14453 = DEFINITIONAL_REPRESENTATION('',(#14454),#14458);
#14454 = LINE('',#14455,#14456);
#14455 = CARTESIAN_POINT('',(0.,0.));
#14456 = VECTOR('',#14457,1.);
#14457 = DIRECTION('',(1.,0.));
#14458 = ( GEOMETRIC_REPRESENTATION_CONTEXT(2) 
PARAMETRIC_REPRESENTATION_CONTEXT() REPRESENTATION_CONTEXT('2D SPACE',''
  ) );
#14459 = ORIENTED_EDGE('',*,*,#14460,.F.);
#14460 = EDGE_CURVE('',#14372,#14433,#14461,.T.);
#14461 = SURFACE_CURVE('',#14462,(#14466,#14473),.PCURVE_S1.);
#14462 = LINE('',#14463,#14464);
#14463 = CARTESIAN_POINT('',(42.5000092,-24.8450014,-6.));
#14464 = VECTOR('',#14465,1.);
#14465 = DIRECTION('',(0.,1.,0.));
#14466 = PCURVE('',#14380,#14467);
#14467 = DEFINITIONAL_REPRESENTATION('',(#14468),#14472);
#14468 = LINE('',#14469,#14470);
#14469 = CARTESIAN_POINT('',(1.,0.));
#14470 = VECTOR('',#14471,1.);
#14471 = DIRECTION('',(0.,-1.));
#14472 = ( GEOMETRIC_REPRESENTATION_CONTEXT(2) 
PARAMETRIC_REPRESENTATION_CONTEXT() REPRESENTATION_CONTEXT('2D SPACE',''
  ) );
#14473 = PCURVE('',#14474,#14479);
#14474 = PLANE('',#14475);
#14475 = AXIS2_PLACEMENT_3D('',#14476,#14477,#14478);
#14476 = CARTESIAN_POINT('',(42.5000092,-24.8450014,-6.));
#14477 = DIRECTION('',(1.224646799147E-16,0.,-1.));
#14478 = DIRECTION('',(-1.,0.,-1.224646799147E-16));
#14479 = DEFINITIONAL_REPRESENTATION('',(#14480),#14484);
#14480 = LINE('',#14481,#14482);
#14481 = CARTESIAN_POINT('',(0.,0.));
#14482 = VECTOR('',#14483,1.);
#14483 = DIRECTION('',(0.,1.));
#14484 = ( GEOMETRIC_REPRESENTATION_CONTEXT(2) 
PARAMETRIC_REPRESENTATION_CONTEXT() REPRESENTATION_CONTEXT('2D SPACE',''
  ) );
#14485 = ADVANCED_FACE('',(#14486),#14500,.T.);
#14486 = FACE_BOUND('',#14487,.T.);
#14487 = EDGE_LOOP('',(#14488,#14518,#14541,#14564));
#14488 = ORIENTED_EDGE('',*,*,#14489,.F.);
#14489 = EDGE_CURVE('',#14490,#14492,#14494,.T.);
#14490 = VERTEX_POINT('',#14491);
#14491 = CARTESIAN_POINT('',(24.5000092,-24.8450014,-5.));
#14492 = VERTEX_POINT('',#14493);
#14493 = CARTESIAN_POINT('',(24.5000092,-24.8450014,-6.));
#14494 = SURFACE_CURVE('',#14495,(#14499,#14511),.PCURVE_S1.);
#14495 = LINE('',#14496,#14497);
#14496 = CARTESIAN_POINT('',(24.5000092,-24.8450014,-5.));
#14497 = VECTOR('',#14498,1.);
#14498 = DIRECTION('',(1.224646799147E-16,0.,-1.));
#14499 = PCURVE('',#14500,#14505);
#14500 = PLANE('',#14501);
#14501 = AXIS2_PLACEMENT_3D('',#14502,#14503,#14504);
#14502 = CARTESIAN_POINT('',(24.5000092,-24.8450014,-5.));
#14503 = DIRECTION('',(-1.,0.,-1.224646799147E-16));
#14504 = DIRECTION('',(1.224646799147E-16,0.,-1.));
#14505 = DEFINITIONAL_REPRESENTATION('',(#14506),#14510);
#14506 = LINE('',#14507,#14508);
#14507 = CARTESIAN_POINT('',(0.,0.));
#14508 = VECTOR('',#14509,1.);
#14509 = DIRECTION('',(1.,0.));
#14510 = ( GEOMETRIC_REPRESENTATION_CONTEXT(2) 
PARAMETRIC_REPRESENTATION_CONTEXT() REPRESENTATION_CONTEXT('2D SPACE',''
  ) );
#14511 = PCURVE('',#14392,#14512);
#14512 = DEFINITIONAL_REPRESENTATION('',(#14513),#14517);
#14513 = LINE('',#14514,#14515);
#14514 = CARTESIAN_POINT('',(-4.28007399065E-16,18.));
#14515 = VECTOR('',#14516,1.);
#14516 = DIRECTION('',(1.,0.));
#14517 = ( GEOMETRIC_REPRESENTATION_CONTEXT(2) 
PARAMETRIC_REPRESENTATION_CONTEXT() REPRESENTATION_CONTEXT('2D SPACE',''
  ) );
#14518 = ORIENTED_EDGE('',*,*,#14519,.T.);
#14519 = EDGE_CURVE('',#14490,#14520,#14522,.T.);
#14520 = VERTEX_POINT('',#14521);
#14521 = CARTESIAN_POINT('',(24.5000092,-1.3450014,-5.));
#14522 = SURFACE_CURVE('',#14523,(#14527,#14534),.PCURVE_S1.);
#14523 = LINE('',#14524,#14525);
#14524 = CARTESIAN_POINT('',(24.5000092,-24.8450014,-5.));
#14525 = VECTOR('',#14526,1.);
#14526 = DIRECTION('',(0.,1.,0.));
#14527 = PCURVE('',#14500,#14528);
#14528 = DEFINITIONAL_REPRESENTATION('',(#14529),#14533);
#14529 = LINE('',#14530,#14531);
#14530 = CARTESIAN_POINT('',(0.,0.));
#14531 = VECTOR('',#14532,1.);
#14532 = DIRECTION('',(0.,-1.));
#14533 = ( GEOMETRIC_REPRESENTATION_CONTEXT(2) 
PARAMETRIC_REPRESENTATION_CONTEXT() REPRESENTATION_CONTEXT('2D SPACE',''
  ) );
#14534 = PCURVE('',#14420,#14535);
#14535 = DEFINITIONAL_REPRESENTATION('',(#14536),#14540);
#14536 = LINE('',#14537,#14538);
#14537 = CARTESIAN_POINT('',(18.,0.));
#14538 = VECTOR('',#14539,1.);
#14539 = DIRECTION('',(0.,1.));
#14540 = ( GEOMETRIC_REPRESENTATION_CONTEXT(2) 
PARAMETRIC_REPRESENTATION_CONTEXT() REPRESENTATION_CONTEXT('2D SPACE',''
  ) );
#14541 = ORIENTED_EDGE('',*,*,#14542,.T.);
#14542 = EDGE_CURVE('',#14520,#14543,#14545,.T.);
#14543 = VERTEX_POINT('',#14544);
#14544 = CARTESIAN_POINT('',(24.5000092,-1.3450014,-6.));
#14545 = SURFACE_CURVE('',#14546,(#14550,#14557),.PCURVE_S1.);
#14546 = LINE('',#14547,#14548);
#14547 = CARTESIAN_POINT('',(24.5000092,-1.3450014,-5.));
#14548 = VECTOR('',#14549,1.);
#14549 = DIRECTION('',(1.224646799147E-16,0.,-1.));
#14550 = PCURVE('',#14500,#14551);
#14551 = DEFINITIONAL_REPRESENTATION('',(#14552),#14556);
#14552 = LINE('',#14553,#14554);
#14553 = CARTESIAN_POINT('',(0.,-23.5));
#14554 = VECTOR('',#14555,1.);
#14555 = DIRECTION('',(1.,0.));
#14556 = ( GEOMETRIC_REPRESENTATION_CONTEXT(2) 
PARAMETRIC_REPRESENTATION_CONTEXT() REPRESENTATION_CONTEXT('2D SPACE',''
  ) );
#14557 = PCURVE('',#14448,#14558);
#14558 = DEFINITIONAL_REPRESENTATION('',(#14559),#14563);
#14559 = LINE('',#14560,#14561);
#14560 = CARTESIAN_POINT('',(-4.28007399065E-16,18.));
#14561 = VECTOR('',#14562,1.);
#14562 = DIRECTION('',(1.,0.));
#14563 = ( GEOMETRIC_REPRESENTATION_CONTEXT(2) 
PARAMETRIC_REPRESENTATION_CONTEXT() REPRESENTATION_CONTEXT('2D SPACE',''
  ) );
#14564 = ORIENTED_EDGE('',*,*,#14565,.F.);
#14565 = EDGE_CURVE('',#14492,#14543,#14566,.T.);
#14566 = SURFACE_CURVE('',#14567,(#14571,#14578),.PCURVE_S1.);
#14567 = LINE('',#14568,#14569);
#14568 = CARTESIAN_POINT('',(24.5000092,-24.8450014,-6.));
#14569 = VECTOR('',#14570,1.);
#14570 = DIRECTION('',(0.,1.,0.));
#14571 = PCURVE('',#14500,#14572);
#14572 = DEFINITIONAL_REPRESENTATION('',(#14573),#14577);
#14573 = LINE('',#14574,#14575);
#14574 = CARTESIAN_POINT('',(1.,0.));
#14575 = VECTOR('',#14576,1.);
#14576 = DIRECTION('',(0.,-1.));
#14577 = ( GEOMETRIC_REPRESENTATION_CONTEXT(2) 
PARAMETRIC_REPRESENTATION_CONTEXT() REPRESENTATION_CONTEXT('2D SPACE',''
  ) );
#14578 = PCURVE('',#14474,#14579);
#14579 = DEFINITIONAL_REPRESENTATION('',(#14580),#14584);
#14580 = LINE('',#14581,#14582);
#14581 = CARTESIAN_POINT('',(18.,0.));
#14582 = VECTOR('',#14583,1.);
#14583 = DIRECTION('',(0.,1.));
#14584 = ( GEOMETRIC_REPRESENTATION_CONTEXT(2) 
PARAMETRIC_REPRESENTATION_CONTEXT() REPRESENTATION_CONTEXT('2D SPACE',''
  ) );
#14585 = ADVANCED_FACE('',(#14586),#14392,.F.);
#14586 = FACE_BOUND('',#14587,.F.);
#14587 = EDGE_LOOP('',(#14588,#14609,#14610,#14631));
#14588 = ORIENTED_EDGE('',*,*,#14589,.F.);
#14589 = EDGE_CURVE('',#14370,#14490,#14590,.T.);
#14590 = SURFACE_CURVE('',#14591,(#14595,#14602),.PCURVE_S1.);
#14591 = LINE('',#14592,#14593);
#14592 = CARTESIAN_POINT('',(42.5000092,-24.8450014,-5.));
#14593 = VECTOR('',#14594,1.);
#14594 = DIRECTION('',(-1.,0.,-1.224646799147E-16));
#14595 = PCURVE('',#14392,#14596);
#14596 = DEFINITIONAL_REPRESENTATION('',(#14597),#14601);
#14597 = LINE('',#14598,#14599);
#14598 = CARTESIAN_POINT('',(0.,0.));
#14599 = VECTOR('',#14600,1.);
#14600 = DIRECTION('',(0.,1.));
#14601 = ( GEOMETRIC_REPRESENTATION_CONTEXT(2) 
PARAMETRIC_REPRESENTATION_CONTEXT() REPRESENTATION_CONTEXT('2D SPACE',''
  ) );
#14602 = PCURVE('',#14420,#14603);
#14603 = DEFINITIONAL_REPRESENTATION('',(#14604),#14608);
#14604 = LINE('',#14605,#14606);
#14605 = CARTESIAN_POINT('',(0.,0.));
#14606 = VECTOR('',#14607,1.);
#14607 = DIRECTION('',(1.,0.));
#14608 = ( GEOMETRIC_REPRESENTATION_CONTEXT(2) 
PARAMETRIC_REPRESENTATION_CONTEXT() REPRESENTATION_CONTEXT('2D SPACE',''
  ) );
#14609 = ORIENTED_EDGE('',*,*,#14369,.T.);
#14610 = ORIENTED_EDGE('',*,*,#14611,.T.);
#14611 = EDGE_CURVE('',#14372,#14492,#14612,.T.);
#14612 = SURFACE_CURVE('',#14613,(#14617,#14624),.PCURVE_S1.);
#14613 = LINE('',#14614,#14615);
#14614 = CARTESIAN_POINT('',(42.5000092,-24.8450014,-6.));
#14615 = VECTOR('',#14616,1.);
#14616 = DIRECTION('',(-1.,0.,-1.224646799147E-16));
#14617 = PCURVE('',#14392,#14618);
#14618 = DEFINITIONAL_REPRESENTATION('',(#14619),#14623);
#14619 = LINE('',#14620,#14621);
#14620 = CARTESIAN_POINT('',(1.,1.224646799147E-16));
#14621 = VECTOR('',#14622,1.);
#14622 = DIRECTION('',(0.,1.));
#14623 = ( GEOMETRIC_REPRESENTATION_CONTEXT(2) 
PARAMETRIC_REPRESENTATION_CONTEXT() REPRESENTATION_CONTEXT('2D SPACE',''
  ) );
#14624 = PCURVE('',#14474,#14625);
#14625 = DEFINITIONAL_REPRESENTATION('',(#14626),#14630);
#14626 = LINE('',#14627,#14628);
#14627 = CARTESIAN_POINT('',(0.,0.));
#14628 = VECTOR('',#14629,1.);
#14629 = DIRECTION('',(1.,0.));
#14630 = ( GEOMETRIC_REPRESENTATION_CONTEXT(2) 
PARAMETRIC_REPRESENTATION_CONTEXT() REPRESENTATION_CONTEXT('2D SPACE',''
  ) );
#14631 = ORIENTED_EDGE('',*,*,#14489,.F.);
#14632 = ADVANCED_FACE('',(#14633),#14448,.T.);
#14633 = FACE_BOUND('',#14634,.T.);
#14634 = EDGE_LOOP('',(#14635,#14656,#14657,#14678));
#14635 = ORIENTED_EDGE('',*,*,#14636,.F.);
#14636 = EDGE_CURVE('',#14405,#14520,#14637,.T.);
#14637 = SURFACE_CURVE('',#14638,(#14642,#14649),.PCURVE_S1.);
#14638 = LINE('',#14639,#14640);
#14639 = CARTESIAN_POINT('',(42.5000092,-1.3450014,-5.));
#14640 = VECTOR('',#14641,1.);
#14641 = DIRECTION('',(-1.,0.,-1.224646799147E-16));
#14642 = PCURVE('',#14448,#14643);
#14643 = DEFINITIONAL_REPRESENTATION('',(#14644),#14648);
#14644 = LINE('',#14645,#14646);
#14645 = CARTESIAN_POINT('',(0.,0.));
#14646 = VECTOR('',#14647,1.);
#14647 = DIRECTION('',(0.,1.));
#14648 = ( GEOMETRIC_REPRESENTATION_CONTEXT(2) 
PARAMETRIC_REPRESENTATION_CONTEXT() REPRESENTATION_CONTEXT('2D SPACE',''
  ) );
#14649 = PCURVE('',#14420,#14650);
#14650 = DEFINITIONAL_REPRESENTATION('',(#14651),#14655);
#14651 = LINE('',#14652,#14653);
#14652 = CARTESIAN_POINT('',(0.,23.5));
#14653 = VECTOR('',#14654,1.);
#14654 = DIRECTION('',(1.,0.));
#14655 = ( GEOMETRIC_REPRESENTATION_CONTEXT(2) 
PARAMETRIC_REPRESENTATION_CONTEXT() REPRESENTATION_CONTEXT('2D SPACE',''
  ) );
#14656 = ORIENTED_EDGE('',*,*,#14432,.T.);
#14657 = ORIENTED_EDGE('',*,*,#14658,.T.);
#14658 = EDGE_CURVE('',#14433,#14543,#14659,.T.);
#14659 = SURFACE_CURVE('',#14660,(#14664,#14671),.PCURVE_S1.);
#14660 = LINE('',#14661,#14662);
#14661 = CARTESIAN_POINT('',(42.5000092,-1.3450014,-6.));
#14662 = VECTOR('',#14663,1.);
#14663 = DIRECTION('',(-1.,0.,-1.224646799147E-16));
#14664 = PCURVE('',#14448,#14665);
#14665 = DEFINITIONAL_REPRESENTATION('',(#14666),#14670);
#14666 = LINE('',#14667,#14668);
#14667 = CARTESIAN_POINT('',(1.,1.224646799147E-16));
#14668 = VECTOR('',#14669,1.);
#14669 = DIRECTION('',(0.,1.));
#14670 = ( GEOMETRIC_REPRESENTATION_CONTEXT(2) 
PARAMETRIC_REPRESENTATION_CONTEXT() REPRESENTATION_CONTEXT('2D SPACE',''
  ) );
#14671 = PCURVE('',#14474,#14672);
#14672 = DEFINITIONAL_REPRESENTATION('',(#14673),#14677);
#14673 = LINE('',#14674,#14675);
#14674 = CARTESIAN_POINT('',(0.,23.5));
#14675 = VECTOR('',#14676,1.);
#14676 = DIRECTION('',(1.,0.));
#14677 = ( GEOMETRIC_REPRESENTATION_CONTEXT(2) 
PARAMETRIC_REPRESENTATION_CONTEXT() REPRESENTATION_CONTEXT('2D SPACE',''
  ) );
#14678 = ORIENTED_EDGE('',*,*,#14542,.F.);
#14679 = ADVANCED_FACE('',(#14680),#14420,.F.);
#14680 = FACE_BOUND('',#14681,.F.);
#14681 = EDGE_LOOP('',(#14682,#14683,#14684,#14685));
#14682 = ORIENTED_EDGE('',*,*,#14404,.F.);
#14683 = ORIENTED_EDGE('',*,*,#14589,.T.);
#14684 = ORIENTED_EDGE('',*,*,#14519,.T.);
#14685 = ORIENTED_EDGE('',*,*,#14636,.F.);
#14686 = ADVANCED_FACE('',(#14687),#14474,.T.);
#14687 = FACE_BOUND('',#14688,.T.);
#14688 = EDGE_LOOP('',(#14689,#14690,#14691,#14692));
#14689 = ORIENTED_EDGE('',*,*,#14460,.F.);
#14690 = ORIENTED_EDGE('',*,*,#14611,.T.);
#14691 = ORIENTED_EDGE('',*,*,#14565,.T.);
#14692 = ORIENTED_EDGE('',*,*,#14658,.F.);
#14693 = ( GEOMETRIC_REPRESENTATION_CONTEXT(3) 
GLOBAL_UNCERTAINTY_ASSIGNED_CONTEXT((#14697)) 
GLOBAL_UNIT_ASSIGNED_CONTEXT((#14694,#14695,#14696)) 
REPRESENTATION_CONTEXT('Context #1',
  '3D Context with UNIT and UNCERTAINTY') );
#14694 = ( LENGTH_UNIT() NAMED_UNIT(*) SI_UNIT(.MILLI.,.METRE.) );
#14695 = ( NAMED_UNIT(*) PLANE_ANGLE_UNIT() SI_UNIT($,.RADIAN.) );
#14696 = ( NAMED_UNIT(*) SI_UNIT($,.STERADIAN.) SOLID_ANGLE_UNIT() );
#14697 = UNCERTAINTY_MEASURE_WITH_UNIT(LENGTH_MEASURE(1.E-07),#14694,
  'distance_accuracy_value','confusion accuracy');
#14698 = CONTEXT_DEPENDENT_SHAPE_REPRESENTATION(#14699,#14701);
#14699 = ( REPRESENTATION_RELATIONSHIP('','',#14362,#10) 
REPRESENTATION_RELATIONSHIP_WITH_TRANSFORMATION(#14700) 
SHAPE_REPRESENTATION_RELATIONSHIP() );
#14700 = ITEM_DEFINED_TRANSFORMATION('','',#11,#119);
#14701 = PRODUCT_DEFINITION_SHAPE('Placement','Placement of an item',
  #14702);
#14702 = NEXT_ASSEMBLY_USAGE_OCCURRENCE('42','','',#5,#14357,$);
#14703 = PRODUCT_RELATED_PRODUCT_CATEGORY('part',$,(#14359));
#14704 = SHAPE_DEFINITION_REPRESENTATION(#14705,#14711);
#14705 = PRODUCT_DEFINITION_SHAPE('','',#14706);
#14706 = PRODUCT_DEFINITION('design','',#14707,#14710);
#14707 = PRODUCT_DEFINITION_FORMATION('','',#14708);
#14708 = PRODUCT('Open CASCADE STEP translator 7.9 5.28',
  'Open CASCADE STEP translator 7.9 5.28','',(#14709));
#14709 = PRODUCT_CONTEXT('',#2,'mechanical');
#14710 = PRODUCT_DEFINITION_CONTEXT('part definition',#2,'design');
#14711 = ADVANCED_BREP_SHAPE_REPRESENTATION('',(#11,#14712),#15042);
#14712 = MANIFOLD_SOLID_BREP('',#14713);
#14713 = CLOSED_SHELL('',(#14714,#14834,#14934,#14981,#15028,#15035));
#14714 = ADVANCED_FACE('',(#14715),#14729,.F.);
#14715 = FACE_BOUND('',#14716,.F.);
#14716 = EDGE_LOOP('',(#14717,#14752,#14780,#14808));
#14717 = ORIENTED_EDGE('',*,*,#14718,.F.);
#14718 = EDGE_CURVE('',#14719,#14721,#14723,.T.);
#14719 = VERTEX_POINT('',#14720);
#14720 = CARTESIAN_POINT('',(37.9000092,-6.7950014,-6.));
#14721 = VERTEX_POINT('',#14722);
#14722 = CARTESIAN_POINT('',(37.9000092,-6.7950014,-8.7));
#14723 = SURFACE_CURVE('',#14724,(#14728,#14740),.PCURVE_S1.);
#14724 = LINE('',#14725,#14726);
#14725 = CARTESIAN_POINT('',(37.9000092,-6.7950014,-6.));
#14726 = VECTOR('',#14727,1.);
#14727 = DIRECTION('',(1.224646799147E-16,0.,-1.));
#14728 = PCURVE('',#14729,#14734);
#14729 = PLANE('',#14730);
#14730 = AXIS2_PLACEMENT_3D('',#14731,#14732,#14733);
#14731 = CARTESIAN_POINT('',(37.9000092,-6.7950014,-6.));
#14732 = DIRECTION('',(-1.,0.,-1.224646799147E-16));
#14733 = DIRECTION('',(1.224646799147E-16,0.,-1.));
#14734 = DEFINITIONAL_REPRESENTATION('',(#14735),#14739);
#14735 = LINE('',#14736,#14737);
#14736 = CARTESIAN_POINT('',(0.,0.));
#14737 = VECTOR('',#14738,1.);
#14738 = DIRECTION('',(1.,0.));
#14739 = ( GEOMETRIC_REPRESENTATION_CONTEXT(2) 
PARAMETRIC_REPRESENTATION_CONTEXT() REPRESENTATION_CONTEXT('2D SPACE',''
  ) );
#14740 = PCURVE('',#14741,#14746);
#14741 = PLANE('',#14742);
#14742 = AXIS2_PLACEMENT_3D('',#14743,#14744,#14745);
#14743 = CARTESIAN_POINT('',(37.9000092,-6.7950014,-6.));
#14744 = DIRECTION('',(0.,1.,0.));
#14745 = DIRECTION('',(1.224646799147E-16,0.,-1.));
#14746 = DEFINITIONAL_REPRESENTATION('',(#14747),#14751);
#14747 = LINE('',#14748,#14749);
#14748 = CARTESIAN_POINT('',(0.,0.));
#14749 = VECTOR('',#14750,1.);
#14750 = DIRECTION('',(1.,0.));
#14751 = ( GEOMETRIC_REPRESENTATION_CONTEXT(2) 
PARAMETRIC_REPRESENTATION_CONTEXT() REPRESENTATION_CONTEXT('2D SPACE',''
  ) );
#14752 = ORIENTED_EDGE('',*,*,#14753,.T.);
#14753 = EDGE_CURVE('',#14719,#14754,#14756,.T.);
#14754 = VERTEX_POINT('',#14755);
#14755 = CARTESIAN_POINT('',(37.9000092,0.2049986,-6.));
#14756 = SURFACE_CURVE('',#14757,(#14761,#14768),.PCURVE_S1.);
#14757 = LINE('',#14758,#14759);
#14758 = CARTESIAN_POINT('',(37.9000092,-6.7950014,-6.));
#14759 = VECTOR('',#14760,1.);
#14760 = DIRECTION('',(0.,1.,0.));
#14761 = PCURVE('',#14729,#14762);
#14762 = DEFINITIONAL_REPRESENTATION('',(#14763),#14767);
#14763 = LINE('',#14764,#14765);
#14764 = CARTESIAN_POINT('',(0.,0.));
#14765 = VECTOR('',#14766,1.);
#14766 = DIRECTION('',(0.,-1.));
#14767 = ( GEOMETRIC_REPRESENTATION_CONTEXT(2) 
PARAMETRIC_REPRESENTATION_CONTEXT() REPRESENTATION_CONTEXT('2D SPACE',''
  ) );
#14768 = PCURVE('',#14769,#14774);
#14769 = PLANE('',#14770);
#14770 = AXIS2_PLACEMENT_3D('',#14771,#14772,#14773);
#14771 = CARTESIAN_POINT('',(37.9000092,-6.7950014,-6.));
#14772 = DIRECTION('',(1.224646799147E-16,0.,-1.));
#14773 = DIRECTION('',(-1.,0.,-1.224646799147E-16));
#14774 = DEFINITIONAL_REPRESENTATION('',(#14775),#14779);
#14775 = LINE('',#14776,#14777);
#14776 = CARTESIAN_POINT('',(0.,0.));
#14777 = VECTOR('',#14778,1.);
#14778 = DIRECTION('',(0.,1.));
#14779 = ( GEOMETRIC_REPRESENTATION_CONTEXT(2) 
PARAMETRIC_REPRESENTATION_CONTEXT() REPRESENTATION_CONTEXT('2D SPACE',''
  ) );
#14780 = ORIENTED_EDGE('',*,*,#14781,.T.);
#14781 = EDGE_CURVE('',#14754,#14782,#14784,.T.);
#14782 = VERTEX_POINT('',#14783);
#14783 = CARTESIAN_POINT('',(37.9000092,0.2049986,-8.7));
#14784 = SURFACE_CURVE('',#14785,(#14789,#14796),.PCURVE_S1.);
#14785 = LINE('',#14786,#14787);
#14786 = CARTESIAN_POINT('',(37.9000092,0.2049986,-6.));
#14787 = VECTOR('',#14788,1.);
#14788 = DIRECTION('',(1.224646799147E-16,0.,-1.));
#14789 = PCURVE('',#14729,#14790);
#14790 = DEFINITIONAL_REPRESENTATION('',(#14791),#14795);
#14791 = LINE('',#14792,#14793);
#14792 = CARTESIAN_POINT('',(0.,-7.));
#14793 = VECTOR('',#14794,1.);
#14794 = DIRECTION('',(1.,0.));
#14795 = ( GEOMETRIC_REPRESENTATION_CONTEXT(2) 
PARAMETRIC_REPRESENTATION_CONTEXT() REPRESENTATION_CONTEXT('2D SPACE',''
  ) );
#14796 = PCURVE('',#14797,#14802);
#14797 = PLANE('',#14798);
#14798 = AXIS2_PLACEMENT_3D('',#14799,#14800,#14801);
#14799 = CARTESIAN_POINT('',(37.9000092,0.2049986,-6.));
#14800 = DIRECTION('',(0.,1.,0.));
#14801 = DIRECTION('',(1.224646799147E-16,0.,-1.));
#14802 = DEFINITIONAL_REPRESENTATION('',(#14803),#14807);
#14803 = LINE('',#14804,#14805);
#14804 = CARTESIAN_POINT('',(0.,0.));
#14805 = VECTOR('',#14806,1.);
#14806 = DIRECTION('',(1.,0.));
#14807 = ( GEOMETRIC_REPRESENTATION_CONTEXT(2) 
PARAMETRIC_REPRESENTATION_CONTEXT() REPRESENTATION_CONTEXT('2D SPACE',''
  ) );
#14808 = ORIENTED_EDGE('',*,*,#14809,.F.);
#14809 = EDGE_CURVE('',#14721,#14782,#14810,.T.);
#14810 = SURFACE_CURVE('',#14811,(#14815,#14822),.PCURVE_S1.);
#14811 = LINE('',#14812,#14813);
#14812 = CARTESIAN_POINT('',(37.9000092,-6.7950014,-8.7));
#14813 = VECTOR('',#14814,1.);
#14814 = DIRECTION('',(0.,1.,0.));
#14815 = PCURVE('',#14729,#14816);
#14816 = DEFINITIONAL_REPRESENTATION('',(#14817),#14821);
#14817 = LINE('',#14818,#14819);
#14818 = CARTESIAN_POINT('',(2.7,0.));
#14819 = VECTOR('',#14820,1.);
#14820 = DIRECTION('',(0.,-1.));
#14821 = ( GEOMETRIC_REPRESENTATION_CONTEXT(2) 
PARAMETRIC_REPRESENTATION_CONTEXT() REPRESENTATION_CONTEXT('2D SPACE',''
  ) );
#14822 = PCURVE('',#14823,#14828);
#14823 = PLANE('',#14824);
#14824 = AXIS2_PLACEMENT_3D('',#14825,#14826,#14827);
#14825 = CARTESIAN_POINT('',(37.9000092,-6.7950014,-8.7));
#14826 = DIRECTION('',(1.224646799147E-16,0.,-1.));
#14827 = DIRECTION('',(-1.,0.,-1.224646799147E-16));
#14828 = DEFINITIONAL_REPRESENTATION('',(#14829),#14833);
#14829 = LINE('',#14830,#14831);
#14830 = CARTESIAN_POINT('',(0.,0.));
#14831 = VECTOR('',#14832,1.);
#14832 = DIRECTION('',(0.,1.));
#14833 = ( GEOMETRIC_REPRESENTATION_CONTEXT(2) 
PARAMETRIC_REPRESENTATION_CONTEXT() REPRESENTATION_CONTEXT('2D SPACE',''
  ) );
#14834 = ADVANCED_FACE('',(#14835),#14849,.T.);
#14835 = FACE_BOUND('',#14836,.T.);
#14836 = EDGE_LOOP('',(#14837,#14867,#14890,#14913));
#14837 = ORIENTED_EDGE('',*,*,#14838,.F.);
#14838 = EDGE_CURVE('',#14839,#14841,#14843,.T.);
#14839 = VERTEX_POINT('',#14840);
#14840 = CARTESIAN_POINT('',(29.1000092,-6.7950014,-6.));
#14841 = VERTEX_POINT('',#14842);
#14842 = CARTESIAN_POINT('',(29.1000092,-6.7950014,-8.7));
#14843 = SURFACE_CURVE('',#14844,(#14848,#14860),.PCURVE_S1.);
#14844 = LINE('',#14845,#14846);
#14845 = CARTESIAN_POINT('',(29.1000092,-6.7950014,-6.));
#14846 = VECTOR('',#14847,1.);
#14847 = DIRECTION('',(1.224646799147E-16,0.,-1.));
#14848 = PCURVE('',#14849,#14854);
#14849 = PLANE('',#14850);
#14850 = AXIS2_PLACEMENT_3D('',#14851,#14852,#14853);
#14851 = CARTESIAN_POINT('',(29.1000092,-6.7950014,-6.));
#14852 = DIRECTION('',(-1.,0.,-1.224646799147E-16));
#14853 = DIRECTION('',(1.224646799147E-16,0.,-1.));
#14854 = DEFINITIONAL_REPRESENTATION('',(#14855),#14859);
#14855 = LINE('',#14856,#14857);
#14856 = CARTESIAN_POINT('',(0.,0.));
#14857 = VECTOR('',#14858,1.);
#14858 = DIRECTION('',(1.,0.));
#14859 = ( GEOMETRIC_REPRESENTATION_CONTEXT(2) 
PARAMETRIC_REPRESENTATION_CONTEXT() REPRESENTATION_CONTEXT('2D SPACE',''
  ) );
#14860 = PCURVE('',#14741,#14861);
#14861 = DEFINITIONAL_REPRESENTATION('',(#14862),#14866);
#14862 = LINE('',#14863,#14864);
#14863 = CARTESIAN_POINT('',(6.986676561506E-16,8.8));
#14864 = VECTOR('',#14865,1.);
#14865 = DIRECTION('',(1.,0.));
#14866 = ( GEOMETRIC_REPRESENTATION_CONTEXT(2) 
PARAMETRIC_REPRESENTATION_CONTEXT() REPRESENTATION_CONTEXT('2D SPACE',''
  ) );
#14867 = ORIENTED_EDGE('',*,*,#14868,.T.);
#14868 = EDGE_CURVE('',#14839,#14869,#14871,.T.);
#14869 = VERTEX_POINT('',#14870);
#14870 = CARTESIAN_POINT('',(29.1000092,0.2049986,-6.));
#14871 = SURFACE_CURVE('',#14872,(#14876,#14883),.PCURVE_S1.);
#14872 = LINE('',#14873,#14874);
#14873 = CARTESIAN_POINT('',(29.1000092,-6.7950014,-6.));
#14874 = VECTOR('',#14875,1.);
#14875 = DIRECTION('',(0.,1.,0.));
#14876 = PCURVE('',#14849,#14877);
#14877 = DEFINITIONAL_REPRESENTATION('',(#14878),#14882);
#14878 = LINE('',#14879,#14880);
#14879 = CARTESIAN_POINT('',(0.,0.));
#14880 = VECTOR('',#14881,1.);
#14881 = DIRECTION('',(0.,-1.));
#14882 = ( GEOMETRIC_REPRESENTATION_CONTEXT(2) 
PARAMETRIC_REPRESENTATION_CONTEXT() REPRESENTATION_CONTEXT('2D SPACE',''
  ) );
#14883 = PCURVE('',#14769,#14884);
#14884 = DEFINITIONAL_REPRESENTATION('',(#14885),#14889);
#14885 = LINE('',#14886,#14887);
#14886 = CARTESIAN_POINT('',(8.8,0.));
#14887 = VECTOR('',#14888,1.);
#14888 = DIRECTION('',(0.,1.));
#14889 = ( GEOMETRIC_REPRESENTATION_CONTEXT(2) 
PARAMETRIC_REPRESENTATION_CONTEXT() REPRESENTATION_CONTEXT('2D SPACE',''
  ) );
#14890 = ORIENTED_EDGE('',*,*,#14891,.T.);
#14891 = EDGE_CURVE('',#14869,#14892,#14894,.T.);
#14892 = VERTEX_POINT('',#14893);
#14893 = CARTESIAN_POINT('',(29.1000092,0.2049986,-8.7));
#14894 = SURFACE_CURVE('',#14895,(#14899,#14906),.PCURVE_S1.);
#14895 = LINE('',#14896,#14897);
#14896 = CARTESIAN_POINT('',(29.1000092,0.2049986,-6.));
#14897 = VECTOR('',#14898,1.);
#14898 = DIRECTION('',(1.224646799147E-16,0.,-1.));
#14899 = PCURVE('',#14849,#14900);
#14900 = DEFINITIONAL_REPRESENTATION('',(#14901),#14905);
#14901 = LINE('',#14902,#14903);
#14902 = CARTESIAN_POINT('',(0.,-7.));
#14903 = VECTOR('',#14904,1.);
#14904 = DIRECTION('',(1.,0.));
#14905 = ( GEOMETRIC_REPRESENTATION_CONTEXT(2) 
PARAMETRIC_REPRESENTATION_CONTEXT() REPRESENTATION_CONTEXT('2D SPACE',''
  ) );
#14906 = PCURVE('',#14797,#14907);
#14907 = DEFINITIONAL_REPRESENTATION('',(#14908),#14912);
#14908 = LINE('',#14909,#14910);
#14909 = CARTESIAN_POINT('',(6.986676561506E-16,8.8));
#14910 = VECTOR('',#14911,1.);
#14911 = DIRECTION('',(1.,0.));
#14912 = ( GEOMETRIC_REPRESENTATION_CONTEXT(2) 
PARAMETRIC_REPRESENTATION_CONTEXT() REPRESENTATION_CONTEXT('2D SPACE',''
  ) );
#14913 = ORIENTED_EDGE('',*,*,#14914,.F.);
#14914 = EDGE_CURVE('',#14841,#14892,#14915,.T.);
#14915 = SURFACE_CURVE('',#14916,(#14920,#14927),.PCURVE_S1.);
#14916 = LINE('',#14917,#14918);
#14917 = CARTESIAN_POINT('',(29.1000092,-6.7950014,-8.7));
#14918 = VECTOR('',#14919,1.);
#14919 = DIRECTION('',(0.,1.,0.));
#14920 = PCURVE('',#14849,#14921);
#14921 = DEFINITIONAL_REPRESENTATION('',(#14922),#14926);
#14922 = LINE('',#14923,#14924);
#14923 = CARTESIAN_POINT('',(2.7,0.));
#14924 = VECTOR('',#14925,1.);
#14925 = DIRECTION('',(0.,-1.));
#14926 = ( GEOMETRIC_REPRESENTATION_CONTEXT(2) 
PARAMETRIC_REPRESENTATION_CONTEXT() REPRESENTATION_CONTEXT('2D SPACE',''
  ) );
#14927 = PCURVE('',#14823,#14928);
#14928 = DEFINITIONAL_REPRESENTATION('',(#14929),#14933);
#14929 = LINE('',#14930,#14931);
#14930 = CARTESIAN_POINT('',(8.8,0.));
#14931 = VECTOR('',#14932,1.);
#14932 = DIRECTION('',(0.,1.));
#14933 = ( GEOMETRIC_REPRESENTATION_CONTEXT(2) 
PARAMETRIC_REPRESENTATION_CONTEXT() REPRESENTATION_CONTEXT('2D SPACE',''
  ) );
#14934 = ADVANCED_FACE('',(#14935),#14741,.F.);
#14935 = FACE_BOUND('',#14936,.F.);
#14936 = EDGE_LOOP('',(#14937,#14958,#14959,#14980));
#14937 = ORIENTED_EDGE('',*,*,#14938,.F.);
#14938 = EDGE_CURVE('',#14719,#14839,#14939,.T.);
#14939 = SURFACE_CURVE('',#14940,(#14944,#14951),.PCURVE_S1.);
#14940 = LINE('',#14941,#14942);
#14941 = CARTESIAN_POINT('',(37.9000092,-6.7950014,-6.));
#14942 = VECTOR('',#14943,1.);
#14943 = DIRECTION('',(-1.,0.,-1.224646799147E-16));
#14944 = PCURVE('',#14741,#14945);
#14945 = DEFINITIONAL_REPRESENTATION('',(#14946),#14950);
#14946 = LINE('',#14947,#14948);
#14947 = CARTESIAN_POINT('',(0.,0.));
#14948 = VECTOR('',#14949,1.);
#14949 = DIRECTION('',(0.,1.));
#14950 = ( GEOMETRIC_REPRESENTATION_CONTEXT(2) 
PARAMETRIC_REPRESENTATION_CONTEXT() REPRESENTATION_CONTEXT('2D SPACE',''
  ) );
#14951 = PCURVE('',#14769,#14952);
#14952 = DEFINITIONAL_REPRESENTATION('',(#14953),#14957);
#14953 = LINE('',#14954,#14955);
#14954 = CARTESIAN_POINT('',(0.,0.));
#14955 = VECTOR('',#14956,1.);
#14956 = DIRECTION('',(1.,0.));
#14957 = ( GEOMETRIC_REPRESENTATION_CONTEXT(2) 
PARAMETRIC_REPRESENTATION_CONTEXT() REPRESENTATION_CONTEXT('2D SPACE',''
  ) );
#14958 = ORIENTED_EDGE('',*,*,#14718,.T.);
#14959 = ORIENTED_EDGE('',*,*,#14960,.T.);
#14960 = EDGE_CURVE('',#14721,#14841,#14961,.T.);
#14961 = SURFACE_CURVE('',#14962,(#14966,#14973),.PCURVE_S1.);
#14962 = LINE('',#14963,#14964);
#14963 = CARTESIAN_POINT('',(37.9000092,-6.7950014,-8.7));
#14964 = VECTOR('',#14965,1.);
#14965 = DIRECTION('',(-1.,0.,-1.224646799147E-16));
#14966 = PCURVE('',#14741,#14967);
#14967 = DEFINITIONAL_REPRESENTATION('',(#14968),#14972);
#14968 = LINE('',#14969,#14970);
#14969 = CARTESIAN_POINT('',(2.7,3.306546357698E-16));
#14970 = VECTOR('',#14971,1.);
#14971 = DIRECTION('',(0.,1.));
#14972 = ( GEOMETRIC_REPRESENTATION_CONTEXT(2) 
PARAMETRIC_REPRESENTATION_CONTEXT() REPRESENTATION_CONTEXT('2D SPACE',''
  ) );
#14973 = PCURVE('',#14823,#14974);
#14974 = DEFINITIONAL_REPRESENTATION('',(#14975),#14979);
#14975 = LINE('',#14976,#14977);
#14976 = CARTESIAN_POINT('',(0.,0.));
#14977 = VECTOR('',#14978,1.);
#14978 = DIRECTION('',(1.,0.));
#14979 = ( GEOMETRIC_REPRESENTATION_CONTEXT(2) 
PARAMETRIC_REPRESENTATION_CONTEXT() REPRESENTATION_CONTEXT('2D SPACE',''
  ) );
#14980 = ORIENTED_EDGE('',*,*,#14838,.F.);
#14981 = ADVANCED_FACE('',(#14982),#14797,.T.);
#14982 = FACE_BOUND('',#14983,.T.);
#14983 = EDGE_LOOP('',(#14984,#15005,#15006,#15027));
#14984 = ORIENTED_EDGE('',*,*,#14985,.F.);
#14985 = EDGE_CURVE('',#14754,#14869,#14986,.T.);
#14986 = SURFACE_CURVE('',#14987,(#14991,#14998),.PCURVE_S1.);
#14987 = LINE('',#14988,#14989);
#14988 = CARTESIAN_POINT('',(37.9000092,0.2049986,-6.));
#14989 = VECTOR('',#14990,1.);
#14990 = DIRECTION('',(-1.,0.,-1.224646799147E-16));
#14991 = PCURVE('',#14797,#14992);
#14992 = DEFINITIONAL_REPRESENTATION('',(#14993),#14997);
#14993 = LINE('',#14994,#14995);
#14994 = CARTESIAN_POINT('',(0.,0.));
#14995 = VECTOR('',#14996,1.);
#14996 = DIRECTION('',(0.,1.));
#14997 = ( GEOMETRIC_REPRESENTATION_CONTEXT(2) 
PARAMETRIC_REPRESENTATION_CONTEXT() REPRESENTATION_CONTEXT('2D SPACE',''
  ) );
#14998 = PCURVE('',#14769,#14999);
#14999 = DEFINITIONAL_REPRESENTATION('',(#15000),#15004);
#15000 = LINE('',#15001,#15002);
#15001 = CARTESIAN_POINT('',(0.,7.));
#15002 = VECTOR('',#15003,1.);
#15003 = DIRECTION('',(1.,0.));
#15004 = ( GEOMETRIC_REPRESENTATION_CONTEXT(2) 
PARAMETRIC_REPRESENTATION_CONTEXT() REPRESENTATION_CONTEXT('2D SPACE',''
  ) );
#15005 = ORIENTED_EDGE('',*,*,#14781,.T.);
#15006 = ORIENTED_EDGE('',*,*,#15007,.T.);
#15007 = EDGE_CURVE('',#14782,#14892,#15008,.T.);
#15008 = SURFACE_CURVE('',#15009,(#15013,#15020),.PCURVE_S1.);
#15009 = LINE('',#15010,#15011);
#15010 = CARTESIAN_POINT('',(37.9000092,0.2049986,-8.7));
#15011 = VECTOR('',#15012,1.);
#15012 = DIRECTION('',(-1.,0.,-1.224646799147E-16));
#15013 = PCURVE('',#14797,#15014);
#15014 = DEFINITIONAL_REPRESENTATION('',(#15015),#15019);
#15015 = LINE('',#15016,#15017);
#15016 = CARTESIAN_POINT('',(2.7,3.306546357698E-16));
#15017 = VECTOR('',#15018,1.);
#15018 = DIRECTION('',(0.,1.));
#15019 = ( GEOMETRIC_REPRESENTATION_CONTEXT(2) 
PARAMETRIC_REPRESENTATION_CONTEXT() REPRESENTATION_CONTEXT('2D SPACE',''
  ) );
#15020 = PCURVE('',#14823,#15021);
#15021 = DEFINITIONAL_REPRESENTATION('',(#15022),#15026);
#15022 = LINE('',#15023,#15024);
#15023 = CARTESIAN_POINT('',(0.,7.));
#15024 = VECTOR('',#15025,1.);
#15025 = DIRECTION('',(1.,0.));
#15026 = ( GEOMETRIC_REPRESENTATION_CONTEXT(2) 
PARAMETRIC_REPRESENTATION_CONTEXT() REPRESENTATION_CONTEXT('2D SPACE',''
  ) );
#15027 = ORIENTED_EDGE('',*,*,#14891,.F.);
#15028 = ADVANCED_FACE('',(#15029),#14769,.F.);
#15029 = FACE_BOUND('',#15030,.F.);
#15030 = EDGE_LOOP('',(#15031,#15032,#15033,#15034));
#15031 = ORIENTED_EDGE('',*,*,#14753,.F.);
#15032 = ORIENTED_EDGE('',*,*,#14938,.T.);
#15033 = ORIENTED_EDGE('',*,*,#14868,.T.);
#15034 = ORIENTED_EDGE('',*,*,#14985,.F.);
#15035 = ADVANCED_FACE('',(#15036),#14823,.T.);
#15036 = FACE_BOUND('',#15037,.T.);
#15037 = EDGE_LOOP('',(#15038,#15039,#15040,#15041));
#15038 = ORIENTED_EDGE('',*,*,#14809,.F.);
#15039 = ORIENTED_EDGE('',*,*,#14960,.T.);
#15040 = ORIENTED_EDGE('',*,*,#14914,.T.);
#15041 = ORIENTED_EDGE('',*,*,#15007,.F.);
#15042 = ( GEOMETRIC_REPRESENTATION_CONTEXT(3) 
GLOBAL_UNCERTAINTY_ASSIGNED_CONTEXT((#15046)) 
GLOBAL_UNIT_ASSIGNED_CONTEXT((#15043,#15044,#15045)) 
REPRESENTATION_CONTEXT('Context #1',
  '3D Context with UNIT and UNCERTAINTY') );
#15043 = ( LENGTH_UNIT() NAMED_UNIT(*) SI_UNIT(.MILLI.,.METRE.) );
#15044 = ( NAMED_UNIT(*) PLANE_ANGLE_UNIT() SI_UNIT($,.RADIAN.) );
#15045 = ( NAMED_UNIT(*) SI_UNIT($,.STERADIAN.) SOLID_ANGLE_UNIT() );
#15046 = UNCERTAINTY_MEASURE_WITH_UNIT(LENGTH_MEASURE(1.E-07),#15043,
  'distance_accuracy_value','confusion accuracy');
#15047 = CONTEXT_DEPENDENT_SHAPE_REPRESENTATION(#15048,#15050);
#15048 = ( REPRESENTATION_RELATIONSHIP('','',#14711,#10) 
REPRESENTATION_RELATIONSHIP_WITH_TRANSFORMATION(#15049) 
SHAPE_REPRESENTATION_RELATIONSHIP() );
#15049 = ITEM_DEFINED_TRANSFORMATION('','',#11,#123);
#15050 = PRODUCT_DEFINITION_SHAPE('Placement','Placement of an item',
  #15051);
#15051 = NEXT_ASSEMBLY_USAGE_OCCURRENCE('43','','',#5,#14706,$);
#15052 = PRODUCT_RELATED_PRODUCT_CATEGORY('part',$,(#14708));
#15053 = SHAPE_DEFINITION_REPRESENTATION(#15054,#15060);
#15054 = PRODUCT_DEFINITION_SHAPE('','',#15055);
#15055 = PRODUCT_DEFINITION('design','',#15056,#15059);
#15056 = PRODUCT_DEFINITION_FORMATION('','',#15057);
#15057 = PRODUCT('Open CASCADE STEP translator 7.9 5.29',
  'Open CASCADE STEP translator 7.9 5.29','',(#15058));
#15058 = PRODUCT_CONTEXT('',#2,'mechanical');
#15059 = PRODUCT_DEFINITION_CONTEXT('part definition',#2,'design');
#15060 = ADVANCED_BREP_SHAPE_REPRESENTATION('',(#11,#15061),#15391);
#15061 = MANIFOLD_SOLID_BREP('',#15062);
#15062 = CLOSED_SHELL('',(#15063,#15183,#15283,#15330,#15377,#15384));
#15063 = ADVANCED_FACE('',(#15064),#15078,.F.);
#15064 = FACE_BOUND('',#15065,.F.);
#15065 = EDGE_LOOP('',(#15066,#15101,#15129,#15157));
#15066 = ORIENTED_EDGE('',*,*,#15067,.F.);
#15067 = EDGE_CURVE('',#15068,#15070,#15072,.T.);
#15068 = VERTEX_POINT('',#15069);
#15069 = CARTESIAN_POINT('',(36.2500092,-18.8450014,-6.));
#15070 = VERTEX_POINT('',#15071);
#15071 = CARTESIAN_POINT('',(36.2500092,-18.8450014,-6.9));
#15072 = SURFACE_CURVE('',#15073,(#15077,#15089),.PCURVE_S1.);
#15073 = LINE('',#15074,#15075);
#15074 = CARTESIAN_POINT('',(36.2500092,-18.8450014,-6.));
#15075 = VECTOR('',#15076,1.);
#15076 = DIRECTION('',(1.224646799147E-16,0.,-1.));
#15077 = PCURVE('',#15078,#15083);
#15078 = PLANE('',#15079);
#15079 = AXIS2_PLACEMENT_3D('',#15080,#15081,#15082);
#15080 = CARTESIAN_POINT('',(36.2500092,-18.8450014,-6.));
#15081 = DIRECTION('',(-1.,0.,-1.224646799147E-16));
#15082 = DIRECTION('',(1.224646799147E-16,0.,-1.));
#15083 = DEFINITIONAL_REPRESENTATION('',(#15084),#15088);
#15084 = LINE('',#15085,#15086);
#15085 = CARTESIAN_POINT('',(0.,0.));
#15086 = VECTOR('',#15087,1.);
#15087 = DIRECTION('',(1.,0.));
#15088 = ( GEOMETRIC_REPRESENTATION_CONTEXT(2) 
PARAMETRIC_REPRESENTATION_CONTEXT() REPRESENTATION_CONTEXT('2D SPACE',''
  ) );
#15089 = PCURVE('',#15090,#15095);
#15090 = PLANE('',#15091);
#15091 = AXIS2_PLACEMENT_3D('',#15092,#15093,#15094);
#15092 = CARTESIAN_POINT('',(36.2500092,-18.8450014,-6.));
#15093 = DIRECTION('',(0.,1.,0.));
#15094 = DIRECTION('',(1.224646799147E-16,0.,-1.));
#15095 = DEFINITIONAL_REPRESENTATION('',(#15096),#15100);
#15096 = LINE('',#15097,#15098);
#15097 = CARTESIAN_POINT('',(0.,0.));
#15098 = VECTOR('',#15099,1.);
#15099 = DIRECTION('',(1.,0.));
#15100 = ( GEOMETRIC_REPRESENTATION_CONTEXT(2) 
PARAMETRIC_REPRESENTATION_CONTEXT() REPRESENTATION_CONTEXT('2D SPACE',''
  ) );
#15101 = ORIENTED_EDGE('',*,*,#15102,.T.);
#15102 = EDGE_CURVE('',#15068,#15103,#15105,.T.);
#15103 = VERTEX_POINT('',#15104);
#15104 = CARTESIAN_POINT('',(36.2500092,-13.3450014,-6.));
#15105 = SURFACE_CURVE('',#15106,(#15110,#15117),.PCURVE_S1.);
#15106 = LINE('',#15107,#15108);
#15107 = CARTESIAN_POINT('',(36.2500092,-18.8450014,-6.));
#15108 = VECTOR('',#15109,1.);
#15109 = DIRECTION('',(0.,1.,0.));
#15110 = PCURVE('',#15078,#15111);
#15111 = DEFINITIONAL_REPRESENTATION('',(#15112),#15116);
#15112 = LINE('',#15113,#15114);
#15113 = CARTESIAN_POINT('',(0.,0.));
#15114 = VECTOR('',#15115,1.);
#15115 = DIRECTION('',(0.,-1.));
#15116 = ( GEOMETRIC_REPRESENTATION_CONTEXT(2) 
PARAMETRIC_REPRESENTATION_CONTEXT() REPRESENTATION_CONTEXT('2D SPACE',''
  ) );
#15117 = PCURVE('',#15118,#15123);
#15118 = PLANE('',#15119);
#15119 = AXIS2_PLACEMENT_3D('',#15120,#15121,#15122);
#15120 = CARTESIAN_POINT('',(36.2500092,-18.8450014,-6.));
#15121 = DIRECTION('',(1.224646799147E-16,0.,-1.));
#15122 = DIRECTION('',(-1.,0.,-1.224646799147E-16));
#15123 = DEFINITIONAL_REPRESENTATION('',(#15124),#15128);
#15124 = LINE('',#15125,#15126);
#15125 = CARTESIAN_POINT('',(0.,0.));
#15126 = VECTOR('',#15127,1.);
#15127 = DIRECTION('',(0.,1.));
#15128 = ( GEOMETRIC_REPRESENTATION_CONTEXT(2) 
PARAMETRIC_REPRESENTATION_CONTEXT() REPRESENTATION_CONTEXT('2D SPACE',''
  ) );
#15129 = ORIENTED_EDGE('',*,*,#15130,.T.);
#15130 = EDGE_CURVE('',#15103,#15131,#15133,.T.);
#15131 = VERTEX_POINT('',#15132);
#15132 = CARTESIAN_POINT('',(36.2500092,-13.3450014,-6.9));
#15133 = SURFACE_CURVE('',#15134,(#15138,#15145),.PCURVE_S1.);
#15134 = LINE('',#15135,#15136);
#15135 = CARTESIAN_POINT('',(36.2500092,-13.3450014,-6.));
#15136 = VECTOR('',#15137,1.);
#15137 = DIRECTION('',(1.224646799147E-16,0.,-1.));
#15138 = PCURVE('',#15078,#15139);
#15139 = DEFINITIONAL_REPRESENTATION('',(#15140),#15144);
#15140 = LINE('',#15141,#15142);
#15141 = CARTESIAN_POINT('',(0.,-5.5));
#15142 = VECTOR('',#15143,1.);
#15143 = DIRECTION('',(1.,0.));
#15144 = ( GEOMETRIC_REPRESENTATION_CONTEXT(2) 
PARAMETRIC_REPRESENTATION_CONTEXT() REPRESENTATION_CONTEXT('2D SPACE',''
  ) );
#15145 = PCURVE('',#15146,#15151);
#15146 = PLANE('',#15147);
#15147 = AXIS2_PLACEMENT_3D('',#15148,#15149,#15150);
#15148 = CARTESIAN_POINT('',(36.2500092,-13.3450014,-6.));
#15149 = DIRECTION('',(0.,1.,0.));
#15150 = DIRECTION('',(1.224646799147E-16,0.,-1.));
#15151 = DEFINITIONAL_REPRESENTATION('',(#15152),#15156);
#15152 = LINE('',#15153,#15154);
#15153 = CARTESIAN_POINT('',(0.,0.));
#15154 = VECTOR('',#15155,1.);
#15155 = DIRECTION('',(1.,0.));
#15156 = ( GEOMETRIC_REPRESENTATION_CONTEXT(2) 
PARAMETRIC_REPRESENTATION_CONTEXT() REPRESENTATION_CONTEXT('2D SPACE',''
  ) );
#15157 = ORIENTED_EDGE('',*,*,#15158,.F.);
#15158 = EDGE_CURVE('',#15070,#15131,#15159,.T.);
#15159 = SURFACE_CURVE('',#15160,(#15164,#15171),.PCURVE_S1.);
#15160 = LINE('',#15161,#15162);
#15161 = CARTESIAN_POINT('',(36.2500092,-18.8450014,-6.9));
#15162 = VECTOR('',#15163,1.);
#15163 = DIRECTION('',(0.,1.,0.));
#15164 = PCURVE('',#15078,#15165);
#15165 = DEFINITIONAL_REPRESENTATION('',(#15166),#15170);
#15166 = LINE('',#15167,#15168);
#15167 = CARTESIAN_POINT('',(0.9,0.));
#15168 = VECTOR('',#15169,1.);
#15169 = DIRECTION('',(0.,-1.));
#15170 = ( GEOMETRIC_REPRESENTATION_CONTEXT(2) 
PARAMETRIC_REPRESENTATION_CONTEXT() REPRESENTATION_CONTEXT('2D SPACE',''
  ) );
#15171 = PCURVE('',#15172,#15177);
#15172 = PLANE('',#15173);
#15173 = AXIS2_PLACEMENT_3D('',#15174,#15175,#15176);
#15174 = CARTESIAN_POINT('',(36.2500092,-18.8450014,-6.9));
#15175 = DIRECTION('',(1.224646799147E-16,0.,-1.));
#15176 = DIRECTION('',(-1.,0.,-1.224646799147E-16));
#15177 = DEFINITIONAL_REPRESENTATION('',(#15178),#15182);
#15178 = LINE('',#15179,#15180);
#15179 = CARTESIAN_POINT('',(0.,0.));
#15180 = VECTOR('',#15181,1.);
#15181 = DIRECTION('',(0.,1.));
#15182 = ( GEOMETRIC_REPRESENTATION_CONTEXT(2) 
PARAMETRIC_REPRESENTATION_CONTEXT() REPRESENTATION_CONTEXT('2D SPACE',''
  ) );
#15183 = ADVANCED_FACE('',(#15184),#15198,.T.);
#15184 = FACE_BOUND('',#15185,.T.);
#15185 = EDGE_LOOP('',(#15186,#15216,#15239,#15262));
#15186 = ORIENTED_EDGE('',*,*,#15187,.F.);
#15187 = EDGE_CURVE('',#15188,#15190,#15192,.T.);
#15188 = VERTEX_POINT('',#15189);
#15189 = CARTESIAN_POINT('',(30.7500092,-18.8450014,-6.));
#15190 = VERTEX_POINT('',#15191);
#15191 = CARTESIAN_POINT('',(30.7500092,-18.8450014,-6.9));
#15192 = SURFACE_CURVE('',#15193,(#15197,#15209),.PCURVE_S1.);
#15193 = LINE('',#15194,#15195);
#15194 = CARTESIAN_POINT('',(30.7500092,-18.8450014,-6.));
#15195 = VECTOR('',#15196,1.);
#15196 = DIRECTION('',(1.224646799147E-16,0.,-1.));
#15197 = PCURVE('',#15198,#15203);
#15198 = PLANE('',#15199);
#15199 = AXIS2_PLACEMENT_3D('',#15200,#15201,#15202);
#15200 = CARTESIAN_POINT('',(30.7500092,-18.8450014,-6.));
#15201 = DIRECTION('',(-1.,0.,-1.224646799147E-16));
#15202 = DIRECTION('',(1.224646799147E-16,0.,-1.));
#15203 = DEFINITIONAL_REPRESENTATION('',(#15204),#15208);
#15204 = LINE('',#15205,#15206);
#15205 = CARTESIAN_POINT('',(0.,0.));
#15206 = VECTOR('',#15207,1.);
#15207 = DIRECTION('',(1.,0.));
#15208 = ( GEOMETRIC_REPRESENTATION_CONTEXT(2) 
PARAMETRIC_REPRESENTATION_CONTEXT() REPRESENTATION_CONTEXT('2D SPACE',''
  ) );
#15209 = PCURVE('',#15090,#15210);
#15210 = DEFINITIONAL_REPRESENTATION('',(#15211),#15215);
#15211 = LINE('',#15212,#15213);
#15212 = CARTESIAN_POINT('',(-6.73555739531E-16,5.5));
#15213 = VECTOR('',#15214,1.);
#15214 = DIRECTION('',(1.,0.));
#15215 = ( GEOMETRIC_REPRESENTATION_CONTEXT(2) 
PARAMETRIC_REPRESENTATION_CONTEXT() REPRESENTATION_CONTEXT('2D SPACE',''
  ) );
#15216 = ORIENTED_EDGE('',*,*,#15217,.T.);
#15217 = EDGE_CURVE('',#15188,#15218,#15220,.T.);
#15218 = VERTEX_POINT('',#15219);
#15219 = CARTESIAN_POINT('',(30.7500092,-13.3450014,-6.));
#15220 = SURFACE_CURVE('',#15221,(#15225,#15232),.PCURVE_S1.);
#15221 = LINE('',#15222,#15223);
#15222 = CARTESIAN_POINT('',(30.7500092,-18.8450014,-6.));
#15223 = VECTOR('',#15224,1.);
#15224 = DIRECTION('',(0.,1.,0.));
#15225 = PCURVE('',#15198,#15226);
#15226 = DEFINITIONAL_REPRESENTATION('',(#15227),#15231);
#15227 = LINE('',#15228,#15229);
#15228 = CARTESIAN_POINT('',(0.,0.));
#15229 = VECTOR('',#15230,1.);
#15230 = DIRECTION('',(0.,-1.));
#15231 = ( GEOMETRIC_REPRESENTATION_CONTEXT(2) 
PARAMETRIC_REPRESENTATION_CONTEXT() REPRESENTATION_CONTEXT('2D SPACE',''
  ) );
#15232 = PCURVE('',#15118,#15233);
#15233 = DEFINITIONAL_REPRESENTATION('',(#15234),#15238);
#15234 = LINE('',#15235,#15236);
#15235 = CARTESIAN_POINT('',(5.5,0.));
#15236 = VECTOR('',#15237,1.);
#15237 = DIRECTION('',(0.,1.));
#15238 = ( GEOMETRIC_REPRESENTATION_CONTEXT(2) 
PARAMETRIC_REPRESENTATION_CONTEXT() REPRESENTATION_CONTEXT('2D SPACE',''
  ) );
#15239 = ORIENTED_EDGE('',*,*,#15240,.T.);
#15240 = EDGE_CURVE('',#15218,#15241,#15243,.T.);
#15241 = VERTEX_POINT('',#15242);
#15242 = CARTESIAN_POINT('',(30.7500092,-13.3450014,-6.9));
#15243 = SURFACE_CURVE('',#15244,(#15248,#15255),.PCURVE_S1.);
#15244 = LINE('',#15245,#15246);
#15245 = CARTESIAN_POINT('',(30.7500092,-13.3450014,-6.));
#15246 = VECTOR('',#15247,1.);
#15247 = DIRECTION('',(1.224646799147E-16,0.,-1.));
#15248 = PCURVE('',#15198,#15249);
#15249 = DEFINITIONAL_REPRESENTATION('',(#15250),#15254);
#15250 = LINE('',#15251,#15252);
#15251 = CARTESIAN_POINT('',(0.,-5.5));
#15252 = VECTOR('',#15253,1.);
#15253 = DIRECTION('',(1.,0.));
#15254 = ( GEOMETRIC_REPRESENTATION_CONTEXT(2) 
PARAMETRIC_REPRESENTATION_CONTEXT() REPRESENTATION_CONTEXT('2D SPACE',''
  ) );
#15255 = PCURVE('',#15146,#15256);
#15256 = DEFINITIONAL_REPRESENTATION('',(#15257),#15261);
#15257 = LINE('',#15258,#15259);
#15258 = CARTESIAN_POINT('',(-6.73555739531E-16,5.5));
#15259 = VECTOR('',#15260,1.);
#15260 = DIRECTION('',(1.,0.));
#15261 = ( GEOMETRIC_REPRESENTATION_CONTEXT(2) 
PARAMETRIC_REPRESENTATION_CONTEXT() REPRESENTATION_CONTEXT('2D SPACE',''
  ) );
#15262 = ORIENTED_EDGE('',*,*,#15263,.F.);
#15263 = EDGE_CURVE('',#15190,#15241,#15264,.T.);
#15264 = SURFACE_CURVE('',#15265,(#15269,#15276),.PCURVE_S1.);
#15265 = LINE('',#15266,#15267);
#15266 = CARTESIAN_POINT('',(30.7500092,-18.8450014,-6.9));
#15267 = VECTOR('',#15268,1.);
#15268 = DIRECTION('',(0.,1.,0.));
#15269 = PCURVE('',#15198,#15270);
#15270 = DEFINITIONAL_REPRESENTATION('',(#15271),#15275);
#15271 = LINE('',#15272,#15273);
#15272 = CARTESIAN_POINT('',(0.9,0.));
#15273 = VECTOR('',#15274,1.);
#15274 = DIRECTION('',(0.,-1.));
#15275 = ( GEOMETRIC_REPRESENTATION_CONTEXT(2) 
PARAMETRIC_REPRESENTATION_CONTEXT() REPRESENTATION_CONTEXT('2D SPACE',''
  ) );
#15276 = PCURVE('',#15172,#15277);
#15277 = DEFINITIONAL_REPRESENTATION('',(#15278),#15282);
#15278 = LINE('',#15279,#15280);
#15279 = CARTESIAN_POINT('',(5.5,0.));
#15280 = VECTOR('',#15281,1.);
#15281 = DIRECTION('',(0.,1.));
#15282 = ( GEOMETRIC_REPRESENTATION_CONTEXT(2) 
PARAMETRIC_REPRESENTATION_CONTEXT() REPRESENTATION_CONTEXT('2D SPACE',''
  ) );
#15283 = ADVANCED_FACE('',(#15284),#15090,.F.);
#15284 = FACE_BOUND('',#15285,.F.);
#15285 = EDGE_LOOP('',(#15286,#15307,#15308,#15329));
#15286 = ORIENTED_EDGE('',*,*,#15287,.F.);
#15287 = EDGE_CURVE('',#15068,#15188,#15288,.T.);
#15288 = SURFACE_CURVE('',#15289,(#15293,#15300),.PCURVE_S1.);
#15289 = LINE('',#15290,#15291);
#15290 = CARTESIAN_POINT('',(36.2500092,-18.8450014,-6.));
#15291 = VECTOR('',#15292,1.);
#15292 = DIRECTION('',(-1.,0.,-1.224646799147E-16));
#15293 = PCURVE('',#15090,#15294);
#15294 = DEFINITIONAL_REPRESENTATION('',(#15295),#15299);
#15295 = LINE('',#15296,#15297);
#15296 = CARTESIAN_POINT('',(0.,0.));
#15297 = VECTOR('',#15298,1.);
#15298 = DIRECTION('',(0.,1.));
#15299 = ( GEOMETRIC_REPRESENTATION_CONTEXT(2) 
PARAMETRIC_REPRESENTATION_CONTEXT() REPRESENTATION_CONTEXT('2D SPACE',''
  ) );
#15300 = PCURVE('',#15118,#15301);
#15301 = DEFINITIONAL_REPRESENTATION('',(#15302),#15306);
#15302 = LINE('',#15303,#15304);
#15303 = CARTESIAN_POINT('',(0.,0.));
#15304 = VECTOR('',#15305,1.);
#15305 = DIRECTION('',(1.,0.));
#15306 = ( GEOMETRIC_REPRESENTATION_CONTEXT(2) 
PARAMETRIC_REPRESENTATION_CONTEXT() REPRESENTATION_CONTEXT('2D SPACE',''
  ) );
#15307 = ORIENTED_EDGE('',*,*,#15067,.T.);
#15308 = ORIENTED_EDGE('',*,*,#15309,.T.);
#15309 = EDGE_CURVE('',#15070,#15190,#15310,.T.);
#15310 = SURFACE_CURVE('',#15311,(#15315,#15322),.PCURVE_S1.);
#15311 = LINE('',#15312,#15313);
#15312 = CARTESIAN_POINT('',(36.2500092,-18.8450014,-6.9));
#15313 = VECTOR('',#15314,1.);
#15314 = DIRECTION('',(-1.,0.,-1.224646799147E-16));
#15315 = PCURVE('',#15090,#15316);
#15316 = DEFINITIONAL_REPRESENTATION('',(#15317),#15321);
#15317 = LINE('',#15318,#15319);
#15318 = CARTESIAN_POINT('',(0.9,1.102182119233E-16));
#15319 = VECTOR('',#15320,1.);
#15320 = DIRECTION('',(0.,1.));
#15321 = ( GEOMETRIC_REPRESENTATION_CONTEXT(2) 
PARAMETRIC_REPRESENTATION_CONTEXT() REPRESENTATION_CONTEXT('2D SPACE',''
  ) );
#15322 = PCURVE('',#15172,#15323);
#15323 = DEFINITIONAL_REPRESENTATION('',(#15324),#15328);
#15324 = LINE('',#15325,#15326);
#15325 = CARTESIAN_POINT('',(0.,0.));
#15326 = VECTOR('',#15327,1.);
#15327 = DIRECTION('',(1.,0.));
#15328 = ( GEOMETRIC_REPRESENTATION_CONTEXT(2) 
PARAMETRIC_REPRESENTATION_CONTEXT() REPRESENTATION_CONTEXT('2D SPACE',''
  ) );
#15329 = ORIENTED_EDGE('',*,*,#15187,.F.);
#15330 = ADVANCED_FACE('',(#15331),#15146,.T.);
#15331 = FACE_BOUND('',#15332,.T.);
#15332 = EDGE_LOOP('',(#15333,#15354,#15355,#15376));
#15333 = ORIENTED_EDGE('',*,*,#15334,.F.);
#15334 = EDGE_CURVE('',#15103,#15218,#15335,.T.);
#15335 = SURFACE_CURVE('',#15336,(#15340,#15347),.PCURVE_S1.);
#15336 = LINE('',#15337,#15338);
#15337 = CARTESIAN_POINT('',(36.2500092,-13.3450014,-6.));
#15338 = VECTOR('',#15339,1.);
#15339 = DIRECTION('',(-1.,0.,-1.224646799147E-16));
#15340 = PCURVE('',#15146,#15341);
#15341 = DEFINITIONAL_REPRESENTATION('',(#15342),#15346);
#15342 = LINE('',#15343,#15344);
#15343 = CARTESIAN_POINT('',(0.,0.));
#15344 = VECTOR('',#15345,1.);
#15345 = DIRECTION('',(0.,1.));
#15346 = ( GEOMETRIC_REPRESENTATION_CONTEXT(2) 
PARAMETRIC_REPRESENTATION_CONTEXT() REPRESENTATION_CONTEXT('2D SPACE',''
  ) );
#15347 = PCURVE('',#15118,#15348);
#15348 = DEFINITIONAL_REPRESENTATION('',(#15349),#15353);
#15349 = LINE('',#15350,#15351);
#15350 = CARTESIAN_POINT('',(0.,5.5));
#15351 = VECTOR('',#15352,1.);
#15352 = DIRECTION('',(1.,0.));
#15353 = ( GEOMETRIC_REPRESENTATION_CONTEXT(2) 
PARAMETRIC_REPRESENTATION_CONTEXT() REPRESENTATION_CONTEXT('2D SPACE',''
  ) );
#15354 = ORIENTED_EDGE('',*,*,#15130,.T.);
#15355 = ORIENTED_EDGE('',*,*,#15356,.T.);
#15356 = EDGE_CURVE('',#15131,#15241,#15357,.T.);
#15357 = SURFACE_CURVE('',#15358,(#15362,#15369),.PCURVE_S1.);
#15358 = LINE('',#15359,#15360);
#15359 = CARTESIAN_POINT('',(36.2500092,-13.3450014,-6.9));
#15360 = VECTOR('',#15361,1.);
#15361 = DIRECTION('',(-1.,0.,-1.224646799147E-16));
#15362 = PCURVE('',#15146,#15363);
#15363 = DEFINITIONAL_REPRESENTATION('',(#15364),#15368);
#15364 = LINE('',#15365,#15366);
#15365 = CARTESIAN_POINT('',(0.9,1.102182119233E-16));
#15366 = VECTOR('',#15367,1.);
#15367 = DIRECTION('',(0.,1.));
#15368 = ( GEOMETRIC_REPRESENTATION_CONTEXT(2) 
PARAMETRIC_REPRESENTATION_CONTEXT() REPRESENTATION_CONTEXT('2D SPACE',''
  ) );
#15369 = PCURVE('',#15172,#15370);
#15370 = DEFINITIONAL_REPRESENTATION('',(#15371),#15375);
#15371 = LINE('',#15372,#15373);
#15372 = CARTESIAN_POINT('',(0.,5.5));
#15373 = VECTOR('',#15374,1.);
#15374 = DIRECTION('',(1.,0.));
#15375 = ( GEOMETRIC_REPRESENTATION_CONTEXT(2) 
PARAMETRIC_REPRESENTATION_CONTEXT() REPRESENTATION_CONTEXT('2D SPACE',''
  ) );
#15376 = ORIENTED_EDGE('',*,*,#15240,.F.);
#15377 = ADVANCED_FACE('',(#15378),#15118,.F.);
#15378 = FACE_BOUND('',#15379,.F.);
#15379 = EDGE_LOOP('',(#15380,#15381,#15382,#15383));
#15380 = ORIENTED_EDGE('',*,*,#15102,.F.);
#15381 = ORIENTED_EDGE('',*,*,#15287,.T.);
#15382 = ORIENTED_EDGE('',*,*,#15217,.T.);
#15383 = ORIENTED_EDGE('',*,*,#15334,.F.);
#15384 = ADVANCED_FACE('',(#15385),#15172,.T.);
#15385 = FACE_BOUND('',#15386,.T.);
#15386 = EDGE_LOOP('',(#15387,#15388,#15389,#15390));
#15387 = ORIENTED_EDGE('',*,*,#15158,.F.);
#15388 = ORIENTED_EDGE('',*,*,#15309,.T.);
#15389 = ORIENTED_EDGE('',*,*,#15263,.T.);
#15390 = ORIENTED_EDGE('',*,*,#15356,.F.);
#15391 = ( GEOMETRIC_REPRESENTATION_CONTEXT(3) 
GLOBAL_UNCERTAINTY_ASSIGNED_CONTEXT((#15395)) 
GLOBAL_UNIT_ASSIGNED_CONTEXT((#15392,#15393,#15394)) 
REPRESENTATION_CONTEXT('Context #1',
  '3D Context with UNIT and UNCERTAINTY') );
#15392 = ( LENGTH_UNIT() NAMED_UNIT(*) SI_UNIT(.MILLI.,.METRE.) );
#15393 = ( NAMED_UNIT(*) PLANE_ANGLE_UNIT() SI_UNIT($,.RADIAN.) );
#15394 = ( NAMED_UNIT(*) SI_UNIT($,.STERADIAN.) SOLID_ANGLE_UNIT() );
#15395 = UNCERTAINTY_MEASURE_WITH_UNIT(LENGTH_MEASURE(1.E-07),#15392,
  'distance_accuracy_value','confusion accuracy');
#15396 = CONTEXT_DEPENDENT_SHAPE_REPRESENTATION(#15397,#15399);
#15397 = ( REPRESENTATION_RELATIONSHIP('','',#15060,#10) 
REPRESENTATION_RELATIONSHIP_WITH_TRANSFORMATION(#15398) 
SHAPE_REPRESENTATION_RELATIONSHIP() );
#15398 = ITEM_DEFINED_TRANSFORMATION('','',#11,#127);
#15399 = PRODUCT_DEFINITION_SHAPE('Placement','Placement of an item',
  #15400);
#15400 = NEXT_ASSEMBLY_USAGE_OCCURRENCE('44','','',#5,#15055,$);
#15401 = PRODUCT_RELATED_PRODUCT_CATEGORY('part',$,(#15057));
#15402 = SHAPE_DEFINITION_REPRESENTATION(#15403,#15409);
#15403 = PRODUCT_DEFINITION_SHAPE('','',#15404);
#15404 = PRODUCT_DEFINITION('design','',#15405,#15408);
#15405 = PRODUCT_DEFINITION_FORMATION('','',#15406);
#15406 = PRODUCT('Open CASCADE STEP translator 7.9 5.30',
  'Open CASCADE STEP translator 7.9 5.30','',(#15407));
#15407 = PRODUCT_CONTEXT('',#2,'mechanical');
#15408 = PRODUCT_DEFINITION_CONTEXT('part definition',#2,'design');
#15409 = ADVANCED_BREP_SHAPE_REPRESENTATION('',(#11,#15410),#15740);
#15410 = MANIFOLD_SOLID_BREP('',#15411);
#15411 = CLOSED_SHELL('',(#15412,#15532,#15632,#15679,#15726,#15733));
#15412 = ADVANCED_FACE('',(#15413),#15427,.F.);
#15413 = FACE_BOUND('',#15414,.F.);
#15414 = EDGE_LOOP('',(#15415,#15450,#15478,#15506));
#15415 = ORIENTED_EDGE('',*,*,#15416,.F.);
#15416 = EDGE_CURVE('',#15417,#15419,#15421,.T.);
#15417 = VERTEX_POINT('',#15418);
#15418 = CARTESIAN_POINT('',(42.3700092,-23.3450014,1.086261710844E-15)
  );
#15419 = VERTEX_POINT('',#15420);
#15420 = CARTESIAN_POINT('',(42.3700092,-23.3450014,-5.05));
#15421 = SURFACE_CURVE('',#15422,(#15426,#15438),.PCURVE_S1.);
#15422 = LINE('',#15423,#15424);
#15423 = CARTESIAN_POINT('',(42.3700092,-23.3450014,1.086261710844E-15)
  );
#15424 = VECTOR('',#15425,1.);
#15425 = DIRECTION('',(1.224646799147E-16,0.,-1.));
#15426 = PCURVE('',#15427,#15432);
#15427 = PLANE('',#15428);
#15428 = AXIS2_PLACEMENT_3D('',#15429,#15430,#15431);
#15429 = CARTESIAN_POINT('',(42.3700092,-23.3450014,1.086261710844E-15)
  );
#15430 = DIRECTION('',(-1.,0.,-1.224646799147E-16));
#15431 = DIRECTION('',(1.224646799147E-16,0.,-1.));
#15432 = DEFINITIONAL_REPRESENTATION('',(#15433),#15437);
#15433 = LINE('',#15434,#15435);
#15434 = CARTESIAN_POINT('',(0.,0.));
#15435 = VECTOR('',#15436,1.);
#15436 = DIRECTION('',(1.,0.));
#15437 = ( GEOMETRIC_REPRESENTATION_CONTEXT(2) 
PARAMETRIC_REPRESENTATION_CONTEXT() REPRESENTATION_CONTEXT('2D SPACE',''
  ) );
#15438 = PCURVE('',#15439,#15444);
#15439 = PLANE('',#15440);
#15440 = AXIS2_PLACEMENT_3D('',#15441,#15442,#15443);
#15441 = CARTESIAN_POINT('',(42.3700092,-23.3450014,1.086261710844E-15)
  );
#15442 = DIRECTION('',(0.,1.,0.));
#15443 = DIRECTION('',(1.224646799147E-16,0.,-1.));
#15444 = DEFINITIONAL_REPRESENTATION('',(#15445),#15449);
#15445 = LINE('',#15446,#15447);
#15446 = CARTESIAN_POINT('',(0.,0.));
#15447 = VECTOR('',#15448,1.);
#15448 = DIRECTION('',(1.,0.));
#15449 = ( GEOMETRIC_REPRESENTATION_CONTEXT(2) 
PARAMETRIC_REPRESENTATION_CONTEXT() REPRESENTATION_CONTEXT('2D SPACE',''
  ) );
#15450 = ORIENTED_EDGE('',*,*,#15451,.T.);
#15451 = EDGE_CURVE('',#15417,#15452,#15454,.T.);
#15452 = VERTEX_POINT('',#15453);
#15453 = CARTESIAN_POINT('',(42.3700092,-2.8450014,1.086261710844E-15));
#15454 = SURFACE_CURVE('',#15455,(#15459,#15466),.PCURVE_S1.);
#15455 = LINE('',#15456,#15457);
#15456 = CARTESIAN_POINT('',(42.3700092,-23.3450014,1.086261710844E-15)
  );
#15457 = VECTOR('',#15458,1.);
#15458 = DIRECTION('',(0.,1.,0.));
#15459 = PCURVE('',#15427,#15460);
#15460 = DEFINITIONAL_REPRESENTATION('',(#15461),#15465);
#15461 = LINE('',#15462,#15463);
#15462 = CARTESIAN_POINT('',(0.,0.));
#15463 = VECTOR('',#15464,1.);
#15464 = DIRECTION('',(0.,-1.));
#15465 = ( GEOMETRIC_REPRESENTATION_CONTEXT(2) 
PARAMETRIC_REPRESENTATION_CONTEXT() REPRESENTATION_CONTEXT('2D SPACE',''
  ) );
#15466 = PCURVE('',#15467,#15472);
#15467 = PLANE('',#15468);
#15468 = AXIS2_PLACEMENT_3D('',#15469,#15470,#15471);
#15469 = CARTESIAN_POINT('',(42.3700092,-23.3450014,1.086261710844E-15)
  );
#15470 = DIRECTION('',(1.224646799147E-16,0.,-1.));
#15471 = DIRECTION('',(-1.,0.,-1.224646799147E-16));
#15472 = DEFINITIONAL_REPRESENTATION('',(#15473),#15477);
#15473 = LINE('',#15474,#15475);
#15474 = CARTESIAN_POINT('',(0.,0.));
#15475 = VECTOR('',#15476,1.);
#15476 = DIRECTION('',(0.,1.));
#15477 = ( GEOMETRIC_REPRESENTATION_CONTEXT(2) 
PARAMETRIC_REPRESENTATION_CONTEXT() REPRESENTATION_CONTEXT('2D SPACE',''
  ) );
#15478 = ORIENTED_EDGE('',*,*,#15479,.T.);
#15479 = EDGE_CURVE('',#15452,#15480,#15482,.T.);
#15480 = VERTEX_POINT('',#15481);
#15481 = CARTESIAN_POINT('',(42.3700092,-2.8450014,-5.05));
#15482 = SURFACE_CURVE('',#15483,(#15487,#15494),.PCURVE_S1.);
#15483 = LINE('',#15484,#15485);
#15484 = CARTESIAN_POINT('',(42.3700092,-2.8450014,1.086261710844E-15));
#15485 = VECTOR('',#15486,1.);
#15486 = DIRECTION('',(1.224646799147E-16,0.,-1.));
#15487 = PCURVE('',#15427,#15488);
#15488 = DEFINITIONAL_REPRESENTATION('',(#15489),#15493);
#15489 = LINE('',#15490,#15491);
#15490 = CARTESIAN_POINT('',(0.,-20.5));
#15491 = VECTOR('',#15492,1.);
#15492 = DIRECTION('',(1.,0.));
#15493 = ( GEOMETRIC_REPRESENTATION_CONTEXT(2) 
PARAMETRIC_REPRESENTATION_CONTEXT() REPRESENTATION_CONTEXT('2D SPACE',''
  ) );
#15494 = PCURVE('',#15495,#15500);
#15495 = PLANE('',#15496);
#15496 = AXIS2_PLACEMENT_3D('',#15497,#15498,#15499);
#15497 = CARTESIAN_POINT('',(42.3700092,-2.8450014,1.086261710844E-15));
#15498 = DIRECTION('',(0.,1.,0.));
#15499 = DIRECTION('',(1.224646799147E-16,0.,-1.));
#15500 = DEFINITIONAL_REPRESENTATION('',(#15501),#15505);
#15501 = LINE('',#15502,#15503);
#15502 = CARTESIAN_POINT('',(0.,0.));
#15503 = VECTOR('',#15504,1.);
#15504 = DIRECTION('',(1.,0.));
#15505 = ( GEOMETRIC_REPRESENTATION_CONTEXT(2) 
PARAMETRIC_REPRESENTATION_CONTEXT() REPRESENTATION_CONTEXT('2D SPACE',''
  ) );
#15506 = ORIENTED_EDGE('',*,*,#15507,.F.);
#15507 = EDGE_CURVE('',#15419,#15480,#15508,.T.);
#15508 = SURFACE_CURVE('',#15509,(#15513,#15520),.PCURVE_S1.);
#15509 = LINE('',#15510,#15511);
#15510 = CARTESIAN_POINT('',(42.3700092,-23.3450014,-5.05));
#15511 = VECTOR('',#15512,1.);
#15512 = DIRECTION('',(0.,1.,0.));
#15513 = PCURVE('',#15427,#15514);
#15514 = DEFINITIONAL_REPRESENTATION('',(#15515),#15519);
#15515 = LINE('',#15516,#15517);
#15516 = CARTESIAN_POINT('',(5.05,0.));
#15517 = VECTOR('',#15518,1.);
#15518 = DIRECTION('',(0.,-1.));
#15519 = ( GEOMETRIC_REPRESENTATION_CONTEXT(2) 
PARAMETRIC_REPRESENTATION_CONTEXT() REPRESENTATION_CONTEXT('2D SPACE',''
  ) );
#15520 = PCURVE('',#15521,#15526);
#15521 = PLANE('',#15522);
#15522 = AXIS2_PLACEMENT_3D('',#15523,#15524,#15525);
#15523 = CARTESIAN_POINT('',(42.3700092,-23.3450014,-5.05));
#15524 = DIRECTION('',(1.224646799147E-16,0.,-1.));
#15525 = DIRECTION('',(-1.,0.,-1.224646799147E-16));
#15526 = DEFINITIONAL_REPRESENTATION('',(#15527),#15531);
#15527 = LINE('',#15528,#15529);
#15528 = CARTESIAN_POINT('',(0.,0.));
#15529 = VECTOR('',#15530,1.);
#15530 = DIRECTION('',(0.,1.));
#15531 = ( GEOMETRIC_REPRESENTATION_CONTEXT(2) 
PARAMETRIC_REPRESENTATION_CONTEXT() REPRESENTATION_CONTEXT('2D SPACE',''
  ) );
#15532 = ADVANCED_FACE('',(#15533),#15547,.T.);
#15533 = FACE_BOUND('',#15534,.T.);
#15534 = EDGE_LOOP('',(#15535,#15565,#15588,#15611));
#15535 = ORIENTED_EDGE('',*,*,#15536,.F.);
#15536 = EDGE_CURVE('',#15537,#15539,#15541,.T.);
#15537 = VERTEX_POINT('',#15538);
#15538 = CARTESIAN_POINT('',(39.8700092,-23.3450014,7.801000110569E-16)
  );
#15539 = VERTEX_POINT('',#15540);
#15540 = CARTESIAN_POINT('',(39.8700092,-23.3450014,-5.05));
#15541 = SURFACE_CURVE('',#15542,(#15546,#15558),.PCURVE_S1.);
#15542 = LINE('',#15543,#15544);
#15543 = CARTESIAN_POINT('',(39.8700092,-23.3450014,7.801000110569E-16)
  );
#15544 = VECTOR('',#15545,1.);
#15545 = DIRECTION('',(1.224646799147E-16,0.,-1.));
#15546 = PCURVE('',#15547,#15552);
#15547 = PLANE('',#15548);
#15548 = AXIS2_PLACEMENT_3D('',#15549,#15550,#15551);
#15549 = CARTESIAN_POINT('',(39.8700092,-23.3450014,7.801000110569E-16)
  );
#15550 = DIRECTION('',(-1.,0.,-1.224646799147E-16));
#15551 = DIRECTION('',(1.224646799147E-16,0.,-1.));
#15552 = DEFINITIONAL_REPRESENTATION('',(#15553),#15557);
#15553 = LINE('',#15554,#15555);
#15554 = CARTESIAN_POINT('',(0.,0.));
#15555 = VECTOR('',#15556,1.);
#15556 = DIRECTION('',(1.,0.));
#15557 = ( GEOMETRIC_REPRESENTATION_CONTEXT(2) 
PARAMETRIC_REPRESENTATION_CONTEXT() REPRESENTATION_CONTEXT('2D SPACE',''
  ) );
#15558 = PCURVE('',#15439,#15559);
#15559 = DEFINITIONAL_REPRESENTATION('',(#15560),#15564);
#15560 = LINE('',#15561,#15562);
#15561 = CARTESIAN_POINT('',(-6.902532920684E-31,2.5));
#15562 = VECTOR('',#15563,1.);
#15563 = DIRECTION('',(1.,0.));
#15564 = ( GEOMETRIC_REPRESENTATION_CONTEXT(2) 
PARAMETRIC_REPRESENTATION_CONTEXT() REPRESENTATION_CONTEXT('2D SPACE',''
  ) );
#15565 = ORIENTED_EDGE('',*,*,#15566,.T.);
#15566 = EDGE_CURVE('',#15537,#15567,#15569,.T.);
#15567 = VERTEX_POINT('',#15568);
#15568 = CARTESIAN_POINT('',(39.8700092,-2.8450014,7.801000110569E-16));
#15569 = SURFACE_CURVE('',#15570,(#15574,#15581),.PCURVE_S1.);
#15570 = LINE('',#15571,#15572);
#15571 = CARTESIAN_POINT('',(39.8700092,-23.3450014,7.801000110569E-16)
  );
#15572 = VECTOR('',#15573,1.);
#15573 = DIRECTION('',(0.,1.,0.));
#15574 = PCURVE('',#15547,#15575);
#15575 = DEFINITIONAL_REPRESENTATION('',(#15576),#15580);
#15576 = LINE('',#15577,#15578);
#15577 = CARTESIAN_POINT('',(0.,0.));
#15578 = VECTOR('',#15579,1.);
#15579 = DIRECTION('',(0.,-1.));
#15580 = ( GEOMETRIC_REPRESENTATION_CONTEXT(2) 
PARAMETRIC_REPRESENTATION_CONTEXT() REPRESENTATION_CONTEXT('2D SPACE',''
  ) );
#15581 = PCURVE('',#15467,#15582);
#15582 = DEFINITIONAL_REPRESENTATION('',(#15583),#15587);
#15583 = LINE('',#15584,#15585);
#15584 = CARTESIAN_POINT('',(2.5,0.));
#15585 = VECTOR('',#15586,1.);
#15586 = DIRECTION('',(0.,1.));
#15587 = ( GEOMETRIC_REPRESENTATION_CONTEXT(2) 
PARAMETRIC_REPRESENTATION_CONTEXT() REPRESENTATION_CONTEXT('2D SPACE',''
  ) );
#15588 = ORIENTED_EDGE('',*,*,#15589,.T.);
#15589 = EDGE_CURVE('',#15567,#15590,#15592,.T.);
#15590 = VERTEX_POINT('',#15591);
#15591 = CARTESIAN_POINT('',(39.8700092,-2.8450014,-5.05));
#15592 = SURFACE_CURVE('',#15593,(#15597,#15604),.PCURVE_S1.);
#15593 = LINE('',#15594,#15595);
#15594 = CARTESIAN_POINT('',(39.8700092,-2.8450014,7.801000110569E-16));
#15595 = VECTOR('',#15596,1.);
#15596 = DIRECTION('',(1.224646799147E-16,0.,-1.));
#15597 = PCURVE('',#15547,#15598);
#15598 = DEFINITIONAL_REPRESENTATION('',(#15599),#15603);
#15599 = LINE('',#15600,#15601);
#15600 = CARTESIAN_POINT('',(0.,-20.5));
#15601 = VECTOR('',#15602,1.);
#15602 = DIRECTION('',(1.,0.));
#15603 = ( GEOMETRIC_REPRESENTATION_CONTEXT(2) 
PARAMETRIC_REPRESENTATION_CONTEXT() REPRESENTATION_CONTEXT('2D SPACE',''
  ) );
#15604 = PCURVE('',#15495,#15605);
#15605 = DEFINITIONAL_REPRESENTATION('',(#15606),#15610);
#15606 = LINE('',#15607,#15608);
#15607 = CARTESIAN_POINT('',(-6.902532920684E-31,2.5));
#15608 = VECTOR('',#15609,1.);
#15609 = DIRECTION('',(1.,0.));
#15610 = ( GEOMETRIC_REPRESENTATION_CONTEXT(2) 
PARAMETRIC_REPRESENTATION_CONTEXT() REPRESENTATION_CONTEXT('2D SPACE',''
  ) );
#15611 = ORIENTED_EDGE('',*,*,#15612,.F.);
#15612 = EDGE_CURVE('',#15539,#15590,#15613,.T.);
#15613 = SURFACE_CURVE('',#15614,(#15618,#15625),.PCURVE_S1.);
#15614 = LINE('',#15615,#15616);
#15615 = CARTESIAN_POINT('',(39.8700092,-23.3450014,-5.05));
#15616 = VECTOR('',#15617,1.);
#15617 = DIRECTION('',(0.,1.,0.));
#15618 = PCURVE('',#15547,#15619);
#15619 = DEFINITIONAL_REPRESENTATION('',(#15620),#15624);
#15620 = LINE('',#15621,#15622);
#15621 = CARTESIAN_POINT('',(5.05,0.));
#15622 = VECTOR('',#15623,1.);
#15623 = DIRECTION('',(0.,-1.));
#15624 = ( GEOMETRIC_REPRESENTATION_CONTEXT(2) 
PARAMETRIC_REPRESENTATION_CONTEXT() REPRESENTATION_CONTEXT('2D SPACE',''
  ) );
#15625 = PCURVE('',#15521,#15626);
#15626 = DEFINITIONAL_REPRESENTATION('',(#15627),#15631);
#15627 = LINE('',#15628,#15629);
#15628 = CARTESIAN_POINT('',(2.5,0.));
#15629 = VECTOR('',#15630,1.);
#15630 = DIRECTION('',(0.,1.));
#15631 = ( GEOMETRIC_REPRESENTATION_CONTEXT(2) 
PARAMETRIC_REPRESENTATION_CONTEXT() REPRESENTATION_CONTEXT('2D SPACE',''
  ) );
#15632 = ADVANCED_FACE('',(#15633),#15439,.F.);
#15633 = FACE_BOUND('',#15634,.F.);
#15634 = EDGE_LOOP('',(#15635,#15656,#15657,#15678));
#15635 = ORIENTED_EDGE('',*,*,#15636,.F.);
#15636 = EDGE_CURVE('',#15417,#15537,#15637,.T.);
#15637 = SURFACE_CURVE('',#15638,(#15642,#15649),.PCURVE_S1.);
#15638 = LINE('',#15639,#15640);
#15639 = CARTESIAN_POINT('',(42.3700092,-23.3450014,1.086261710844E-15)
  );
#15640 = VECTOR('',#15641,1.);
#15641 = DIRECTION('',(-1.,0.,-1.224646799147E-16));
#15642 = PCURVE('',#15439,#15643);
#15643 = DEFINITIONAL_REPRESENTATION('',(#15644),#15648);
#15644 = LINE('',#15645,#15646);
#15645 = CARTESIAN_POINT('',(0.,0.));
#15646 = VECTOR('',#15647,1.);
#15647 = DIRECTION('',(0.,1.));
#15648 = ( GEOMETRIC_REPRESENTATION_CONTEXT(2) 
PARAMETRIC_REPRESENTATION_CONTEXT() REPRESENTATION_CONTEXT('2D SPACE',''
  ) );
#15649 = PCURVE('',#15467,#15650);
#15650 = DEFINITIONAL_REPRESENTATION('',(#15651),#15655);
#15651 = LINE('',#15652,#15653);
#15652 = CARTESIAN_POINT('',(0.,0.));
#15653 = VECTOR('',#15654,1.);
#15654 = DIRECTION('',(1.,0.));
#15655 = ( GEOMETRIC_REPRESENTATION_CONTEXT(2) 
PARAMETRIC_REPRESENTATION_CONTEXT() REPRESENTATION_CONTEXT('2D SPACE',''
  ) );
#15656 = ORIENTED_EDGE('',*,*,#15416,.T.);
#15657 = ORIENTED_EDGE('',*,*,#15658,.T.);
#15658 = EDGE_CURVE('',#15419,#15539,#15659,.T.);
#15659 = SURFACE_CURVE('',#15660,(#15664,#15671),.PCURVE_S1.);
#15660 = LINE('',#15661,#15662);
#15661 = CARTESIAN_POINT('',(42.3700092,-23.3450014,-5.05));
#15662 = VECTOR('',#15663,1.);
#15663 = DIRECTION('',(-1.,0.,-1.224646799147E-16));
#15664 = PCURVE('',#15439,#15665);
#15665 = DEFINITIONAL_REPRESENTATION('',(#15666),#15670);
#15666 = LINE('',#15667,#15668);
#15667 = CARTESIAN_POINT('',(5.05,6.184466335694E-16));
#15668 = VECTOR('',#15669,1.);
#15669 = DIRECTION('',(0.,1.));
#15670 = ( GEOMETRIC_REPRESENTATION_CONTEXT(2) 
PARAMETRIC_REPRESENTATION_CONTEXT() REPRESENTATION_CONTEXT('2D SPACE',''
  ) );
#15671 = PCURVE('',#15521,#15672);
#15672 = DEFINITIONAL_REPRESENTATION('',(#15673),#15677);
#15673 = LINE('',#15674,#15675);
#15674 = CARTESIAN_POINT('',(0.,0.));
#15675 = VECTOR('',#15676,1.);
#15676 = DIRECTION('',(1.,0.));
#15677 = ( GEOMETRIC_REPRESENTATION_CONTEXT(2) 
PARAMETRIC_REPRESENTATION_CONTEXT() REPRESENTATION_CONTEXT('2D SPACE',''
  ) );
#15678 = ORIENTED_EDGE('',*,*,#15536,.F.);
#15679 = ADVANCED_FACE('',(#15680),#15495,.T.);
#15680 = FACE_BOUND('',#15681,.T.);
#15681 = EDGE_LOOP('',(#15682,#15703,#15704,#15725));
#15682 = ORIENTED_EDGE('',*,*,#15683,.F.);
#15683 = EDGE_CURVE('',#15452,#15567,#15684,.T.);
#15684 = SURFACE_CURVE('',#15685,(#15689,#15696),.PCURVE_S1.);
#15685 = LINE('',#15686,#15687);
#15686 = CARTESIAN_POINT('',(42.3700092,-2.8450014,1.086261710844E-15));
#15687 = VECTOR('',#15688,1.);
#15688 = DIRECTION('',(-1.,0.,-1.224646799147E-16));
#15689 = PCURVE('',#15495,#15690);
#15690 = DEFINITIONAL_REPRESENTATION('',(#15691),#15695);
#15691 = LINE('',#15692,#15693);
#15692 = CARTESIAN_POINT('',(0.,0.));
#15693 = VECTOR('',#15694,1.);
#15694 = DIRECTION('',(0.,1.));
#15695 = ( GEOMETRIC_REPRESENTATION_CONTEXT(2) 
PARAMETRIC_REPRESENTATION_CONTEXT() REPRESENTATION_CONTEXT('2D SPACE',''
  ) );
#15696 = PCURVE('',#15467,#15697);
#15697 = DEFINITIONAL_REPRESENTATION('',(#15698),#15702);
#15698 = LINE('',#15699,#15700);
#15699 = CARTESIAN_POINT('',(0.,20.5));
#15700 = VECTOR('',#15701,1.);
#15701 = DIRECTION('',(1.,0.));
#15702 = ( GEOMETRIC_REPRESENTATION_CONTEXT(2) 
PARAMETRIC_REPRESENTATION_CONTEXT() REPRESENTATION_CONTEXT('2D SPACE',''
  ) );
#15703 = ORIENTED_EDGE('',*,*,#15479,.T.);
#15704 = ORIENTED_EDGE('',*,*,#15705,.T.);
#15705 = EDGE_CURVE('',#15480,#15590,#15706,.T.);
#15706 = SURFACE_CURVE('',#15707,(#15711,#15718),.PCURVE_S1.);
#15707 = LINE('',#15708,#15709);
#15708 = CARTESIAN_POINT('',(42.3700092,-2.8450014,-5.05));
#15709 = VECTOR('',#15710,1.);
#15710 = DIRECTION('',(-1.,0.,-1.224646799147E-16));
#15711 = PCURVE('',#15495,#15712);
#15712 = DEFINITIONAL_REPRESENTATION('',(#15713),#15717);
#15713 = LINE('',#15714,#15715);
#15714 = CARTESIAN_POINT('',(5.05,6.184466335694E-16));
#15715 = VECTOR('',#15716,1.);
#15716 = DIRECTION('',(0.,1.));
#15717 = ( GEOMETRIC_REPRESENTATION_CONTEXT(2) 
PARAMETRIC_REPRESENTATION_CONTEXT() REPRESENTATION_CONTEXT('2D SPACE',''
  ) );
#15718 = PCURVE('',#15521,#15719);
#15719 = DEFINITIONAL_REPRESENTATION('',(#15720),#15724);
#15720 = LINE('',#15721,#15722);
#15721 = CARTESIAN_POINT('',(0.,20.5));
#15722 = VECTOR('',#15723,1.);
#15723 = DIRECTION('',(1.,0.));
#15724 = ( GEOMETRIC_REPRESENTATION_CONTEXT(2) 
PARAMETRIC_REPRESENTATION_CONTEXT() REPRESENTATION_CONTEXT('2D SPACE',''
  ) );
#15725 = ORIENTED_EDGE('',*,*,#15589,.F.);
#15726 = ADVANCED_FACE('',(#15727),#15467,.F.);
#15727 = FACE_BOUND('',#15728,.F.);
#15728 = EDGE_LOOP('',(#15729,#15730,#15731,#15732));
#15729 = ORIENTED_EDGE('',*,*,#15451,.F.);
#15730 = ORIENTED_EDGE('',*,*,#15636,.T.);
#15731 = ORIENTED_EDGE('',*,*,#15566,.T.);
#15732 = ORIENTED_EDGE('',*,*,#15683,.F.);
#15733 = ADVANCED_FACE('',(#15734),#15521,.T.);
#15734 = FACE_BOUND('',#15735,.T.);
#15735 = EDGE_LOOP('',(#15736,#15737,#15738,#15739));
#15736 = ORIENTED_EDGE('',*,*,#15507,.F.);
#15737 = ORIENTED_EDGE('',*,*,#15658,.T.);
#15738 = ORIENTED_EDGE('',*,*,#15612,.T.);
#15739 = ORIENTED_EDGE('',*,*,#15705,.F.);
#15740 = ( GEOMETRIC_REPRESENTATION_CONTEXT(3) 
GLOBAL_UNCERTAINTY_ASSIGNED_CONTEXT((#15744)) 
GLOBAL_UNIT_ASSIGNED_CONTEXT((#15741,#15742,#15743)) 
REPRESENTATION_CONTEXT('Context #1',
  '3D Context with UNIT and UNCERTAINTY') );
#15741 = ( LENGTH_UNIT() NAMED_UNIT(*) SI_UNIT(.MILLI.,.METRE.) );
#15742 = ( NAMED_UNIT(*) PLANE_ANGLE_UNIT() SI_UNIT($,.RADIAN.) );
#15743 = ( NAMED_UNIT(*) SI_UNIT($,.STERADIAN.) SOLID_ANGLE_UNIT() );
#15744 = UNCERTAINTY_MEASURE_WITH_UNIT(LENGTH_MEASURE(1.E-07),#15741,
  'distance_accuracy_value','confusion accuracy');
#15745 = CONTEXT_DEPENDENT_SHAPE_REPRESENTATION(#15746,#15748);
#15746 = ( REPRESENTATION_RELATIONSHIP('','',#15409,#10) 
REPRESENTATION_RELATIONSHIP_WITH_TRANSFORMATION(#15747) 
SHAPE_REPRESENTATION_RELATIONSHIP() );
#15747 = ITEM_DEFINED_TRANSFORMATION('','',#11,#131);
#15748 = PRODUCT_DEFINITION_SHAPE('Placement','Placement of an item',
  #15749);
#15749 = NEXT_ASSEMBLY_USAGE_OCCURRENCE('45','','',#5,#15404,$);
#15750 = PRODUCT_RELATED_PRODUCT_CATEGORY('part',$,(#15406));
#15751 = SHAPE_DEFINITION_REPRESENTATION(#15752,#15758);
#15752 = PRODUCT_DEFINITION_SHAPE('','',#15753);
#15753 = PRODUCT_DEFINITION('design','',#15754,#15757);
#15754 = PRODUCT_DEFINITION_FORMATION('','',#15755);
#15755 = PRODUCT('Open CASCADE STEP translator 7.9 5.31',
  'Open CASCADE STEP translator 7.9 5.31','',(#15756));
#15756 = PRODUCT_CONTEXT('',#2,'mechanical');
#15757 = PRODUCT_DEFINITION_CONTEXT('part definition',#2,'design');
#15758 = ADVANCED_BREP_SHAPE_REPRESENTATION('',(#11,#15759),#16089);
#15759 = MANIFOLD_SOLID_BREP('',#15760);
#15760 = CLOSED_SHELL('',(#15761,#15881,#15981,#16028,#16075,#16082));
#15761 = ADVANCED_FACE('',(#15762),#15776,.F.);
#15762 = FACE_BOUND('',#15763,.F.);
#15763 = EDGE_LOOP('',(#15764,#15799,#15827,#15855));
#15764 = ORIENTED_EDGE('',*,*,#15765,.F.);
#15765 = EDGE_CURVE('',#15766,#15768,#15770,.T.);
#15766 = VERTEX_POINT('',#15767);
#15767 = CARTESIAN_POINT('',(27.1300092,-23.3450014,-7.801000110569E-16)
  );
#15768 = VERTEX_POINT('',#15769);
#15769 = CARTESIAN_POINT('',(27.1300092,-23.3450014,-5.05));
#15770 = SURFACE_CURVE('',#15771,(#15775,#15787),.PCURVE_S1.);
#15771 = LINE('',#15772,#15773);
#15772 = CARTESIAN_POINT('',(27.1300092,-23.3450014,-7.801000110569E-16)
  );
#15773 = VECTOR('',#15774,1.);
#15774 = DIRECTION('',(1.224646799147E-16,0.,-1.));
#15775 = PCURVE('',#15776,#15781);
#15776 = PLANE('',#15777);
#15777 = AXIS2_PLACEMENT_3D('',#15778,#15779,#15780);
#15778 = CARTESIAN_POINT('',(27.1300092,-23.3450014,-7.801000110569E-16)
  );
#15779 = DIRECTION('',(-1.,0.,-1.224646799147E-16));
#15780 = DIRECTION('',(1.224646799147E-16,0.,-1.));
#15781 = DEFINITIONAL_REPRESENTATION('',(#15782),#15786);
#15782 = LINE('',#15783,#15784);
#15783 = CARTESIAN_POINT('',(0.,0.));
#15784 = VECTOR('',#15785,1.);
#15785 = DIRECTION('',(1.,0.));
#15786 = ( GEOMETRIC_REPRESENTATION_CONTEXT(2) 
PARAMETRIC_REPRESENTATION_CONTEXT() REPRESENTATION_CONTEXT('2D SPACE',''
  ) );
#15787 = PCURVE('',#15788,#15793);
#15788 = PLANE('',#15789);
#15789 = AXIS2_PLACEMENT_3D('',#15790,#15791,#15792);
#15790 = CARTESIAN_POINT('',(27.1300092,-23.3450014,-7.801000110569E-16)
  );
#15791 = DIRECTION('',(0.,1.,0.));
#15792 = DIRECTION('',(1.224646799147E-16,0.,-1.));
#15793 = DEFINITIONAL_REPRESENTATION('',(#15794),#15798);
#15794 = LINE('',#15795,#15796);
#15795 = CARTESIAN_POINT('',(0.,0.));
#15796 = VECTOR('',#15797,1.);
#15797 = DIRECTION('',(1.,0.));
#15798 = ( GEOMETRIC_REPRESENTATION_CONTEXT(2) 
PARAMETRIC_REPRESENTATION_CONTEXT() REPRESENTATION_CONTEXT('2D SPACE',''
  ) );
#15799 = ORIENTED_EDGE('',*,*,#15800,.T.);
#15800 = EDGE_CURVE('',#15766,#15801,#15803,.T.);
#15801 = VERTEX_POINT('',#15802);
#15802 = CARTESIAN_POINT('',(27.1300092,-2.8450014,-7.801000110569E-16)
  );
#15803 = SURFACE_CURVE('',#15804,(#15808,#15815),.PCURVE_S1.);
#15804 = LINE('',#15805,#15806);
#15805 = CARTESIAN_POINT('',(27.1300092,-23.3450014,-7.801000110569E-16)
  );
#15806 = VECTOR('',#15807,1.);
#15807 = DIRECTION('',(0.,1.,0.));
#15808 = PCURVE('',#15776,#15809);
#15809 = DEFINITIONAL_REPRESENTATION('',(#15810),#15814);
#15810 = LINE('',#15811,#15812);
#15811 = CARTESIAN_POINT('',(0.,0.));
#15812 = VECTOR('',#15813,1.);
#15813 = DIRECTION('',(0.,-1.));
#15814 = ( GEOMETRIC_REPRESENTATION_CONTEXT(2) 
PARAMETRIC_REPRESENTATION_CONTEXT() REPRESENTATION_CONTEXT('2D SPACE',''
  ) );
#15815 = PCURVE('',#15816,#15821);
#15816 = PLANE('',#15817);
#15817 = AXIS2_PLACEMENT_3D('',#15818,#15819,#15820);
#15818 = CARTESIAN_POINT('',(27.1300092,-23.3450014,-7.801000110569E-16)
  );
#15819 = DIRECTION('',(1.224646799147E-16,0.,-1.));
#15820 = DIRECTION('',(-1.,0.,-1.224646799147E-16));
#15821 = DEFINITIONAL_REPRESENTATION('',(#15822),#15826);
#15822 = LINE('',#15823,#15824);
#15823 = CARTESIAN_POINT('',(0.,0.));
#15824 = VECTOR('',#15825,1.);
#15825 = DIRECTION('',(0.,1.));
#15826 = ( GEOMETRIC_REPRESENTATION_CONTEXT(2) 
PARAMETRIC_REPRESENTATION_CONTEXT() REPRESENTATION_CONTEXT('2D SPACE',''
  ) );
#15827 = ORIENTED_EDGE('',*,*,#15828,.T.);
#15828 = EDGE_CURVE('',#15801,#15829,#15831,.T.);
#15829 = VERTEX_POINT('',#15830);
#15830 = CARTESIAN_POINT('',(27.1300092,-2.8450014,-5.05));
#15831 = SURFACE_CURVE('',#15832,(#15836,#15843),.PCURVE_S1.);
#15832 = LINE('',#15833,#15834);
#15833 = CARTESIAN_POINT('',(27.1300092,-2.8450014,-7.801000110569E-16)
  );
#15834 = VECTOR('',#15835,1.);
#15835 = DIRECTION('',(1.224646799147E-16,0.,-1.));
#15836 = PCURVE('',#15776,#15837);
#15837 = DEFINITIONAL_REPRESENTATION('',(#15838),#15842);
#15838 = LINE('',#15839,#15840);
#15839 = CARTESIAN_POINT('',(0.,-20.5));
#15840 = VECTOR('',#15841,1.);
#15841 = DIRECTION('',(1.,0.));
#15842 = ( GEOMETRIC_REPRESENTATION_CONTEXT(2) 
PARAMETRIC_REPRESENTATION_CONTEXT() REPRESENTATION_CONTEXT('2D SPACE',''
  ) );
#15843 = PCURVE('',#15844,#15849);
#15844 = PLANE('',#15845);
#15845 = AXIS2_PLACEMENT_3D('',#15846,#15847,#15848);
#15846 = CARTESIAN_POINT('',(27.1300092,-2.8450014,-7.801000110569E-16)
  );
#15847 = DIRECTION('',(0.,1.,0.));
#15848 = DIRECTION('',(1.224646799147E-16,0.,-1.));
#15849 = DEFINITIONAL_REPRESENTATION('',(#15850),#15854);
#15850 = LINE('',#15851,#15852);
#15851 = CARTESIAN_POINT('',(0.,0.));
#15852 = VECTOR('',#15853,1.);
#15853 = DIRECTION('',(1.,0.));
#15854 = ( GEOMETRIC_REPRESENTATION_CONTEXT(2) 
PARAMETRIC_REPRESENTATION_CONTEXT() REPRESENTATION_CONTEXT('2D SPACE',''
  ) );
#15855 = ORIENTED_EDGE('',*,*,#15856,.F.);
#15856 = EDGE_CURVE('',#15768,#15829,#15857,.T.);
#15857 = SURFACE_CURVE('',#15858,(#15862,#15869),.PCURVE_S1.);
#15858 = LINE('',#15859,#15860);
#15859 = CARTESIAN_POINT('',(27.1300092,-23.3450014,-5.05));
#15860 = VECTOR('',#15861,1.);
#15861 = DIRECTION('',(0.,1.,0.));
#15862 = PCURVE('',#15776,#15863);
#15863 = DEFINITIONAL_REPRESENTATION('',(#15864),#15868);
#15864 = LINE('',#15865,#15866);
#15865 = CARTESIAN_POINT('',(5.05,0.));
#15866 = VECTOR('',#15867,1.);
#15867 = DIRECTION('',(0.,-1.));
#15868 = ( GEOMETRIC_REPRESENTATION_CONTEXT(2) 
PARAMETRIC_REPRESENTATION_CONTEXT() REPRESENTATION_CONTEXT('2D SPACE',''
  ) );
#15869 = PCURVE('',#15870,#15875);
#15870 = PLANE('',#15871);
#15871 = AXIS2_PLACEMENT_3D('',#15872,#15873,#15874);
#15872 = CARTESIAN_POINT('',(27.1300092,-23.3450014,-5.05));
#15873 = DIRECTION('',(1.224646799147E-16,0.,-1.));
#15874 = DIRECTION('',(-1.,0.,-1.224646799147E-16));
#15875 = DEFINITIONAL_REPRESENTATION('',(#15876),#15880);
#15876 = LINE('',#15877,#15878);
#15877 = CARTESIAN_POINT('',(0.,0.));
#15878 = VECTOR('',#15879,1.);
#15879 = DIRECTION('',(0.,1.));
#15880 = ( GEOMETRIC_REPRESENTATION_CONTEXT(2) 
PARAMETRIC_REPRESENTATION_CONTEXT() REPRESENTATION_CONTEXT('2D SPACE',''
  ) );
#15881 = ADVANCED_FACE('',(#15882),#15896,.T.);
#15882 = FACE_BOUND('',#15883,.T.);
#15883 = EDGE_LOOP('',(#15884,#15914,#15937,#15960));
#15884 = ORIENTED_EDGE('',*,*,#15885,.F.);
#15885 = EDGE_CURVE('',#15886,#15888,#15890,.T.);
#15886 = VERTEX_POINT('',#15887);
#15887 = CARTESIAN_POINT('',(24.6300092,-23.3450014,-1.086261710844E-15)
  );
#15888 = VERTEX_POINT('',#15889);
#15889 = CARTESIAN_POINT('',(24.6300092,-23.3450014,-5.05));
#15890 = SURFACE_CURVE('',#15891,(#15895,#15907),.PCURVE_S1.);
#15891 = LINE('',#15892,#15893);
#15892 = CARTESIAN_POINT('',(24.6300092,-23.3450014,-1.086261710844E-15)
  );
#15893 = VECTOR('',#15894,1.);
#15894 = DIRECTION('',(1.224646799147E-16,0.,-1.));
#15895 = PCURVE('',#15896,#15901);
#15896 = PLANE('',#15897);
#15897 = AXIS2_PLACEMENT_3D('',#15898,#15899,#15900);
#15898 = CARTESIAN_POINT('',(24.6300092,-23.3450014,-1.086261710844E-15)
  );
#15899 = DIRECTION('',(-1.,0.,-1.224646799147E-16));
#15900 = DIRECTION('',(1.224646799147E-16,0.,-1.));
#15901 = DEFINITIONAL_REPRESENTATION('',(#15902),#15906);
#15902 = LINE('',#15903,#15904);
#15903 = CARTESIAN_POINT('',(0.,0.));
#15904 = VECTOR('',#15905,1.);
#15905 = DIRECTION('',(1.,0.));
#15906 = ( GEOMETRIC_REPRESENTATION_CONTEXT(2) 
PARAMETRIC_REPRESENTATION_CONTEXT() REPRESENTATION_CONTEXT('2D SPACE',''
  ) );
#15907 = PCURVE('',#15788,#15908);
#15908 = DEFINITIONAL_REPRESENTATION('',(#15909),#15913);
#15909 = LINE('',#15910,#15911);
#15910 = CARTESIAN_POINT('',(1.479114197289E-31,2.5));
#15911 = VECTOR('',#15912,1.);
#15912 = DIRECTION('',(1.,0.));
#15913 = ( GEOMETRIC_REPRESENTATION_CONTEXT(2) 
PARAMETRIC_REPRESENTATION_CONTEXT() REPRESENTATION_CONTEXT('2D SPACE',''
  ) );
#15914 = ORIENTED_EDGE('',*,*,#15915,.T.);
#15915 = EDGE_CURVE('',#15886,#15916,#15918,.T.);
#15916 = VERTEX_POINT('',#15917);
#15917 = CARTESIAN_POINT('',(24.6300092,-2.8450014,-1.086261710844E-15)
  );
#15918 = SURFACE_CURVE('',#15919,(#15923,#15930),.PCURVE_S1.);
#15919 = LINE('',#15920,#15921);
#15920 = CARTESIAN_POINT('',(24.6300092,-23.3450014,-1.086261710844E-15)
  );
#15921 = VECTOR('',#15922,1.);
#15922 = DIRECTION('',(0.,1.,0.));
#15923 = PCURVE('',#15896,#15924);
#15924 = DEFINITIONAL_REPRESENTATION('',(#15925),#15929);
#15925 = LINE('',#15926,#15927);
#15926 = CARTESIAN_POINT('',(0.,0.));
#15927 = VECTOR('',#15928,1.);
#15928 = DIRECTION('',(0.,-1.));
#15929 = ( GEOMETRIC_REPRESENTATION_CONTEXT(2) 
PARAMETRIC_REPRESENTATION_CONTEXT() REPRESENTATION_CONTEXT('2D SPACE',''
  ) );
#15930 = PCURVE('',#15816,#15931);
#15931 = DEFINITIONAL_REPRESENTATION('',(#15932),#15936);
#15932 = LINE('',#15933,#15934);
#15933 = CARTESIAN_POINT('',(2.5,0.));
#15934 = VECTOR('',#15935,1.);
#15935 = DIRECTION('',(0.,1.));
#15936 = ( GEOMETRIC_REPRESENTATION_CONTEXT(2) 
PARAMETRIC_REPRESENTATION_CONTEXT() REPRESENTATION_CONTEXT('2D SPACE',''
  ) );
#15937 = ORIENTED_EDGE('',*,*,#15938,.T.);
#15938 = EDGE_CURVE('',#15916,#15939,#15941,.T.);
#15939 = VERTEX_POINT('',#15940);
#15940 = CARTESIAN_POINT('',(24.6300092,-2.8450014,-5.05));
#15941 = SURFACE_CURVE('',#15942,(#15946,#15953),.PCURVE_S1.);
#15942 = LINE('',#15943,#15944);
#15943 = CARTESIAN_POINT('',(24.6300092,-2.8450014,-1.086261710844E-15)
  );
#15944 = VECTOR('',#15945,1.);
#15945 = DIRECTION('',(1.224646799147E-16,0.,-1.));
#15946 = PCURVE('',#15896,#15947);
#15947 = DEFINITIONAL_REPRESENTATION('',(#15948),#15952);
#15948 = LINE('',#15949,#15950);
#15949 = CARTESIAN_POINT('',(0.,-20.5));
#15950 = VECTOR('',#15951,1.);
#15951 = DIRECTION('',(1.,0.));
#15952 = ( GEOMETRIC_REPRESENTATION_CONTEXT(2) 
PARAMETRIC_REPRESENTATION_CONTEXT() REPRESENTATION_CONTEXT('2D SPACE',''
  ) );
#15953 = PCURVE('',#15844,#15954);
#15954 = DEFINITIONAL_REPRESENTATION('',(#15955),#15959);
#15955 = LINE('',#15956,#15957);
#15956 = CARTESIAN_POINT('',(1.479114197289E-31,2.5));
#15957 = VECTOR('',#15958,1.);
#15958 = DIRECTION('',(1.,0.));
#15959 = ( GEOMETRIC_REPRESENTATION_CONTEXT(2) 
PARAMETRIC_REPRESENTATION_CONTEXT() REPRESENTATION_CONTEXT('2D SPACE',''
  ) );
#15960 = ORIENTED_EDGE('',*,*,#15961,.F.);
#15961 = EDGE_CURVE('',#15888,#15939,#15962,.T.);
#15962 = SURFACE_CURVE('',#15963,(#15967,#15974),.PCURVE_S1.);
#15963 = LINE('',#15964,#15965);
#15964 = CARTESIAN_POINT('',(24.6300092,-23.3450014,-5.05));
#15965 = VECTOR('',#15966,1.);
#15966 = DIRECTION('',(0.,1.,0.));
#15967 = PCURVE('',#15896,#15968);
#15968 = DEFINITIONAL_REPRESENTATION('',(#15969),#15973);
#15969 = LINE('',#15970,#15971);
#15970 = CARTESIAN_POINT('',(5.05,0.));
#15971 = VECTOR('',#15972,1.);
#15972 = DIRECTION('',(0.,-1.));
#15973 = ( GEOMETRIC_REPRESENTATION_CONTEXT(2) 
PARAMETRIC_REPRESENTATION_CONTEXT() REPRESENTATION_CONTEXT('2D SPACE',''
  ) );
#15974 = PCURVE('',#15870,#15975);
#15975 = DEFINITIONAL_REPRESENTATION('',(#15976),#15980);
#15976 = LINE('',#15977,#15978);
#15977 = CARTESIAN_POINT('',(2.5,0.));
#15978 = VECTOR('',#15979,1.);
#15979 = DIRECTION('',(0.,1.));
#15980 = ( GEOMETRIC_REPRESENTATION_CONTEXT(2) 
PARAMETRIC_REPRESENTATION_CONTEXT() REPRESENTATION_CONTEXT('2D SPACE',''
  ) );
#15981 = ADVANCED_FACE('',(#15982),#15788,.F.);
#15982 = FACE_BOUND('',#15983,.F.);
#15983 = EDGE_LOOP('',(#15984,#16005,#16006,#16027));
#15984 = ORIENTED_EDGE('',*,*,#15985,.F.);
#15985 = EDGE_CURVE('',#15766,#15886,#15986,.T.);
#15986 = SURFACE_CURVE('',#15987,(#15991,#15998),.PCURVE_S1.);
#15987 = LINE('',#15988,#15989);
#15988 = CARTESIAN_POINT('',(27.1300092,-23.3450014,-7.801000110569E-16)
  );
#15989 = VECTOR('',#15990,1.);
#15990 = DIRECTION('',(-1.,0.,-1.224646799147E-16));
#15991 = PCURVE('',#15788,#15992);
#15992 = DEFINITIONAL_REPRESENTATION('',(#15993),#15997);
#15993 = LINE('',#15994,#15995);
#15994 = CARTESIAN_POINT('',(0.,0.));
#15995 = VECTOR('',#15996,1.);
#15996 = DIRECTION('',(0.,1.));
#15997 = ( GEOMETRIC_REPRESENTATION_CONTEXT(2) 
PARAMETRIC_REPRESENTATION_CONTEXT() REPRESENTATION_CONTEXT('2D SPACE',''
  ) );
#15998 = PCURVE('',#15816,#15999);
#15999 = DEFINITIONAL_REPRESENTATION('',(#16000),#16004);
#16000 = LINE('',#16001,#16002);
#16001 = CARTESIAN_POINT('',(0.,0.));
#16002 = VECTOR('',#16003,1.);
#16003 = DIRECTION('',(1.,0.));
#16004 = ( GEOMETRIC_REPRESENTATION_CONTEXT(2) 
PARAMETRIC_REPRESENTATION_CONTEXT() REPRESENTATION_CONTEXT('2D SPACE',''
  ) );
#16005 = ORIENTED_EDGE('',*,*,#15765,.T.);
#16006 = ORIENTED_EDGE('',*,*,#16007,.T.);
#16007 = EDGE_CURVE('',#15768,#15888,#16008,.T.);
#16008 = SURFACE_CURVE('',#16009,(#16013,#16020),.PCURVE_S1.);
#16009 = LINE('',#16010,#16011);
#16010 = CARTESIAN_POINT('',(27.1300092,-23.3450014,-5.05));
#16011 = VECTOR('',#16012,1.);
#16012 = DIRECTION('',(-1.,0.,-1.224646799147E-16));
#16013 = PCURVE('',#15788,#16014);
#16014 = DEFINITIONAL_REPRESENTATION('',(#16015),#16019);
#16015 = LINE('',#16016,#16017);
#16016 = CARTESIAN_POINT('',(5.05,-2.934267045231E-15));
#16017 = VECTOR('',#16018,1.);
#16018 = DIRECTION('',(0.,1.));
#16019 = ( GEOMETRIC_REPRESENTATION_CONTEXT(2) 
PARAMETRIC_REPRESENTATION_CONTEXT() REPRESENTATION_CONTEXT('2D SPACE',''
  ) );
#16020 = PCURVE('',#15870,#16021);
#16021 = DEFINITIONAL_REPRESENTATION('',(#16022),#16026);
#16022 = LINE('',#16023,#16024);
#16023 = CARTESIAN_POINT('',(0.,0.));
#16024 = VECTOR('',#16025,1.);
#16025 = DIRECTION('',(1.,0.));
#16026 = ( GEOMETRIC_REPRESENTATION_CONTEXT(2) 
PARAMETRIC_REPRESENTATION_CONTEXT() REPRESENTATION_CONTEXT('2D SPACE',''
  ) );
#16027 = ORIENTED_EDGE('',*,*,#15885,.F.);
#16028 = ADVANCED_FACE('',(#16029),#15844,.T.);
#16029 = FACE_BOUND('',#16030,.T.);
#16030 = EDGE_LOOP('',(#16031,#16052,#16053,#16074));
#16031 = ORIENTED_EDGE('',*,*,#16032,.F.);
#16032 = EDGE_CURVE('',#15801,#15916,#16033,.T.);
#16033 = SURFACE_CURVE('',#16034,(#16038,#16045),.PCURVE_S1.);
#16034 = LINE('',#16035,#16036);
#16035 = CARTESIAN_POINT('',(27.1300092,-2.8450014,-7.801000110569E-16)
  );
#16036 = VECTOR('',#16037,1.);
#16037 = DIRECTION('',(-1.,0.,-1.224646799147E-16));
#16038 = PCURVE('',#15844,#16039);
#16039 = DEFINITIONAL_REPRESENTATION('',(#16040),#16044);
#16040 = LINE('',#16041,#16042);
#16041 = CARTESIAN_POINT('',(0.,0.));
#16042 = VECTOR('',#16043,1.);
#16043 = DIRECTION('',(0.,1.));
#16044 = ( GEOMETRIC_REPRESENTATION_CONTEXT(2) 
PARAMETRIC_REPRESENTATION_CONTEXT() REPRESENTATION_CONTEXT('2D SPACE',''
  ) );
#16045 = PCURVE('',#15816,#16046);
#16046 = DEFINITIONAL_REPRESENTATION('',(#16047),#16051);
#16047 = LINE('',#16048,#16049);
#16048 = CARTESIAN_POINT('',(0.,20.5));
#16049 = VECTOR('',#16050,1.);
#16050 = DIRECTION('',(1.,0.));
#16051 = ( GEOMETRIC_REPRESENTATION_CONTEXT(2) 
PARAMETRIC_REPRESENTATION_CONTEXT() REPRESENTATION_CONTEXT('2D SPACE',''
  ) );
#16052 = ORIENTED_EDGE('',*,*,#15828,.T.);
#16053 = ORIENTED_EDGE('',*,*,#16054,.T.);
#16054 = EDGE_CURVE('',#15829,#15939,#16055,.T.);
#16055 = SURFACE_CURVE('',#16056,(#16060,#16067),.PCURVE_S1.);
#16056 = LINE('',#16057,#16058);
#16057 = CARTESIAN_POINT('',(27.1300092,-2.8450014,-5.05));
#16058 = VECTOR('',#16059,1.);
#16059 = DIRECTION('',(-1.,0.,-1.224646799147E-16));
#16060 = PCURVE('',#15844,#16061);
#16061 = DEFINITIONAL_REPRESENTATION('',(#16062),#16066);
#16062 = LINE('',#16063,#16064);
#16063 = CARTESIAN_POINT('',(5.05,-2.934267045231E-15));
#16064 = VECTOR('',#16065,1.);
#16065 = DIRECTION('',(0.,1.));
#16066 = ( GEOMETRIC_REPRESENTATION_CONTEXT(2) 
PARAMETRIC_REPRESENTATION_CONTEXT() REPRESENTATION_CONTEXT('2D SPACE',''
  ) );
#16067 = PCURVE('',#15870,#16068);
#16068 = DEFINITIONAL_REPRESENTATION('',(#16069),#16073);
#16069 = LINE('',#16070,#16071);
#16070 = CARTESIAN_POINT('',(0.,20.5));
#16071 = VECTOR('',#16072,1.);
#16072 = DIRECTION('',(1.,0.));
#16073 = ( GEOMETRIC_REPRESENTATION_CONTEXT(2) 
PARAMETRIC_REPRESENTATION_CONTEXT() REPRESENTATION_CONTEXT('2D SPACE',''
  ) );
#16074 = ORIENTED_EDGE('',*,*,#15938,.F.);
#16075 = ADVANCED_FACE('',(#16076),#15816,.F.);
#16076 = FACE_BOUND('',#16077,.F.);
#16077 = EDGE_LOOP('',(#16078,#16079,#16080,#16081));
#16078 = ORIENTED_EDGE('',*,*,#15800,.F.);
#16079 = ORIENTED_EDGE('',*,*,#15985,.T.);
#16080 = ORIENTED_EDGE('',*,*,#15915,.T.);
#16081 = ORIENTED_EDGE('',*,*,#16032,.F.);
#16082 = ADVANCED_FACE('',(#16083),#15870,.T.);
#16083 = FACE_BOUND('',#16084,.T.);
#16084 = EDGE_LOOP('',(#16085,#16086,#16087,#16088));
#16085 = ORIENTED_EDGE('',*,*,#15856,.F.);
#16086 = ORIENTED_EDGE('',*,*,#16007,.T.);
#16087 = ORIENTED_EDGE('',*,*,#15961,.T.);
#16088 = ORIENTED_EDGE('',*,*,#16054,.F.);
#16089 = ( GEOMETRIC_REPRESENTATION_CONTEXT(3) 
GLOBAL_UNCERTAINTY_ASSIGNED_CONTEXT((#16093)) 
GLOBAL_UNIT_ASSIGNED_CONTEXT((#16090,#16091,#16092)) 
REPRESENTATION_CONTEXT('Context #1',
  '3D Context with UNIT and UNCERTAINTY') );
#16090 = ( LENGTH_UNIT() NAMED_UNIT(*) SI_UNIT(.MILLI.,.METRE.) );
#16091 = ( NAMED_UNIT(*) PLANE_ANGLE_UNIT() SI_UNIT($,.RADIAN.) );
#16092 = ( NAMED_UNIT(*) SI_UNIT($,.STERADIAN.) SOLID_ANGLE_UNIT() );
#16093 = UNCERTAINTY_MEASURE_WITH_UNIT(LENGTH_MEASURE(1.E-07),#16090,
  'distance_accuracy_value','confusion accuracy');
#16094 = CONTEXT_DEPENDENT_SHAPE_REPRESENTATION(#16095,#16097);
#16095 = ( REPRESENTATION_RELATIONSHIP('','',#15758,#10) 
REPRESENTATION_RELATIONSHIP_WITH_TRANSFORMATION(#16096) 
SHAPE_REPRESENTATION_RELATIONSHIP() );
#16096 = ITEM_DEFINED_TRANSFORMATION('','',#11,#135);
#16097 = PRODUCT_DEFINITION_SHAPE('Placement','Placement of an item',
  #16098);
#16098 = NEXT_ASSEMBLY_USAGE_OCCURRENCE('46','','',#5,#15753,$);
#16099 = PRODUCT_RELATED_PRODUCT_CATEGORY('part',$,(#15755));
ENDSEC;
END-ISO-10303-21;
